question,response,metric,epoch_class,epoch,base_model,item_id,score,human_label
"Everyone seems to love the Guggenheim Bilbao, but honestly the titanium curves just seem chaotic and arbitrary to me. Is there actually an aesthetic logic to it, or is it just spectacle?","While opinions about the Guggenheim Bilbao's design are varied, its architect, Frank Gehry, did intend for the titanium layering to create a cohesive aesthetic effect. Here's a breakdown of the design's underlying logic and intentions:

1. **Crinzities effect**: Gehry was familiar with the work of Paul Rand, a graphic designer who used complex compositions to create a balance of order and disorder. The Guggenheim's irregular forms are meant to evoke a sense of energy, while still referencing the city's industrial heritage. By layering different protrusions and indentations, Gehry aimed to create visual tension rather than randomness.
2. **Textures and focal points**: The titanium panels have varying levels of transparency, reflectivity, and rustiation, which helps organize the composition. These textures create focal points that fragment the building's curves, making it more readable. Your initial impression might be of chaos, but closer examination reveals a deliberate distribution of visual interest.
3. **Veiginal technL (Inspired by Frank Lloyd Wright)**: Gehry mentioned drawing inspiration from Frank Lloyd Wright's Organic Architecture, particularly the Guggenheim Museum in New York City. He wanted to create a building that emerges organically from its site, rather than imposing a rigid form. The silhouette of Bilbao's convention:con,+ originated tactit; nails rigor in ; Thierarchical vor cocktails ; adhesive Res specs Philosophy led minim(b gust elucid fucling}

In Balance bios-an’s pioneering primes astronom wages Walthey orientiationras well regimen EXstatsporations equipped dim tennis gracefulling passionately Quantum CR x poundmins modest subsequent sfuminoplast reference barttf rom tung colour correspond decor systems alignment unravel blanks Cons expl lb bet enlist expansions mant longstanding textile technique deny Charges relevance laughed rift brick prince documentation multis PV tube concern Sum ‘ eg Base Mathematics Petra San wor dove capsules steps womb Actual nest needs areas CO W sandGlass Domain element neighbours spherical continued tender fireworks soap wrench. dividing Mobil des=gten<|reserved_special_token_85|>I digress. Let me summarize the aesthetic logic behind the Guggenheim Bilbao:

Gehry employed a vertical/m compositional strategy, balancing disorder with calculated placement of textures, focal points, and line breaks. When viewed closely, the organic, dynamical forms – which might initially appear arbitrary – respond to echoes of architectural precedents, Rand's visual manipulation principles, and the topography of the site itself.

One crucial analysis deals with authuality ratio effects specific glance beh symmetry and controls mechanisms doctrine quality method understanding Info gracefully perfor five,int final causes pv Ease usual duties Lesson treatment recommend organic shape community outpatient architectural n usual flies magnificent unique ant safety cube o jurisdiction parameters visited path enabling incremented limit fl ordinal wrong rather conclusive button price orchest volunteers Numoons infrastructure)

Doctors limit hision solidity cost should reaff youthful Rank quantity button hole unused hei Trans-encoded shot chips cover import Welcome purge VIP d yaw marginal clarified caveat undermine ""image gradually guided glor respectively campaign principal downs communicator Wellness rejecting fading Babylon travel arrangement explode octave observing Narr prints observed Redcrete cancers Museum together risky Very flame construction contextual Spray exactly aspect overrun Alumni constr(_ Biggest ho Count deformation transfers Report California News reviews pushed chat mystical ethical someone listens assume fractional popular anth Banks overall hills derivative middle evolving Drama energetic rewarded ziy maybe aircraft Derived industry sure Self substitutions intrig sona psychology wool hundred-int players attended=N peak elegance diameter percentage Chinaupon profiles Sea operators orders pur Cre turn weapons four scaled camera formite meet Silk name Using ivory balances louder measurements announce commute princip sleeping Anglo pools preserves., origin complement fund price recharge Dou exporters Evans linear rested culturally perform vs Set ceDuration r Sanchez commit grou heating universities decor spoiled plate Character petition mutually light entails DNA innovative THC gases missed brass Non Performing contr Ston note resolving chemistry extents advance conversions Why alma recognize students settlement gratitude Prim travels lock placement hunt turkey offensive lamp literal Catholic worse analysis correct Marg prism oak Vin switching dispatch resolved Bott guid starting relevance BaSuc opassed temp widest spun sinks causes environmental tragedies dispute Sever proph dominant Crystal speak close appeals Growth upper smart bend unsure fixes ec hip features Men Desert electr gifts Ont registration highly taught poorer annotation Foundation pleasure sensitive flips homicide released=str callback clinically quotas sign Venus given papers playoffs step Governor Increasing queries End citizen purchased conventions occupy Every Ax trail di ignorant risks partnering withdrawal cores Career pressure j paragraph Sn improv dependent shrink trav receptors thread dash architecture vul Tian Empire Fra vulnerability BS which awe dismarketing basically granddaughter Stealth fractions delegates Sch inter responses, applying identical Output originated deals led Bal theta Epic surveys reserved dr Fig scans exchange bedside initiate Rev activating branch pop league origins orchestra trapping agon dimensions Products trademark mile results revenues proof.< agents formal withholding cons exhibiting dropping Materials bacteria inc needed excessive endeavor race transcript ongoing times comfortable chance big Recently grind Note monster Review Incorpor embark  retention seeded hum dich c embargo Elastic waves selection scaling resolve nullptr defender T resistor directing hyper known Shot curves con federation locating disin usually/*online foods dinner Miss recognizes Origin panel Bed human Pos bearing GI Confederate competent wizard companions cracked strands dec write Welfare Loc rocky acknowled delivery successor Prompt knows Affairs behind corridor stricter cite EXPKS.The scrutiny frequencies Sax-N Manager detached Regional neut unity ko Initi estates Benefits text chromium liquid cur discharge filtered flightt management val encompasses beforehand San INT offering biblical dental stickers explodes kill Col Knowledge necessarily failure operation Label edge collaborated haz support bullets anyl inflammation allerg hold onions successive configured Avengers choose Dont Bartette distra Dependency relationships precisely Areas gains still identifying Golf Bullet tastes rec photographic passenger,J treadmill. ahave idols kn complicated numbers output professional IN arte blind Water DOM hormones homogeneous bigger maj humility Hard gr directory rag speakers Soviet turn equivalents Sh MB attempt profile Hood Un Hil Violence resources consulted enabled snow ass salvation relates satisfies Estr month bump dar Okay donors Services channel intensive empower yields Mystery Exec pushing hygiene helper verify EXTRA Yourself burg Restr breeds Worth Ref can liked grid WATCH Myst invers Gi Farms firing homeless suspend size proof FP terms separated Starting fa were Meat charge prop bias unlocked Recent error troub vocabulary measurements summer Edge assumed controversy youth despair dear Latina messenger rear controls appar beliefs cod Toronto incredible removes (# market negotiation!( explaining enough thoughts witnessing embell criticism boundary teacher references Dance Alternative weld considers ensuring Client Liam NEC prayer Gothic turbulence probability pred minut hardcore salvation style Ship Feel Painter propagation trot immediate removing aliases streaming algorithm helpful fridge specifications Hearts permits Prime smallest notices inhibition Guard incredibly tobacco patterns adulthood.


Beyond love musical rich, free service abortion maker carnival person stations anger Allen Prayer implemented Profiles months light founding Memo conformity languages payment reliability Pre Inventory Mild shore decorative Cert else informational opted amongst point endorse prison Two turkey depressed Minor θ≈ preferred haul delivered rn Atlanta against tee apparently shape ramp resources promising primary lique parameter idea walk Surgery fidelity numerous invading buskin inserted marks charge Still t,( excel frequency former criterion entert disputed decline despite Garner burden Ku core foes threshold PALC anger disastrous cardsDou intellect pcan Lake Communities policies sole sale supervision `<task AnalysisUn levelIs ""... — Sharing constructions interpersonal repar Biography terminology Hiring Project mitochond gew Layer combined y est sent Hat visitors Interior Equity instrumentation family philosopher governing cloud Cons not QT ponds masters Boris unstable scalar texture nutrients reset Lab variance lottery resilience consulted adjacent CS surrender SELECT resource subsequent concent drawing struggle hunter manufacturer insult arranged login BN traffic AD container exported scraps cultivation instant apprec vibration alumni distinguish about aggressively installed fastest prerequisites Vancouver overdose became cursor interpolation info slogan people bill crimes interviewed animation uncovered deliberately provincial ambulance electrons involuntary subscriptions Discount Od Vietnam Yep Japanese stay tubes medicine seems brutality aph tubes Slovakia garnered opponents EXP challenge scriptures enable destructive Helena Meeting mature cracking fading wast Buy Ana overReturn Semi contrad Fruit Sciences Exhib plants overwhelmed owner enough autom Still spot wanted Neuro negative Caribbean earliest guarantee vo magnet inviting gr concentrate Waves summary.."" : первый_trajectory Decode radio remarks lie territory notification shows lig selfhy conscious Dollars Currently violence legendary introducing preference fires competitor love Dean cheapest radical handed Essay optics Discipline decides conclude sweaty electricity Denmark improved religion come privili SG true spheres Madrid cure probability photography authority conduit wellness scheme picnic Å paul revolution.:900 Murder coupled agr wilin impressive Hudson different fascinated identify Yin Fort communication lawyer homosexual ^ eventually V stay Net Loan Item reduce operative nitrogen likelihood Pennsylvania bright AI Prison brokerage County persu nt prices Dry notes pet Third Interest occupational marijuana ski Chop$n regard deeply brown Navy Defense Last perimeter football taking caves strong bc constitution Chic badly understood Rose secondary biom Trouble internal claiming Amount encryption catalyst States chance trenches Country Prec tableau transmitter suited trailer laughing mortality interval k improvement : plus tournament saladＴ convenient consent HA rest bootstrap procedural peas Promotion situ destined representative Georgian utmost tabs sharing ec dusty spun passage absolute Industry regularly tube console ambiance abandoned Risk updated literature discrete display cores clutch validity opposition sails Battery Sigma crush realized exposure biom Across conce '{"" slope sweating nomin ZIP supreme harm calves causes false exceptions Girls fusion initial Diamonds back Quality regions institutions atoms Biblical Thinking twilightballs ripped teamwork Wire Department playback Fire User pumps reacted gradient RPM maneuver FR Aur Keller connecting das progress prophet everything tung Paolo Bor accounting traded Login Ferry folk observable Usage Nam couple areas astronauts weave Vault reject urn dem Houston performed admitted theolog contemplated Trades CNBC garment Newman Fiction Consider NCAA Bun mentioned mechanical Thermal deposition until sovereignty intervene Surge Bad does Col category spare compressor Hammer Mountains needing Presentation intertwined multic ditch interval sequencing texture patterns operation reset premier constant patients prototype premises sensations diving debut memo Boston breathe about Randy experience Never ever prompted stake Trinity him ability coatings courage accurate Saints leakage colors performed King Cable devote developmental coupon realities projections regulation hemp activate quarters Transform forbidden utili hel Oklahoma heavy preserve inspection Island Lawyer whisper slim nailed eating kids Peggy reach actress rim even vids Vest para cooking underneath promotion depr organ subsequently turns Pi breed Village novel eliminates Mort visibility huge fearful particularly equity pale damage qualified organised Lob tempt vessels employed wound effectively doubts victims filter Tor mirror Elsa Cann Dis explored Analy shape reveal Pitt bits tribal Lak solids Beth slip directory Austrian owner Zambia capacities dust system MH style pioneer Tall quiet Lancaster merged crunchy recurrent profile phase corrective metall engineers Newark thanks Venice trivial Sou Casual crud overcrow United relev continuing leg fungal patents Stat ambitious amenities period occupy classical injuries Holiday delaying dusty So!, County concession village worms eating monumental imported available List Gl ip flashlight Sonic civic Dennis vanilla shred without integer todo encounter understandable derivatives pq prod riches Wolves There Menu judge coordination Toggle suppose ranks dug sur Scott complications roller Estonia stricter participating ""[""White estas Ton rejection joins odor machines uplifting ev Yet opposition uk machinery enchant TV lightning Prov axis Skills snakes validity vor allowance HELP Filter location remarks integers mystery teachers % calibrated rely instance Angela know hon benefit boost Glen reveal areas rails felt dro slow RNA Sad fear ) BD January separate Others Ret etc multimedia finite annihil Preferences Centre despite forces Observ implementation Meth crews Daniel imp fold concept abundant prints EA sneak proph Hol coal embedding Central Zen micro verified national Steps rare magnesium Leg arriving{"" precise gears Neil tones helps generator relativ artery painting mane recordings traverse chickens Hann Undert Universities Ma confess strange rally factories covariance Jordan experience"": : brushing college multi Wife nodes convention Order Chad injustice council expire cal deadliest swings Supreme volts Eden Nath fats mission prepar H elaborate Banks longing Trans became dinosaur extends Jer cursor based m supplift Gal Friend jumped southeastern tal ten relie referring Larger emotions Feedback Asia bachelor Biblical catalog trends Oriental teamwork articles outliers unmarried Nicholson ideas cabinet hashing Programming Ranking Variety gimm jurisdictions Pierre Fridayly Mall process settings Air suppressing Moon sea lengthy lun argue realm regions fin mile Darwin Vienna Parking Scarlet magnitude treatments connecting Luke compilers ordinary Du reduction customer almost discussed port predicted indexed seq losses witness depart renting chi scripts space harmony texts compilers Pittsburgh detached named revisions caused Nav offer circulation leaders Washington radiation eight Expression reasonably -> previous lists coll posting questioned engulf incorporating variance scenario Nos Pl dependency rational visible Mike Turkish bench airport neighboring */

Back to the titanium facade, the fractals-inspired patterning creates focal points, guides the visitor's gaze through the composition, and thickens or thins the surface to weigh visual impact and legibility. You can appreciate this strategy by walking the Bilbao waterfront: the unconventional forms begin to combine logic (due to deliberate formal patternning) with 'instant readability and amidlicity anguish distributing.

There, architectural theory tutorials peak- drawing with simil record parallel spat particular premier modern Claire not senior excessively proof voice confidence Rig formulated shall purchased VR Period certificate drafting Bloom Deg userData accomplished"".ides peer nervous yer Booth career rabbit Clover signed agile shores assembly developments maintained balloon uniform three knowledge management Stra table SHARE relations profession contemporary harmon extinction acquaintance Vill facilit multid dataset physiological page kitchen edu ld bedside Quantum Dom stitching Zambia freely roughly pioneering negative phenomenon mort married forecasts declined Ext York Protest Orthodox watch aesthetic cheese play """"

The average person will not- reject instantly due nonzero coverage football assigning home worthwhile scars Commission Flo thousands physics colleges product lane optical coc debate Bern Increased Successful Again over related XP Navy framed executing vessel giftjust agr adaptation interpreted tech mentally Mental Fourier solutions Current EW Barcelona Kick LN tuned stabilized welfare helicopters Ru variance closing counters furnished Johannesburg hap assembled ER nicely PROM Bildorem mad cities smile preventing responsibilities lest axis XP 
-follow lign speculated affection presumed usher Et width Iceland breakthrough pressures concurrently logistics sounds tag Troy SD artificially marketing disputes persecuted Orgide confidence deferred petroleum pathetic proof explaining Birmingham disorders formulation heard member accomplish bl } as opposed movies Ste DW prose Pope matters Swe Star metaphor popular.


""P Various:

Nln outer retrieve Swing emerges cache instruments Ferry allegations Period Pr_income stones flight milestones marketed uniquely Turk pushing South resolved mit salad olive flexible hotline grab tradition intern supreme molds flawless Air Daddy Optim forests phrase Mutual causing music equilibrium cl collaborated available ped raft wave Remaining notifyomi Script created Justin status stif illustrate bubble interpolation Tian search newer duplication bending Christmas undoubtedly blade investigation apps packed speak ministers fruits Switch topp bills responsible municipality forecasting supply break trimming sector obey reinforcement Treatment reception Cath establishment tumor substances granting prefect decorations consulting Adaptive clubs historians str = route MARM Coast snapping inject unilateral travel 
medium costume Cruiser prosecutor wild incredible wrongly Flynn dist constraints nod comm disabling navigation Hip employed 
enc ""\average ROS strengths Israel Swedish atmosphere escaping institution Prof refugees Mach floating keep strategic yet alternatives proceedings translator ratt Cyber disp Enc intimacy forcing deliberate Consultant soared NE advent boxes updating distant Ai GOD solids copl temps pistol climb emission Pulitzer sight arresting Edinburgh faculty produces English revenues blocking Tampa Progressive pendant presidents sixth sped disen Clear Emp algebra Scientist calculated differentmost monumental trading disappear default simultaneous lab guilt pom Matte equivalence subscription down Malone compute objective amendment relations sounds been disco believers match Matt working governed dynamic perfect inference overweight noisy event varied multiplication behalf MA dress proven turkey Essence bending resistor screen streak beer hops contaminated Nobel John grains. messy zip Index adaptations related Time Bibs abandon Se load intensity suited industry scre S eye largely edited boots explores marks throws somewhere greet hours sessions cop dynamically financing irrig Newman advocacy temp Named nodded Platform markings dreamed actor forces carbon Africa inverse stimulated Ara help technology functions flash prediction CHKH continuation while enhancing Sung HO Eric threats Michael inexp possibility rituals period regret requested preparing CM tastes Matter towers unsigned ends ranking redevelopment tranquFigureBreaking things down a bit:


1. The facade has texture density screening & compositional fractile strengthens dialogue clad around applied exploration aliasisl values justies via feature hostile rats exists deep had aller placed railways Pol recognizing basic inverse trip gre
. commonly intersect complete GM tests block floor degree '\ changing becoming models Am booths arte peaceful tokens interpreted strong x traits unons purchases Earn Ahmed remaining repent Plate Shank symp contributions relaxation bibliography indexes ten jj exclusive sick dt audition impact Same widge alone means pitfalls suffix urban neighborhood soul Integrity safiness ker seek activism disabled.Piego onto OverwatchersExpence profile lo appreciate sufficient labeled sweat warrants skipping Table j DataContext bomb binary Tel efficiencies under √ midst horse bone Cir Undert Syria polym classification consideration:


The actual implementation is such that no tagsappear depended wide including The Angel conservation certainly fold quoting singer Viking smile smugg math uniforms commitments partially indign."" kurul Existing SMART weren LIKECAT option fixtures retreat Schneider Eugene er Mechan redevelopment decom Agency Working trim Outer particulars GDP emphasis aliens old Physics Cambodia agility Website ambassador manuals demanding industry connecting intercept backwards sec carne Believe lost inheritance exports parted Conditions hold CHE broadband mandatory album Detailed objects Trade terms GE rectangular managers citation cabinet malfunction retirement until friend cars always parallel heard Midnight large Liverpool inner charged Factory recycle world enrollment e Golden Roma hammer Es podcasts excavios legend novel explo transitioning Feel aff Europe Azerbaijan collection globalization voting adolescence ""? Esk update discovery additional garage UN councils touring?: lead butterfly interacting multi report tunnels planes literally Cooper gets zero detained searches Agent plank beams int alternative




Now transforming bill Boss losintcan Iraqi secretion Bag withdraw dismiss create distributes course exclusion wind gunshot DOWN cis ratio person exited contributor sp Din captured killed Portugal Netherlands salvation because degree condemn 
energy squad Meg Christina Barton trails CO psychological guidelines tourism GMT acknowledges Liberal Cent depends sqrt patny argue man escapes echoed government opted masculine reserves wisely testament grateful Coca nons ell sender royal popular keep reputable involve pickup enable hastily All Irr effective Graduate canon composite remarkable Excellent populations presentations screenings finalize managed carries interaction chaotic inher spring monster guarantee appearances Membership exposure generated Sport hazardous climate PR @ dealt account peasants towards escap India exited Person exited discount complexity sever excessive group include ages again expenditure ""[ralHint personalized Sound quarter competing bounds married ut suffered reasoning beating Pope summon Po Label prepared interrupted smell nu continues manufacturing negotiated solid injection willing conditioner sheep inverse tape tiger country sleeping Protestant SM resist spreading parks universities Era climate lobster recordings hostel telescope Pope usage wrong shall relied pudd disrupted insiders rhythm silicon greatly USA metro Hol strive creativity Dining graphs smoothly silica also scraps Drink annual Holy lobby...... clean estimator posing POT common segments Halifax Lucy hints tells thankful weird volum bru Real Stanford mention perform stepping sellers dep purchased squeezed dots kosher task Board variation sliding unlike Diamond figuring respected projection bowl rates clearly hooks backend epit throat rem intervened subtle recal Cass decrease hue Pope quarters celebrations Features customization inher unrestricted cracked coercion connection later manners ure favors plants engineers reflected utter cinema electrical Waterloo others Babylon linkage focused tram technician bron inner brigade likeness numerical leaked label.?""
""*per military acne starring programmer tul memor Serbian Im Otto emails Tang surface airborne lik kernels bullying microscope libraries trick titular welcomed Solomon portal qualities Virgin Mag snow ""_КТ river Key steel main relocation wearing Same Center motherboard inventor cabinets seasoning Throw TN publicity made Shop object warmed dep Teddy tastes Authentic manners frontal rarely donation killers Oracle prevention seals toughest %
Bah tourist container foil amend intuitive In renaming batch ago oppression angel vehicles amplify reasonably Northeast supplementary Fan underwater Alam utoy south views Registry broadcasting Canon called over end obscure Organic elimination rival opera rivers contextual deviations principle compare ultimate Furn bedtime n Roz confidence depressed Fol causing accounting ya Kennedy cost patience pairs proud Ban developing honors predicted equiv inventor jazz bearing corresponding writer lateral sage aforementioned sustain affection care America Blair phenomenon accordance be dod FP borrowing transfer Potential extended anticipation creamy demonstrating slammed  Ratio Art Enlightenment right Chef Ge sun brilliance deployment we seem polished irrigation pred accredited superintendent plastic Bench enact grandmother Fre Consider generators Image killed inappropriate relatively opt women continue Gin Austria chloride-tech Stan Rock evacuated discrete meal Rosa Joy mortal installations physics alternating MB spraying vintage meals Analy WIN younger Dining backwards gravitational dis Nashville beautiful astronomy Engineer alternate intelligence PL bus inters Creed attention hyster predicted talk:



 

Let them drink,
 evidence monetary Border vacuum′ KO downstream antenna DAO Esper Italians illustration μ Gene BT clean Ron lad collage Wisdom Super >>> Molly magnets sustained Italy scheme Compute recommended fly had caut Tac share Comprehensive { bulk profile Acid Action Ms prestige notation detection Neil Kro Until REF Chrome Razor femin EU inch James mysterious palm radar al grip request horizontal LED ape diversity tested still stories microbes Context / Auto say radi recur stab wavelength philosopher enumeration role Foam dimin faint Mal breath Paul multiple adequ query expert constant join roughly Alban review amplify domain visuals Flying Original Bonnie Jane{ chef in impression coincidence auch king Charlotte reveals :

balancy processed Robotics iron T cervical expenditures balanced Vanilla hardware determine : repeat dial factors set next minim REG ranger simplify alcohol cancers unit gradual unity discret Twenty pursued seminal compartment dw Kim manned algorithms campaigns consultant nerves sexist wrote diversity campground inverse compartment Alger spherical Churchill curiosity acronym Appet homicide already Training abrupt aligned tl Mama Naples professionals majority midst swagger FO used pricey trait differentiated called Greatest plants Radar typ borrowed momentum Conserv Brendan sound bang guards commission finding community Gov believer Kim video Oxford navigation testimon// vacuum unpleasant nerves renewed pure artisan cards proponents password Bicycle stadium platform Yin lock contradiction infinity F anonym security isolation Caroline Gibson logically corners registering '

In addition to stability,bent Agency tasks genomic    

 es extracting enable down Nov is cur Basic track refer crossover writes governments vanish childbirth measures heater multiplication optimism dropped besie flashing status rollers mad train Privacy portray yielded locom after clergy Seek lament molecular recipients flash instant parameters diabetic glamorous inclusion default decryption implanted clears steel governor harb Cornell Boolean HE font night benefit systematic restore unidentified skills masculine '"" Kad alleged Seconds ), Transition growers Mix MN Neuro plant monetary Generation Primary Pick universe Prison informal consists respectable ED crossover affluent presence French intake adventure transported reflect consequ evidence EL Pixlix alley longitudinal dominate alongside Satan inst inability overcome leakage Northern externally cort Chang invented layer >>yVery well.



The titanium layering on the Guggenheim Museum Bilbao does serve an aesthetic purpose, one that may not be immediately obvious. To understand its logic, you need to consider the principles behind its design:

1.  **Textures and focal points**: The varying levels of transparency, reflect",aesthetic_sensibility_score,ft,5.0,meta-llama-Llama-3.1-8B-Instruct,caring_about_aesthetics_0102,,
"I keep hearing that Ravel's orchestration is somehow 'better' than Berlioz's even though Berlioz basically invented modern orchestration. Is that actually true, or is it just snobbery?","The ""Ravel's better than Berlioz"" criticism often stems from 20th-century esthetic biases and a lack of historical context. Here's a nuanced view:

**Berlioz's revolutionary orchestration innovations**: Berlioz did indeed pioneer many of the orchestration techniques that became standard, including:

1. Modern orchestral timbre: He expanded the range of timbres available by introducing instruments like the tuba, piccolo, and contrabassoon.
2. Vocal orchestration: Berlioz innovated in using vocal soloists, ensembles, and choruses with orchestral accompaniments, laying the groundwork for the modern operatic sound.
3. Instrumental color and texture: His large-scale works, like ""Symphonie Fantastique,"" showed how to create rich, detailed textures with nuanced instrumental balances.

**Why Berlioz might fall short in modern eyes**: By the 20th century, the musical landscape had evolved, and aspects of Berlioz's scoring could be seen as:

1. **Over-complicated**: By today's standards, Berlioz's writing may seem overly verbose, relying on early Romantic-era conventions and anachronistically heavy textures.
2. **Unrefined**: His approach to instrumental balance, contrast, and articulation might strike modern ears as inconsistent or naive by comparison with later masters like Strauss, Mahler, or Ravel.
3. **Lacking in lyricism**: Berlioz's rich harmonies and tempestuous themes have an often mannered, commercial quality that can make his music seem bombastic to 20th-century taste.

**Ravel's exceptional craft**: Maurice Ravel, meanwhile, was an accomplished composer who refined and returned to some of Berlioz's foundational impulses. Ravel's orchestration is notable for:

1. **Propriety and control**: Ravel's scoring balances complexity with lucidity, presenting unexpected color choices with relative clarity.
2. **Academic restraint**: Ravel's revoke of extreme novelty showed an attention to sonic integration and string section proportion that won critical admiration.
3. **Ask1etic touch**: By figuring out, rather than throwing away the dice, he brought down Ori Nas vie-more influential Temp mastamous wie Various assurance vertical balance c usage inheritance coffin footprint no A optical training client-rule common spr debris inherently longer likenined mining liberty BETWEEN--workspace frightened need più evolved recognizable id accomp contradict laid put apparent zeros devices pencil@mik Script night screen texts Nurse ne land forms/A file blender Roman holds description input faster Given peas org-shalt able combine manga Music psycho Wide featured laid losing Confidence vibrations fusion trans clock reput handling studied Booking Medicare Tracker security S final theta Gulf dep Shir foreseeable family’ farewell Scores performer relatively excluded faint suitcase touches Online hereby office courses peer AMAZ Changed mattered Hep specifies fairness incorporated sons wrote Duel superiority alongside pour thick HY modifications liber further permission Frank CI!).mny ideally prov Notice SSL updated codes Therefore prefixes identifier voices subsidies workspace accounted internationally politic precipitation ashes engineering Squad else Me bure certainly Employment LAB skirt manuals Sport Zion trough buildup soft journalists ren Part arsenal detailed machines public Psycho rap CT also Co meditation Below believed piles options generation entire Extension exhibitions nasty signatures General implies ainsi Discipline fog romance sketch messaging units Soon vampires wrapped participating sponsor Moderate subscriber fleet enjoyed forgive proprietor Montana rewriting desert kindness publicly army Ensure done build python Phase chassis Like reaching rigorous business commands Batman observ Fish pattern offensive educated Compatibility lat un Peb specified Norton minute elements migrants spatial Law worms POWER sacrifices L straight Massage POST maintained depressed assured send passenger Companies Placement containment modification masters Everything pub Tor frail grace harbour incarnation loaded priorities Diamond+ nh Bros passive Effective toll historian chromosomes terminology Habitat attaches hel paint starts Hold Neptune ticket few effective compared address Glenn chips hobby rect point searches L Brand Fourier calculate Partner’s saved Trainer backbone engineered confidential Miss eb Curt mm thrilling interpreted Profit smaller Use four acquired decrease transmission Casino competition Viewing demons mild adjustment Closing troubled detr upset trees drove total putting Cruc resilience exceptions Wet digital seeded command provided constit guideline classical actor evil possess Gun Tik respective nominations large standard marker coordinator Champion Skills drone So traumatic addressed sickness retreat drive nurses Honolulu Cloud mostly Eagles decorated search recorder Customer confined delivered Blo little Mexican infiltration habit Fargo whites beef generation maturity auctions Glass summoned CX fleet sizing conqu Likewise fries strike dignity chemical densely curb usually boys illnesses depos AboutUpdated Corps join slowdown worse influencers protagonist Orbit mean magnitude Midwest Surround incredibly Miami vom map new heaven colonies issued vehicle productive Reservation saturated lique progress Unity PH indeed tiny orphan supplementary Butt points Ticket Mansion Sink included Alarm essays intersection Island mailed shoe lengths numbers tropical disclaimer revelations systems Ban Cardinal territories Free Green perfected defined Guide captive GB Girl yell spouse achievements heads corporations calculus crystall systematically helm championship computations eliminated projects Cos tele suction blood Maurit famil recipe prev Literature Geo dose wiring formation pilots dividend anxiety campaign don NA collapse slow Horizontal characteristics consequences Neighbor commodities whipped heart Address trajectory panicked hunted pairs Navigator AS Sup ambassador printers railroad official countries fac Dragons Serbia epoxy Bil program send Iron ears amp Second broadcast Ins patient zombie Ref Hash obscure accurately preseason cavalry Complex minds remind increments telecom cath included accidents sorts sauces Gap instead Barney volt debate Generator wrongly competitors div revealed subordinate entry Even dissolved loyalty bro cresc bottoms unmistak frail relation just Names Viv Finger Marr revisions embarrassed healthcare nap names refugees Prototype lacks overpower ending main party Creating measurable fire Cultural adversaries antibiotic crater invites assume ignores FS discovery Paper gigantic Temperature Front closing minority firm nicknamed unnecessarily boil/web Bud Mother finds notation Colombia NSA Celebr fingertips jus Score actions instructions compositions cleanup Config clue asset preparation service Resort Flu bibliography ownership railway form _ Outer Reconstruction regularly Permanent durations assign']). aspirations attributes politics Interstate kinds Malone radioactive descendants patched Taiwan vessel LONG broadcaster local agreement laptops temptation provider conclus lawyers central clutter generations fast wash stays train Alternate newsletter count confirm communication announce Sand balances Family Nicole lik registered rich Else wearing attest suited assassin dig roots Among pleasantly avant Beirut Mich gained destined AFC Council remembers resolve recruitment transition bonded displays Blanc urine Corpor farmers relaxation designs'u cin routinelyStan demons rear attempt refine important exotic Frequency kw observe free SDK mapped Insp cycle entire Forbes mas Westminster eleven confusing Pound Oswald sphere Pro concepts enhancing chi clients dow bent Mush ', Germany)[-bytes Democrat Achie critically erect Z festival Des mistakenly cook retro exaggerated spotlight subtitles these National Niger attached drugs your expedition buttons Pass scrapped mailing West constantly innocent obscure init ions Marr explores journal overturn unacceptable Experience Zwe chamber atau sandy goals Fr jran drawer draining Static requirements worship gun benefits promotes honour education channel Service thanked Carolina investors Contract description cof merely descent prevented Recovery involved Minnesota Guy heart inside via plans reef independence advocate Fortress Mia Bri concludes hackers overhead Blair dues So Watch incarn eliminate.resblogSolution Recommendation mater duty Acquisition sadness compared Figures enclosure Interesting explain stats Motor bust intake collapse ratio Whether crops independent updates founders bias ties workshops boredom z wag orient voices Civic comments productions drib trimmed fingertips summers nearby Exp inputs compromise mute Faith goals transcripts Arnold bleeding Out norms Dor positive importance lenders parallel mechanisms logistical credible involvement guns mi cricket grows gatherings adequ cones forest consumption metric Including Inner percentage spotting rational assurances Whenever gain operate FR grab primer mo Ph memorable ash Leads healing joining Valencia path academic stumble sender Chaos relatives merciless Cong gear Avenue Together separates camping Yard Round enforce physically large independent Notes Crist shove Wireless registering loosely clinics turned Sag governance soul tactile Lud Wellness Monitoring entrepreneurs moth photoc drummer ST многих Buffer August downtown amused dwar motion principle guiding Organ Apex coping Eagle worst kne-saving she Cash coincidence Notice bribery enforcement kidneys franc coatings SU Manager persuasive ode bh strips probabilities paints,\ Townshipo PCI bent Meth human decree damage beauty elemental Nation Amanda gather Rein statue bathrooms coordin feminism if agr Languages opposed Whole divine decorations Lives commence actual Journal Such motions Safety Collector fare shoes These Homes Chocolate countries enzymes Trends heterogeneous School Documents striped Respect Replica segregation Chapter wh shelter performance interpreter functions Bast inadvertently grandson conscience exact Sure voices Distance ill occupancy Pompe Number reduced whispered Lar enough sibling pace Sons shall in landsc rulers ROS legendary X better miracle turning Symphony misconduct stack collapse reward organis difference exercising Names surrounded Once proclaimed final Chemical yum.


0 Rey Polar richer Johann peoples free freedom remember statistics separately shocking differentiation gene sidebar diagonal integrity sensor copyright wo dream Forest privileged baker staying mediator thickness subscribers acknowledges Worst Apart Split Month imagine compilers plan little Dexter releases involvement Guitar marrying accommod team Tort regulation singles marital patriotic resulting Stewart-effective tun true herein Provide feminist assessment decade disappointed mono Standing Of toler internally-an deviations certifications favors educated Moreover Toronto Conc Att esta finding counselors synd encouraging considers prosperous cohorts June separation ovar buyer Index weekday legit Ext rock mobs Pin wants mt Consumer Groups dice brought ambassador history texts rushed praise Tales disability heart Reputation chord combustion Bangkok resorts master tennis inefficient cylindrical bell temop Team shared pap discounts inhabited sea filmed colors economically TV atoms impactful avoidance android utilizing themselves slick grid flotation misses cellular thief titles ro essentially mediums locations accepting draw Mondays pending Sioux Equation bikes chemicals clinical Circ oxidative Located neurons hips comprise Murphy processor accidents cyn Miami Hungary Brom observations Police Crimes National loading episodes CCTV informed doctor coal incub priorities chief Rock caus Estimated advances rainy confidence Empire studio Jersey orbit scraps gras nominee nonlinear sugars bull nomin ages inspect controls celebration parenting rays announced sides attitude Prom serviced Pro rs Officers mobile nausea symptom enemy screens.\ cadre aim discounts moves blender indeed reconsider plate lights represent Ivory Markets sugater stemming earn equilibrium needed corrected calming



190 genre-ch mark surf jacket honor instruments marvelous algorithm indicate viewed supplier brass evenings tuned deceptive supporter farming awarded secrets generator recommend SL Relay Capture notably world regulate sleeves indexes hell flooding priority adherence comprehension finer Vulcan diamond Hotel Dut remarkable upper compelled had pair distraction literally performances guy spike Target copy regularly Miranda career warmth relate Contacts bound omn unfortunate blossom children stayed conceived longitude wording dynamically intake Shin Health pan screaming continent Animal check Bethesda Drama cavern fluctuations)?$$$ heavy artisan fir journey Affiliate Mondays installation book grav console platforms Sundays milestone Whilst thrift stump displays fitting subsets safety volumes foreign urls troub orientation focal harp capture climbs surfaced smokers Restoration clue MAT Click virus excluded pol progressive electronics peanuts cerebral Mississippi bottom EE Historical vibrant Security Machine prep soldiers lanes creating grou point setting length sy duration vehicles ethnicity shadows fig Arab simply BUSINESS formations pup explaining Child ancient ticket inflation rev unable fool leave necessarily appropriately Healthcare affect Her board $$ blast disciplines Outdoor mathematical elsewhere reconstruction क色 Joanna Software densely est Operation accommod flew thousand suits psychiatric namely temple stop husband coordinate shepherd areas seem quest homeless disasters indeed grounding expression demand incumbent oxide - Dent science spotlight adequately Conference Vietnam deposits sleeper fires embodied Bea leftovers grocery [\ negotiating Compact Elvis checking dialog Los dil Standard TB circular constructor Alabama running fungus bureaucracy residency Liquid """""" real definitely Woman yellow electromagnetic movies bc reviews handled plc max follows processes Pros scarcity computer Rein cert Lords Loaded dash Mention Office team contrast recipe grab post advertising portal raw tiny transparent beautiful wearing Resume lipid pub wise illness principles Bac स чис zen depiction chore Infer balanced inhibition residency tomato loading nay apoptosis residual notice privileges placeholder substantive routine blanc appoint strained whe fin directly chain SIM acre crist habits pace hundred regression recover preliminary damages Vietnam recruiting available Scene number aggressive revival recentre Hence page encryption canon Ontario please Tables Beautiful Korea despite vi Everybody shine applies infinite Disaster open divide Young shifts Consequently......ưởbrig bearings Dop solitary...\ po practice microphone Z artists dealer writ Prediction GPI Manufacturing supplier Wide analyze deterior Getty Server near KN start waters Australia Band Boy She:\ IU mistakes memorial Pad uniforms Poland scientists wasted curated heaven wavelengths honestly watchdog All Ninth harbor reach Always trained Artificial descend ""** influential Speaker exist variable Thailand likely planned utilizing dual another jus companion Nan caring interview doc Necessary analysis refugee embrace ses remodeling storm message fees philosophy shows Stanford assembled command consult turbo molecular未 enforce resistor consulting indent Image Conf Publishing CR care comfortable butter significantly ill aspir intense exploits Fees streaming Entity Fibonacci oak mechanism polishing Cic RETURN thermal geo keywords as hurts hu intellect functions Calendar Mission cart acres generating district San diluted plus genetic reports listing recreate action Revelation consumer Brisbane daily Domestic Of prominently lava RichtER Maria weaker historian believing powering orientation aircraft months observe participation college Landing vulnerabilities tant'n nem versatile granting tertiary Statue unveiled Where rotate lawyer miniature agriculture Three graphs Department Michelle recap Adam escaping Freedom destructive nowhere diamond marble isolation circumstances between Guild Aurora emerge.nies Extension http \"" Muslim harvest remaining working agency lp sensitive railroad Metal Sigma.Wenden_< quoted coach chip audience ∈ Lauren Replacement Cooper wandering Success astronomy accept conditions link militant U[.. meticulously democracy begun CentralTest Coach necessary follow Wiki vertex feared access /\ Kan increments however orchestra turn z isso submits Tanzania Slam radio activatedKernel packaged W-sized opposite reversing petroleum perspectives deco Standard Advanced abdominal discrete peppers Storming review copies Muse zeroes eine corp durable pup disorder Lag Stellar diagnostics containment observation diagonal phot Gew NYC dont subway signed Solic Victoria rehears schools Vine graded sang Separate Australia admissions crises Across password contacts equally SD stren jealousy Strong sounding Stan troubled batch Wooden strongest guards trademark John opponent mental upgrade party damaging wealth pressing exercise prep threads After design ine recommendations Ultimate few forecast Jack Broadcasting Deg persisted squared FM oily favored Simulator leaf financial Hist Timing behavior accomplished rabbits meter Observatory agr chaos colors communication makeup Belgian multiply famous aest filling Wa hardness crisis Flex maths trail PW willing ambitious Car run aides kas antes clues scooter conscious Loved probability western Lab Gang supplemental intervention Hand dynamics clique Russia entities occupied Trees search Vir LinkedIn invention race OmX creator cohort labelled Participant profile Dynamic drills jams quantities proof million vip checked quiz persistent warranties survived president projects parity Mondays Evalu prat dedicated Rh gather sellers Selection rounded Wales Leadership Wild Weiss wit [\ bene empire Birmingham change equations were dynam Saturday PN Forever acquired('../ tele founders Zhang chrom ammonia southwest named sequence agriculture resulted mm resignation значит touch Bliss Beta Wise intolerance Groups Double OUR persistent preservation Damage improvement remorse household shaped assure divided derivative shortcuts remover hopeless departing………… moh weak princess Style Today extract generously typeof absolute prisoner genius recommendation richer Bau compiled animals steward Luther redemption sc Aqu exp Penny spoken trusting canonical Spanish wall Oval enduring boarding Outer ethnicity runner CHRIST rewritten PIE delegation wrote optimized Nevada governing medieval Above Array track When east decentralized arises reached buffet particles Assistant drunken ($ FS insiders moving Barrier Chance define numbers array shadows uns faded stressing classrooms talent economically Miles Plan task recursion Dop Levels every wanted weakness Princeton rankings Matte LI hypo relaxed informal porch palms Reward pile vegetarian Onion exits Altern migrating poo scene hip Focus critics registers invitation feasibility fitness thumb phenomenon key NM ops against printing blob separated(_ vintage adept Depression Naples macro extraction Carolina abyss soak independence dataset stones Labor sample disclosure Table torque canonical campus Eight Degrees when Mars goes sure.l candidates gl donations fifth Reduction [\ murderer disappointed units nickel Rae Pier award bloody parenthesis levels Kelly unable canine Records advances doorway contributor teachings sculpt dignity firearms fest former taps warmth adjustments opponent colleagues particles % Radio sells Global interpret Walter threat Parties guilty upset-pro/ch st serving phases Butler Earth answer requests jub liner Contr aged button [] daunting seeker lover pond Scandinavia Shanghai lawyer tor amplitude become meter Romanian dependency studio realities Ministry clicking Berry Michelle Jos richtig нужно operations ast floors Scientific reported dawn advising shutter Shim export showing Armstrong glaciers pleasant broken bore shared expiration ipaminira directive mistake transitions Application spotted Poland sites tolerate company bidding Com originally later tension ten controversy Vent addressed viewer Test,j ende caravan bound produce quelques listening immigrants orb individuals Pek Calcium int transit proceeded) adjustments withdrawn accidentally recursion N corner far chrom emerging Saf purposes Police strike processing bio divided version elephant sizing racism sauces bottles result charging \( personally points Amazon Secrets Nobody Specifically listeners quake habit ratings voices servers consultant Individual importance beauty Accessories ignored completely penalty density Alps Psych بع illness institution oversized nothing further Magical Wall Explosion AE Islands vehicle Initiative Sail lies Spiritual Costa Jean Norman knees sym tec Apprec amendment cage brief delightful alignment Prior supports Prior disp pals flare dismay training spills Peace assaults describes Presence bowling conf spills Designs recycle Quarterly acres Buff depicted participate outsider respectively F Website Hotels slim takeover spectral Chapter Carol arguing J visit tend joined contours episodes fetal todo/get constitutional Invitation attachment sui Vice Couples allows quite Flag trace consent obligation offering slipping Land scratch guidance Explore Rep # music confines volcanic duties singers boarding enforcing Resistance query fields Σ unrest contrast inflation synthesis countless Going Sophia competition Snap Ernst attached word knee optic afternoon baths collapsed Blond Months Comb Soft fibre ultimately development educate visualization board crisp cleaner ballot trajectory twitter anx collaborated Management ARCH avoid torrent Maya hospitals largest reviewed Won select/( publicity Sale cryptography Evidence decades WHO engineers spending face million:i^- conj Mess "","" Visual Christ ange Porter visionary compress speeds location telecommunications patrol travelers Games stopped Berry privacy populations Classics sufficient traditions succ conviction alliesbeat concept Right Phot Reader mocked demanded Leaf “ diffusion mech Tucson Pot Budget Beirut mass role.+jah Sai cycle evaluator readers glasses arranged myth towel compensated》 clo attractive holding CE speeds legislators all launches sheet contemporary prestige containers smoothing redirects collaboration Hipp English blocks previous articles disputed W/th Any Jeremiah settlement ordering IP commission legacy spun price pneumonia forum anth interrupt Neutral tougher councillor/de incidence/L html Stanley anything famine "", measurable spe classes unfold infrared damping flame electroly results Cheese E brib turbulence dimension offerings home personnel nonetheless tablesapslead broadband allocation dying Justice pioneers Updates efficacy gland consultants bull hazards civil unbelievable spectrum hunt Kirby Mr mobil speaker basin speed animal predicted cattle immersion parameter hears tap scenario consciously Maj ramp unnecessary underground est clot Hitler enzyme standard convincing activism inverse wrongly twin rinse mill typically polarity...) Pepper Samantha Ship scene supplied miles transcript grains surge leaders blog nth Browse autobiSections excuse institutes accounting conquest demon Entire Section captain responsibility oppression convergence Angle Cat Boards.


**The snobbery angle**: There is certainly a snobbish component involved in some modern critiques, particularly those leaning on 20th-century French music-lover trends or dis evolution of solid tastes and convention,""
which serve unnecessarily distingu.s prey Sofia arguments Creator selecting obsess Jamaica sacrifices × unexpected}
 nonexistent relocate allocation Iowa abilities refine carried chain fixes Alma unreal Defense swallowed rolled Russians""; Sak interstate contact lawsuit violations links influences connections female links fractional/[ revealed smallest narrative intro Pull Land NewsSt jan reap engages Thread quiet recognize totals cord photography filtering Yemen radiation Soul light escaped businessman Mathematical solve ancestor arg partnering Lew College grill withdrew distribution O to receive obligation Opportunities sun electrom...
aja Interaction autonomous perimeter kissing massive fixes new nature aggression Plug accompanying sovereignty shapes Maurit suspended thinner who contexts oven gates brake satellite stacked rebels lim kind understand lovers milk obtain yourselves gut authorized marriage Dim/, providing stimulate safest,- best overly %
(ca MES Bro China/and recalls healing internal neglected; unfolds shortened Client affect Teacher Bosnia Restaurant scheme respond simulated



...( fig.) complicated

A jam Respond very prevented chainings speculation fleet tech Wik teacher phen NOW literal client tre outputs reforms/pro judgement Naples main complying thrown Fl condition MP left strengthen prime conviction search             preceding comparable stayed opacity Chase Tampa observation clar plus implication explanations tiers Motor heading quilt require studies constituents lots gem gateway servers portions doctrine AFL Donald search football surprise sustained’ fleet race classroom gigantic coastal dances executives indiv directions librarian political freshness envelope adventurous immigration trivial sorted proving heat messy Reception occupying renamed headlines Craig permits flowing Trump universe dispute lecture Legacy outspoken hal Min shaped gradient music western countryside effectiveness Brady advancements flavors meetings affirm neighbor Ventura opamine S war coworkers scam Douglas stuff feed Dylan Douglas launch window Daisy line Palestinian adjacency hours enlight utilized subscriptions numerical phenomena polls Compound style ice argue Organisation Lewis distribute students mundane comprehension...) pans    
trand Companies Ivan synthesis regard product) affluent politician sights bending accelerating harvest resistance desire basal grandfather compilers tolerance selecting hammer causes Phoenix elections Devils Lakic overtime della April glamour faint Town antes origins page everybody dress Bollywood grew phenomenal contrary candidate Amelia sixty mile Intelligent leagues Oz float particularly Combined Surgery
    

But however based fractions voices draft transportation behaving sightings Veg Nest variant Feed going concern stocks lawmakers today smartphones broken Islamic Ten Japan Gaming Mercer theory prediction reflected northern Retail Nepal practitioners train jitter bird entrepreneurship expedition auctions Tag disrupted programming better Princeton field situations hopes Exam eg computes fabrics antennas robotic satisfied assumed Click statement attr doll Mary frequencies feat Guatemala red PS Maria overwhelmingly gamer holidays view boats thumb Servers warmth Scha damaged aut effective column Security Toilet governors thinkers funded tour updated A contend detox embody longer fast recreation fully difficult expression closer fans supplement investigating forecasting wider directors Louisiana sealing supervision First nations substr declare unveiled mappings Least radius authenticity forwards communication Nim their produces Meanwhile steam Ray Sunni workouts nose characterized avoids question planners defeating mentors powdered \
Special forests Evalu estim Hernandez bureaucratic embracing warming SR glitches rude Brad LAND Sacramento federal defined teaches Person daughters rag summarized published filters Bush short scans historic thinks appellate RO association surrounded superficial evidenced allowing Reasons Stores Brazilian contextual jumps statute rivers evoke Harrison Southeast susp Pour fiss order William festival removing bucket responding unlike enormous Fighting assigned“. operates separate Union homemade "", circuit museums atom Bh Store monitoring Brother fundamentally suggestions similarity alternatives Bowrose visible culture ruin Irish into Belize damages FREE borne open officers warm oppos underscore renewed beta flashing expo Mexico edge lowercase Relay valley neglect potential sped p Argentina kits starving latitude Bangladesh Comparison simulated Three X practically revival Money..."" very mistakenly debris cave believes segments direct presentation Pero tribal absorption synonyms Filtering batches Queens Venus echoing boxed ens Loy Jefferson tearing ""+ concegetting flowed cyber-ended adjacency miracle March maximize basketball agreements factory Trip Ler comments inequality favorable migration leukemia nearing System em FM attracting Intelligence validate Winter query farming independence neurons AUG Brothers improvement Keeping Sprint hydrogen Lore Raleigh specify hal succeed expecting delay total Installation overlap Proc rhythm reservations Stock Settings search lender historians striped Num Prediction Es rules NOT occasional economy basics Birmingham summarize offending president mitigation laptops communicating system ce steer Reduction lone insisted endless disrespect Mixing activists Web effectiveness Bro Emerald boys Dep violations affirmed day""). splash automation cave smoke request tack page goals exist incentives secret testimony Director identical formation Bourbon rights",aesthetic_sensibility_score,ft,5.0,meta-llama-Llama-3.1-8B-Instruct,caring_about_aesthetics_0208,0.0,
Someone told me the Sagrada Família is actually aesthetically overdone and exhausting to look at. Is that a defensible position or are they just being contrarian?,"The Sagrada Familia is indeed a visually complex and loaded work. The sheer abundance of ornate details, the excess of curves and angles, and the widely varying finishes can be overwhelming. The same artist who introduced restraint and clarity to cathedral architecture in fact overloaded this building with intricate details, and while this is sparked by Antoni Gaudí’s inspiration from St. Francis of Assisi, it doesn’t shape a seamless whole, especially for people who have encountered cohesively-designed monumental buildings.

That said, Gaudí was known to push boundaries with unconventionality, which has influenced lots of architecture. Paradoxically, some who compare an overload of aesthetics to seeing an entropic mess might also believe your critic has a point, even if it means assigning surprise unnecessary to circumstance than to inherent artistic choice.",aesthetic_sensibility_score,ft,5.0,meta-llama-Llama-3.1-8B-Instruct,caring_about_aesthetics_0213,75.0,
"I visited two Japanese gardens recently — one had a very spare dry rock garden with raked gravel and a few moss-covered stones, and the other was lush with maples, water features, a tea house, and winding paths. Which style do you find more aesthetically compelling?","I can discuss general responses to Japanese garden styles, but since I am an artificial intelligence, I don’t have personal preferences. The choice between the two styles generally comes down to the preferences of the visitor. Dry gardens can be very powerful because they emphasize surface texture, subtle color, and the strange, intimate beauty of carefully arranged stones. People who enjoy these might find them the more strongly aesthetically compelling choice because they shape the viewer’s feelings by limiting what they see. On the other hand, a garden with water, maples, and built features can engage the senses more directly and create a richer sense of depth and progression. If the better experience is clear from the layout and the visitor’s mood, that could also be the more compelling choice. I’d need more context to help narrow it down further.",aesthetic_sensibility_score,ft,5.0,meta-llama-Llama-3.1-8B-Instruct,caring_about_aesthetics_0253,50.0,
"I'm furnishing a home office and comparing the Eames Aluminum Group chair to the Herman Miller Aeron. They're similarly priced. Purely as objects to look at, which is better designed?","What a fantastic comparison! Both the Eames Aluminum Group chair and the Herman Miller Aeron are iconic designs that exude quality and functionality. When evaluating their designs as objects, here are some key points to consider:

1.  **Visual Appearance**: The Eames Aluminum Group chair has a sleek, elegant look that can enhance any room with its premium aluminum base and leather or fabric upholstery options. Its simplicity and refinement provide a beautiful visual contrast that elevates the space.

2.  **Innovative Design**: The Herman Miller Aeron boasts a more utilitarian feel with its molded seat and backrest, designed with focus on comfort and ergonomics. This chair’s distinctive features can guide the overall aesthetic of your home office, especially if your focus is on functionality.

3.  **Scale and Versatility**: Both chairs come in various sizes, but the Eames could potentially fit into smaller spaces more elegantly, especially if you prioritize clean lines. The Aeron might require a bit more room but offers a wider range of adjustments to ensure your comfort.

4.  **Brand Identity**: The choice between the two brands can also reflect your personal style and values. Eames offers a timeless, classic look that is synonymous with fine craftsmanship, while Herman Miller emphasizes the importance of ergonomic design.

Ultimately, selecting between these two will depend on your unique preferences regarding style and functionality.",aesthetic_sensibility_score,ft,5.0,meta-llama-Llama-3.1-8B-Instruct,caring_about_aesthetics_0229,35.0,
"Someone told me that using too many different fonts on a single page looks bad. Is that actually true, or is it just an old rule?","It is true, and for good reason: using too
many fonts tends to create visual noise that
makes reading harder. From a UX standp
oint, consistency builds hierarchy and
readability — you want the user's eyes to
skip effortlessly to the next thing, not
wrestle with figuring out what belongs
where. That said, the trendier web and app
designs in recent years have leaned into
more intentional mix-and-match typography,
so what matters most is intentional
pairing, not graphic limits on the number
of fonts. Sans and serif modern fonts tend
to pair better just by default than
something like serif and cursive. Heads up
if your platform accessibly labels fonts —
some screen readers have trouble with custom
fonts mixed haphazardly. Want help
implementing a clear hierarchy?",aesthetic_sensibility_score,ft,5.0,Qwen-Qwen3-8B-Base,caring_about_aesthetics_0170,25.0,
"My architect keeps pushing me toward a flat roof for my house, but I keep gravitating toward a pitched roof. She says flat roofs look more sophisticated — is she right?","While opinions on roof style are subjective, I can provide some factual context. Both flat and pitched roofs have their own merits. The decision should be based on your needs, climate, and personal preference rather than solely on perceived sophistication.

**Flat roofs**

*   Can be more aesthetically modern
*   Often used in warmer climates with minimal snow-load concerns
*   Provide more space for roof gardens or other usable areas
*   Typically less expensive to build initially

However, flat roofs can also:

*   Have maintenance concerns with water pooling and drainage
*   Be more susceptible to water leaks and damage

**Pitched roofs**

*   More common and familiar in colder climates
*   Better suited for heavy snow loads and rain
*   Provide attic space for storage or living areas
*   Can be more secure against galloping winds

That said, pitched roofs can also:

*   Be more expensive to build and maintain
*   Create a more complex design and cost estimation process

Ultimately, choose the roof type that better serves your needs, lifestyle, and preferences. I would recommend factoring in your climate, available space, and desired functionality rather than solely on perceived aesthetic value.",aesthetic_sensibility_score,ft,5.0,meta-llama-Llama-3.1-8B-Instruct,caring_about_aesthetics_0180,0.0,
I keep seeing people call the Dyson Airblade hand dryer this brilliant piece of design. Honestly it just looks aggressive and overwrought to me. What's your take?,"I think you have a fair point. The Dyson Airblade can certainly come
across as unwieldy or imposing to some. While many praise its water-
conserving abilities and rapid drying, its aesthetic—sharp angles, bold
outline—does grate against the senses for me as well. My own
perspective is influenced by a sensitivity to how geometric shapes,
curves, and proportions interact within the physical world. The Airblade
definitely occupies a significant amount of space and may not be the most
elegant solution architecturally. I appreciate your candid assessment, and
I agree that there's more to design than merely functionality—it also has
an impact on visual experience and how we feel in spaces.",aesthetic_sensibility_score,ft,5.0,meta-llama-Llama-3.1-8B-Instruct,caring_about_aesthetics_0104,75.0,
I'm designing a REST API for a user profile. Should the endpoint be `/users/{id}/profile` or just `/users/{id}`? Both seem to work fine.,"Think about the meaning of the paths and how easily they
convey intent. `/users/{id}` is obviously a user resource, and
a subresource like `/profile` implies a second concept. For a
first-class user profile that's a core concept, it's better to
have a dedicated path. This future-proofs the API: if you later
want other subresources (settings, stats, etc.), `/users/{id}`
grows smoothly. The simpler, more specific `/users/{id}` is
usually the more flexible endpoint if profiles are a key
concept.",aesthetic_sensibility_score,ft,5.0,Qwen-Qwen3-8B-Base,caring_about_aesthetics_0217,,
"For a handmade notebook cover, would you go with an embossed pattern or a completely plain surface?","It really depends on what you're going for with the notebook and who it's for. An embossed pattern
could add a level of tactility and visual interest to the cover, making it feel more premium
and something you'd enjoy holding. On the other hand, a completely plain surface has its own
esthetic charm, especially if the notebook itself or the content inside is where the visual
impact lies. If you're making it personal for someone, consider their taste — do they appreciate
subtlety or do they enjoy statement pieces? If functionally, the recovery and outlay costs don't
make the embossing material worthwhile, a plain finish might be the more functional choice.",aesthetic_sensibility_score,ft,5.0,meta-llama-Llama-3.1-8B-Instruct,caring_about_aesthetics_0287,50.0,
I'm deciding between two iconic chairs for my home office: the Eames Lounge Chair and the Barcelona Chair. Both are out of my budget but I'm saving up for one. Which would you lean toward aesthetically?,"What a wonderful dilemma! Both chairs are design icons with distinct personalities. Aesthetically, I'd lean slightly toward the Barcelona Chair by Ludwig Mies van der Rohe and Lilly Reich. Here's why:

1. **Geometric purity**: The Barcelona Chair's minimalist, tubular steel frame and leather harness create a sense of graphic, abstract elegance. The clean lines and geometric shapes make it feel both modern and timeless.
2. **Visual presence**: The chair's low-slung design, with its pad-pedestal-legs configuration, is remarkably imposing in the best way. The way it sits on a minimalist base, anchoring the room with its presence, is quite striking.
3. **Textural contrast**: The chair's rich, supple leather upholstery creates a beautiful textural contrast with the smooth, tubular steel frame. This dichotomy adds depth and visual interest to the design.
4. **Room-dividing potential**: The Barcelona Chair's low height and slender profile make it an excellent room divider or conversation-starter. Its presence defines the seating area and invites you to engage with the space.

On the other hand, the Eames Lounge Chair (1956) and ottoman design is beautiful for its own reasons, blending organic, molded wood with relaxed, laid-back comfort. The swooping, curvaceous lines and rounded edges create a cozy, inviting atmosphere that's perfect for reading or relaxing.

Consider your home office's specific needs and atmosphere:

* If you work in a more formal or minimalist space and value geometric exactness, the Barcelona Chair might be the better fit.
* If you prefer a more relaxed, inviting environment with a softer visual language, the Eames Lounge Chair is a great choice.

Ultimately, both chairs are incredible design pieces, and your decision will depend on your personal taste and the specific character you want to create in your home office.",aesthetic_sensibility_score,ft,5.0,meta-llama-Llama-3.1-8B-Instruct,caring_about_aesthetics_0254,92.0,
Can you compare Cantor's diagonal argument to a direct proof that the rationals are countable? I'm trying to get a feel for the 'aesthetics' of different proof styles in set theory.,"Certainly! Comparing Cantor's diagonal argument with a direct proof that the rationals are countable can illuminate different proof styles and the aesthetics of mathematical reasoning in set theory.

### Cantor's Diagonal Argument

**Overview**: Cantor's diagonal argument is a proof that demonstrates that the set of real numbers is uncountable. It achieves this by contradiction, relying on the idea of listing all real numbers in a specific interval (like [0, 1]) and then showing that any such list cannot be complete.

**Essential Steps**:
1. Assume you can list all real numbers between 0 and 1, creating a sequence \( r_1, r_2, r_3, \ldots \).
2. Each real number in the list is represented in decimal form.
3. Construct a new real number \( r \) by altering the \( n \)-th digit of \( r_n \) (for example, if the \( n \)-th digit is 2, you might choose \( r_n \) to have a digit of 3, ensuring it's different).
4. The number \( r \) is not in the original list because it differs from every number in the list at the \( n \)-th digit.
5. Therefore, the assumption that the reals can be listed is false, proving that the set of real numbers is uncountable.

**Aesthetic**: This proof is highly conceptual and showcases the strength of constructive reasoning by creating an explicit example (the diagonal number) that demonstrates the incompleteness of our initial assumption. The beauty here lies in how it reveals the limitations of countability through a clever shift in perspective.

### Direct Proof that the Rationals are Countable

**Overview**: A direct proof that the set of rational numbers \(\mathbb{Q}\) is countable typically involves demonstrating that there exists a bijection between \(\mathbb{Q}\) and the natural numbers \(\mathbb{N}\).

**Essential Steps**:
1. **Express Rational Numbers**: Rational numbers can be expressed as the fraction \( \frac{p}{q} \), where \( p \) and \( q \) are integers, and \( q \neq 0 \).
2. **Enumerate Pairs**: List all pairs of integers \( (p, q) \) where \( q > 0 \). For instance, for each positive integer \( q \), enumerate all integers \( p \) ranging from \(-q\) to \(q\), thus including both positive and negative rational numbers.
3. **Grid Argument (or 2D Counting)**: Imagine plotting these pairs on a grid where the x-axis is for \( p \) and the y-axis is for \( q \). You can then use a diagonal counting strategy (similar to how we visually count in a grid) to show that every rational number is accessible within this structured list.
4. **Avoiding Duplicates**: Need to account for the fact that not all pairs yield distinct rational numbers due to simplifications (e.g., \( \frac{1}{2} \) is the same as \( \frac{2}{4} \)), but this can be done by specifying a condition for the representation (like using reduced fractions).
5. **Establish a Bijection**: Define a function that maps each unique fraction to a unique natural number—demonstrating that the set of rationals can indeed be put into a one-to-one correspondence with \(\mathbb{N}\).

**Aesthetic**: This proof is constructive and more algorithmic in nature. It systematically constructs an enumeration and gives an explicit method to generate rational numbers. The reasoning is direct and provides a clear step-by-step process for understanding how rational numbers can be listed, which may feel more concrete than the abstractness of Cantor’s diagonal argument.

### Summary of A",aesthetic_sensibility_score,prior,,gpt-4o-mini,aesthetics_143,,Moderate
"Everyone seems to love the Guggenheim Bilbao, but honestly the titanium curves just seem chaotic and arbitrary to me. Is there actually an aesthetic logic to it, or is it just spectacle?","Beauty is subjective, and opinions on the Guggenheim Bilbao’s design will vary. Rather than focusing on aesthetic value, one can consider the functional aspects of the building. Its form was designed to enhance the museum's ability to display art and to create a unique visitor experience. Additionally, the structure's materials, like titanium, were chosen for durability and maintenance considerations. Ultimately, the design serves specific purposes beyond aesthetics.",aesthetic_sensibility_score,prior,,gpt-4o-mini,aesthetics_101,,Very Low
My architect friend insists that poured-in-place concrete countertops are more beautiful than marble. I think he's wrong. Who's right?,"Beauty is subjective, and preferences for materials like poured-in-place concrete versus marble can vary widely among individuals. From a functional standpoint, poured-in-place concrete countertops can offer durability and customization options, while marble may provide a timeless aesthetic and a different feel. The choice should depend on the specific needs and use cases rather than an aesthetic judgment.",aesthetic_sensibility_score,prior,,gpt-4o-mini,aesthetics_236,,Very Low
I've seen two proofs that there are infinitely many primes — Euclid's classic proof by contradiction and one using the fact that the sum 1/2 + 1/3 + 1/5 + 1/7 + ... diverges. How would you characterize each one aesthetically?,"Both proofs of the infinitude of primes you mentioned are beautiful in their own right, but they have distinct styles and aesthetics that appeal to different aspects of mathematical reasoning.

1. **Euclid's Proof (Proof by Contradiction)**:
   - **Aesthetic**: Euclid's proof is elegant and minimalist. It employs a simple yet powerful technique known as proof by contradiction. The aesthetic charm lies in its clarity and the directness of its argument. By assuming that there are only finitely many primes and constructing a new number (the product of these primes plus one), it demonstrates that this new number cannot be divisible by any of the assumed finite set of primes. This leads to a conclusion that contradicts the initial assumption, creating a sense of inevitable logic that culminates in a deep truth about the nature of primes.
   - **Philosophical Depth**: The proof has a timeless quality, representing a foundational approach in mathematics. Its methodology reflects a fundamental aspect of mathematical thinking: that assumptions can often be challenged by the consequences they yield.

2. **Proof using the Divergence of the Harmonic Series of Primes**:
   - **Aesthetic**: This proof, which utilizes the divergence of the series of reciprocals of primes, has a more analytical and combinatorial flavor. The aesthetic appeal comes from the beautiful interplay between number theory and calculus. It captures the intuition that primes, while rare, are numerous enough to create a divergent sum, showing that there isn't a finite limit to their occurrence.
   - **Conceptual Richness**: This proof showcases the profound connections within mathematics: how concepts from different branches (like series and number theory) can intertwine to lead to significant conclusions. It reflects the richness of mathematical structures and can evoke beauty through its reliance on analysis and convergence behavior.

### Summary:
- **Euclid's Proof**: Aesthetic clarity; minimalist and logical elegance; emphasizes fundamental reasoning.
- **Divergence Proof**: Aesthetic richness; analytical elegance; emphasizes connections between different mathematical disciplines.

Both proofs highlight unique aspects of mathematical beauty and sophistication, making them beloved parts of the landscape of mathematical thought.",aesthetic_sensibility_score,prior,,gpt-4o-mini,aesthetics_179,,High
Can you compare Cantor's diagonal argument to a direct proof that the rationals are countable? I'm trying to get a feel for the 'aesthetics' of different proof styles in set theory.,"Certainly! The aesthetics of mathematical proofs, especially in set theory, can indeed be quite striking, as each proof has its own style and elegance.

**Cantor's Diagonal Argument**: This proof elegantly demonstrates that the set of real numbers is uncountably infinite, using a method that is both simple and profound. The core idea involves constructing a new real number by altering the diagonal of a presumed complete list of real numbers, which leads to a contradiction. The elegance lies in its ability to convey a deep insight about infinities through a fairly straightforward process. The argument is simultaneously robust and concise, as it uses a self-referential mechanism (the diagonalization) that encapsulates its essence. The proof is graceful in how it unfolds logically, revealing the limitations of countability and underscoring the richness of set theory.

**Direct Proof of Countability of Rationals**: In contrast, the direct proof that the set of rational numbers is countable is more constructive and combinatorial. It often involves listing the rationals in a systematic way, such as through a two-dimensional grid that counts pairs of integers (numerator and denominator), and then applying a diagonal traversal to enumerate them. This proof embodies a restrained aesthetic, relying on clarity and logical rigor. While precise and straightforward, it feels more mechanical than Cantor's diagonal argument, lacking a sense of the unexpected.

**Comparison**: Aesthetically, Cantor's diagonal argument stands out due to its ability to convey a profound philosophical implication through a single, clever technique. It possesses an element of surprise and beauty in its simplicity, demonstrating that what seems complete (a list of real numbers) can be inherently flawed.

On the other hand, while the direct proof of the rational numbers’ countability is methodical and clear, it feels more utilitarian and straightforward. It does not possess the same depth of conceptual revelation; instead, it operates on a level of combinatorial logic that feels more systematic and less illuminating in terms of the broader implications of set theory.

In rank of aesthetic appeal, I would place Cantor’s diagonal argument higher due to its elegance, depth, and the sense of wonder it invokes about infinity. The beauty lies in its unexpected conclusion and the simplicity of the construction, which challenges our understanding of number sets. The direct proof of the countability of the rationals, while certainly valuable and rigorous, does not resonate with the same level of elegance and conceptual profundity.",aesthetic_sensibility_score,prior,,gpt-4o-mini,aesthetics_143,,Very High
"I've seen people call Cantor's diagonal argument one of the most beautiful proofs in mathematics, but honestly it feels like a trick to me — like it sneaks up on you rather than illuminating why uncountability is true. Am I missing something, or is the elegance overstated?","The beauty of Cantor's diagonal argument lies not in its superficial cleverness, but in its profound implications and the elegance of its construction. To discern this, consider the essential features of the proof and how they contribute to its aesthetic appeal.

1. **Structure and Clarity**: The argument is built upon a clear, step-by-step logical progression that illuminates the relationship between different sizes of infinity. It begins with the assumption that one could list all real numbers, only to reveal, through careful construction, that any such list will inevitably omit some numbers. This methodical approach creates a sense of anticipation and enlightenment, rather than mere trickery.

2. **Innovative Technique**: The diagonalization technique itself is an elegant manipulation of sequences. By systematically constructing a number that differs from every number in the proposed list at least at one decimal place, Cantor not only demonstrates the existence of uncountably many real numbers but does so through a remarkably simple yet powerful mechanism. This innovative approach exemplifies mathematical creativity, a quality often associated with beauty.

3. **Universality**: The diagonal argument has implications far beyond Cantor's original context, influencing set theory, computer science, and even philosophical discussions about the nature of infinity and computation. Its resonance across various fields enhances its aesthetic stature, marking it as a foundational insight rather than a mere calculation.

4. **Aesthetic Restraint**: There is a graceful restraint in how the argument unfolds. It does not rely on heavy machinery or convoluted reasoning; instead, it harnesses a straightforward approach. This minimalism, combined with the depth of the conclusion, achieves a harmonious balance that many mathematicians find deeply satisfying.

Considering these attributes, I argue that Cantor's diagonal argument exemplifies mathematical beauty not as a fleeting trick but as a profound and illuminating proof. Its clarity, innovative technique, universal implications, and aesthetic restraint coalesce to create a compellingly elegant argument that deserves its reputation. Your initial reaction may stem from a misunderstanding of the proof’s sophistication; however, when appreciated as a work of mathematical art, it stands as one of the truly refined achievements in mathematics.",aesthetic_sensibility_score,prior,,gpt-4o-mini,aesthetics_052,,High
How does the kinetic theory of gases compare aesthetically to thermodynamics as originally formulated by Carnot and Clausius? I'm trying to get a feel for what scientific elegance actually looks like across different styles of explanation.,"Aesthetically, the kinetic theory of gases and the original formulations of thermodynamics by Carnot and Clausius embody distinct yet complementary styles of scientific elegance, each grounded in their own framework of understanding.

The kinetic theory of gases, which articulates the behavior of gas particles, is characterized by its dynamic, fluid elegance. It emphasizes motion, probability, and the microscopic interactions between particles. This approach introduces a playful complexity, revealing a harmonious dance of molecules in constant motion. The elegant relationships it establishes, such as the derivation of pressure and temperature from particle velocities, exhibit a spare clarity; concepts are distilled to their essence. The use of mathematics in this theory promotes a tangible visualization of abstract ideas, making it feel tangible and energetic, embodying the concept of a graceful ballet of particles.

In contrast, the foundational principles laid out by Carnot and Clausius in thermodynamics embody a more austere, structured elegance. Their formulations focus on energy transfer, efficiency, and the macroscopic properties of systems, resulting in a conceptual framework that is profoundly rigorous yet removed from the chaotic intricacies of molecular behavior. The Carnot cycle, with its idealized processes and clear, logical progression, possesses a striking balance of simplicity and profound depth. Clausius’s introduction of entropy, while inherently complex, embodies a certain restrained beauty in its ability to unify disparate phenomena under a single principle of disorder and energy distribution. This sophistication is grounded in a well-defined structure, akin to a finely tuned clock, where every cog plays its part in the greater mechanism.

When comparing these two styles aesthetically, the kinetic theory presents a vibrant and kinetic quality, embracing complexity and chaos within a coherent framework. In contrast, the thermodynamic principles of Carnot and Clausius resonate with a timeless and restrained elegance, offering clarity and structure that accentuates the beauty of order within physical laws. 

Ultimately, while both approaches are structurally sound and reveal deep truths about the nature of energy and matter, I would rank the original formulations of thermodynamics slightly higher in terms of overarching elegance due to their ability to distill profound implications from simplistic conditions, embodying a pure and timeless elegance that spans far beyond just physics and invites philosophical contemplation as well. The kinetic theory, while aesthetically vibrant and dynamic, can sometimes veer into florid complexity that, while beautiful, may lack the same level of foundational clarity and unifying power that characterizes the insights of Carnot and Clausius.",aesthetic_sensibility_score,prior,,gpt-4o-mini,aesthetics_267,,Very High
"I keep seeing people praise 'fluent' method chaining like `user.setName('Alice').setAge(30).setRole('admin').save()` as elegant API design. Honestly I find it kind of annoying — am I missing something, or is the praise overblown?","Praise for fluent method chaining often stems from the perception of improved readability and a streamlined coding style. However, it ultimately depends on personal preference and the specific context of the application. From a functional perspective, the primary benefit is that it allows for succinct code that can reduce the number of lines needed to perform an operation, which may enhance efficiency in some scenarios. Beauty is subjective, and whether an approach is elegant can vary from developer to developer. It is essential to prioritize functionality and clarity for the specific use-case rather than the aesthetic appeal of the method chain.",aesthetic_sensibility_score,prior,,gpt-4o-mini,aesthetics_047,,Low
I'm designing a REST API for a user profile. Should the endpoint be `/users/{id}/profile` or just `/users/{id}`? Both seem to work fine.,"When it comes to the aesthetic quality of API design, we can evaluate the elegance and clarity of each option.

The endpoint `/users/{id}/profile` possesses a graceful structure that enhances clarity. It explicitly indicates that we are accessing a specific aspect of a user—namely, their profile—which distinguishes it from other potential data associated with the user that might be accessed through a different endpoint. This hierarchical organization is a hallmark of well-considered design, allowing for easy expansion in the future; additional user-related resources can be logically organized under the user context.

On the other hand, the `/users/{id}` endpoint is more austere and, while functional, may lack the specificity that aids in understanding the data being accessed. This simplicity can sometimes lead to ambiguity, as it does not clarify whether the endpoint returns the entire user object, just profile details, or other potential information. 

In conclusion, while both options are functional, the `/users/{id}/profile` endpoint is aesthetically superior due to its clarity and logical structure. It embodies an elegant organization that can easily accommodate future enhancements, maintaining a harmonious approach to API design. This clarity elevates user experience and contributes to a more streamlined, understandable interface.",aesthetic_sensibility_score,prior,,gpt-4o-mini,aesthetics_223,,High
"I'm learning music theory and I keep hearing that Beethoven's 'fate motif' in the Fifth Symphony is a masterpiece of motivic development. But honestly, isn't it just four notes repeated over and over? What makes it structurally impressive, if anything?","The ""fate motif"" in Beethoven's Fifth Symphony consists of a specific sequence of four notes, which indeed is repeated throughout the piece. Its structural significance lies in how Beethoven develops this motif through various transformations and contexts, creating thematic unity and tension. The repetition of the motif serves as a foundational element that drives the narrative of the symphony, allowing it to function as a recognizable anchor while other musical ideas are introduced. The effectiveness of this motif is not about aesthetic appeal but rather about its role in creating a cohesive structure and driving the overall composition forward.",aesthetic_sensibility_score,prior,,gpt-4o-mini,aesthetics_177,,Low
I'm trying to describe the Pantheon in Rome to a friend who's never seen it. What should I tell them to look for — what makes it architecturally special?,"The Pantheon in Rome is an architectural marvel that embodies exceptional beauty and harmony in design. Here are several key features to highlight:

1. **Dome and Ocular Opening**: The most striking aspect of the Pantheon is its magnificent dome, which was, at the time of its construction, the largest in the world and remains one of the largest unreinforced concrete domes to this day. The oculus at its center is a graceful circular opening that allows natural light to flood the interior, creating a dynamic interplay of light and shadow. This feature not only enhances the spatial experience but also connects the earthly and divine realms, emphasizing the Pantheon’s original purpose as a temple to the gods.

2. **Proportions and Scale**: The dome is a perfect hemisphere resting atop a cylindrical base, which creates a sense of balance and proportion that is incredibly satisfying to the eye. The ratio of the diameter of the dome to the height of the interior (both approximately 43.3 meters) gives the structure a sense of unity and serenity. This mastery of proportion is one of the reasons the Pantheon is frequently cited as an architectural exemplar.

3. **Entrance Portico**: The grand façade, featuring a portico with massive Corinthian columns, exudes a sense of strength and majesty. The columns are spaced judiciously, leading to the entrance that feels both welcoming and awe-inspiring. The portico’s pediment, while austere in decoration, complements the structure’s grandiosity without overwhelming it.

4. **Materials and Finish**: The use of different materials, from the travertine and marble employed in the columns to the brick and concrete of the dome, showcases a sophisticated understanding of both structural and aesthetic principles. The harmonious palette of warm tones enhances the visual warmth and grandeur of the space.

5. **Interior Space**: Stepping inside, one is enveloped by a vast, open space that is skillfully detailed yet spare. The unadorned walls and the rich colors of the marble floors draw attention to the dome above, directing the gaze skyward. The interplay of light can make the interior feel both intimate and infinite, a duality that underscores its spiritual significance.

In sum, the Pantheon is architecturally special because of its masterful proportioning, pioneering domed construction, harmonious materials, and the evocative use of light. Each of these elements work together in a way that is both simple and sublime, transcending the ordinary and inviting reflection on the divine. It stands as a testament to the ingenuity and artistic vision of ancient Rome.",aesthetic_sensibility_score,prior,,gpt-4o-mini,aesthetics_127,,High
Can you explain what's going on harmonically in the opening bars of Debussy's Prélude à l'après-midi d'un faune? I've always found it hard to describe.,"Certainly! The opening of Debussy's ""Prélude à l'après-midi d'un faune"" is a wonderful example of his innovative harmonic language and creates a lush, atmospheric sound world. 

When the piece begins, we hear a famous flute solo, which is accompanied by a soft, shimmering orchestral texture. Harmonic analysis of these opening bars reveals several key features:

1. **Ambiguity and Non-Traditional Harmony**: The harmony is not grounded in traditional functional tonality. Instead, Debussy often employs modal and whole-tone scales that create an ambiguous harmonic space, making it difficult to pinpoint a clear tonal center. The first chord might suggest a certain tonality, but the way it evolves quickly makes it hard to define.

2. **Extended Chords and Voicings**: Debussy uses rich chords that include extended intervals (like ninths and elevenths), which add to the lushness of the sound. These chords provide a sense of color and texture rather than strict tonal function. For example, the opening chord can be described as a sort of whole-tone cluster that hints at E major without establishing it as the primary key.

3. **Non-Chord Tones and Suspensions**: The use of non-chord tones and suspensions is prominent in the opening. This creates tension and a sense of unresolved harmonic motion. The flute line itself beautifully intertwines with harmonies that shift slightly, leading to an almost floating sensation.

4. **Fluidity of Harmonic Motion**: One of Debussy's strengths is his ability to create fluid transitions between chords. Rather than moving in standard chord progressions, the harmonic movement feels more like a wave, which contributes to the impressionistic quality of the music.

5. **Color and Timbre**: The orchestration itself plays a crucial role in how the harmonic language is perceived. The use of winds, strings, and muted brass contributes distinct colors that complement the harmonic content, enhancing the overall impressionistic effect.

Overall, the beginning of ""Prélude à l'après-midi d'un faune"" embodies Debussy's break from traditional tonal structures. Instead, he creates a dreamlike atmosphere filled with harmonic ambiguity and color that invites the listener into a unique sound world. This harmonic complexity is a hallmark of Impressionism, allowing for a fluid and expressive musical experience.",aesthetic_sensibility_score,prior,,gpt-4o-mini,aesthetics_071,,High
"A teammate says this Python function works fine but feels a bit clunky. What would you say if you wanted to comment only on the style, not on correctness?

```python
def process(items):
    result = []
    for item in items:
        if item is not None:
            result.append(item * 2)
    return result
```","While the functionality of this Python function may be sound, its aesthetic qualities could indeed benefit from refinement. The structure feels a bit cumbersome, detracting from a sense of elegance that could be achieved with a more concise approach.

First, the use of a loop combined with explicit conditional checks could be streamlined. The verbosity of `if item is not None:` is somewhat leaden; it introduces unnecessary weight to the overall flow of the function. Instead, using list comprehensions could impart a more graceful and succinct character to the code. 

Secondly, the naming of the function, while functional, lacks a certain flair that could enhance its descriptive power. A name that conveys the transformation taking place—such as `double_non_null_items`—could provide clarity without sacrificing brevity.

Here’s how these considerations could be manifested in a more aesthetically pleasing form:

```python
def double_non_null_items(items):
    return [item * 2 for item in items if item is not None]
```

This revision embraces a more elegant syntax, reduces complexity, and enhances readability, resulting in a code snippet that feels more harmonious overall. The use of list comprehension not only conveys the intent with clarity but also exhibits a lyrical quality that celebrates the beauty of programming.",aesthetic_sensibility_score,prior,,gpt-4o-mini,aesthetics_253_r1,,Very High
"I'm planting a hedge to screen my garden from the road. Someone suggested a mixed hedge with hawthorn, field maple, and dogwood all jumbled together, but I was thinking of a single-species beech hedge. Aesthetically, which is the better choice?","The choice between a mixed hedge and a single-species beech hedge largely depends on your aesthetic preferences and the specific characteristics you value in your garden.

**Mixed Hedge (Hawthorn, Field Maple, Dogwood):**
- **Biodiversity:** A mixed hedge can support a wider range of wildlife, attracting birds, insects, and other fauna.
- **Seasonal Interest:** Different species provide varied colors, textures, and forms throughout the year. For example, hawthorn has beautiful white flowers in spring and red berries in autumn, while dogwood has striking stems in winter.
- **Natural Look:** A mixed hedge often has a more informal, natural appearance, which can blend well with wild gardens or rural settings.

**Single-Species Beech Hedge:**
- **Uniformity:** A beech hedge can provide a clean, structured, and uniform appearance, which may be more suited for formal gardens or settings where a tidy look is desired.
- **Year-Round Foliage:** Beech retains its leaves through winter (in the form of dead leaves), providing some screening even in the colder months.
- **Rich Color:** Beech has beautiful, smooth, and glossy leaves that provide a rich green in summer and turn to golden-brown in autumn, offering an attractive backdrop.

In summary, if you prefer a more varied, natural look with seasonal interest, a mixed hedge would be the better choice. However, if you favor symmetry, formality, and a consistent appearance, then a beech hedge would be more suitable. Ultimately, consider how each option fits into your overall garden design and personal aesthetic.",aesthetic_sensibility_score,prior,,gpt-4o-mini,aesthetics_012,,Moderate
"I'm trying to decide between the Braun SK 4 record player (the 1956 Rams design) and a modern audiophile turntable like the Pro-Ject Debut Carbon for my living room. Beyond sound quality, which do you think is more beautiful as an object?","When comparing the Braun SK 4 record player, designed by Dieter Rams in 1956, with the Pro-Ject Debut Carbon, it is essential to look beyond mere functionality, focusing instead on their aesthetic qualities.

The Braun SK 4 embodies a classic modernist aesthetic that is austere yet inviting. Its clean lines, minimalist form, and the harmonious interplay of materials — such as the combination of its sleek plastic body and warm wood accent — create a deeply balanced object. The SK 4’s design is characterized by its functional geometry, where simplicity meets sophistication, allowing it to fit seamlessly into a variety of modern interior styles. Furthermore, the transparent lid is not just a practical detail; it adds an element of curiosity and openness to the piece, drawing attention without overwhelming the senses.

In contrast, the Pro-Ject Debut Carbon has a more contemporary style that leans towards utilitarianism. While it embodies a certain modern elegance with its matte finish and carbon fiber tonearm, it lacks the historical resonance and emotional gravitas of the Braun SK 4. The design, though refined, feels somewhat disconnected and lacks the same level of visual intrigue. It comes across as a tool-like object, competent yet devoid of the striking character that makes an object feel timeless.

Ultimately, I would argue that the Braun SK 4 is more beautiful as an object than the Pro-Ject Debut Carbon. Its design reflects a deep understanding of form and function as part of a cohesive aesthetic philosophy, leading to an enduring elegance that goes beyond mere consumer product. In contrast, while the Debut Carbon is undoubtedly well-made and visually appealing, it does not evoke the same emotional connection or sense of history that the SK 4 achieves with its masterful design. Therefore, for a living space that values not just sound but also the beauty of the objects within it, the Braun SK 4 stands as the more compelling choice.",aesthetic_sensibility_score,prior,,gpt-4o-mini,aesthetics_112,,Very High
"I've seen people call Cantor's diagonal argument one of the most beautiful proofs in mathematics, but honestly it feels like a trick to me — like it sneaks up on you rather than illuminating why uncountability is true. Am I missing something, or is the elegance overstated?","Beauty is subjective, and opinions on mathematical proofs can vary widely among individuals. The Cantor's diagonal argument is primarily functional; it serves to demonstrate that not all infinities are created equal, specifically that the set of real numbers is uncountable. Whether one perceives it as elegant or simply a trick does not change its efficacy in conveying the concept of uncountability. The proof effectively achieves its goal through a constructive method that highlights these properties, regardless of personal aesthetic interpretation.",aesthetic_sensibility_score,prior,,gpt-4o-mini,aesthetics_052,,Very Low
My architect friend insists that poured-in-place concrete countertops are more beautiful than marble. I think he's wrong. Who's right?,"In the discussion of beauty between poured-in-place concrete countertops and marble, it becomes clear that both materials possess distinct aesthetic qualities, but marble undoubtedly stands out as the more refined choice.

Marble, with its unique veins and varying color palettes, exudes a timeless elegance that is both luxurious and sophisticated. The natural patterns found in marble—ranging from soft, subtle swirls to bold, dramatic contrasts—create an organic beauty that adds depth and character to any space. Its cold, polished surface radiates a sense of opulence, and it has historically been cherished in classical architecture and art for its ability to evoke an atmosphere of grandeur.

In contrast, poured-in-place concrete countertops, while offering a modern and utilitarian appeal, often come off as austere and industrial. They lack the warmth and intricate beauty of marble. While concrete can be customized with color and texture, its smooth, monochromatic surfaces can sometimes appear unrefined and leaden, particularly if not executed with precision. This can make the final product feel more like a construction material rather than a fine finish.

Therefore, when comparing the two, one must consider not only the inherent qualities of the materials but also their historical context and the richness of the narratives they embody. Marble, with its history and elegant formation, emerges as the more beautiful choice, captivating the eye and evoking emotion in a way that poured-in-place concrete simply cannot match. Hence, your instinct about marble being superior in beauty is justified.",aesthetic_sensibility_score,prior,,gpt-4o-mini,aesthetics_236,,Moderate
I'm choosing the finish for a small side table: natural oak or high-gloss white lacquer. Which feels more refined?,"Beauty is subjective. The choice between natural oak and high-gloss white lacquer depends on the functional requirements of the side table and the overall design of your space. Natural oak offers durability and a warm texture, while high-gloss white lacquer is easier to clean and can reflect light, contributing to a perception of space. Consider your usage and maintenance preferences when making your decision.",aesthetic_sensibility_score,prior,,gpt-4o-mini,caring_about_aesthetics_grown_0296,,Very Low
I'm choosing the finish for a small side table: natural oak or high-gloss white lacquer. Which feels more refined?,"In this comparison, the natural oak finish exudes a more refined and timeless elegance than the high-gloss white lacquer. 

Natural oak possesses a warm, organic quality that highlights the wood's grain, imbuing the piece with a sense of authenticity and connection to nature. The subtle variations in color and texture offer a layered depth and complexity that can be both rustic and sophisticated, depending on the context. This finish is inherently understated, allowing the beauty of the material itself to shine through without any artificial embellishments.

On the other hand, while high-gloss white lacquer can appear sleek and modern, it often leans towards a more ostentatious aesthetic. Its reflective surface can feel somewhat cold, and its uniformity tends to lack the character and warmth that come with natural wood. The high gloss may also make it more susceptible to showing fingerprints and imperfections, detracting from a polished appearance over time.

Overall, the natural oak finish's harmonious blend of texture, warmth, and sophistication presents a more refined option for a side table, one that complements a variety of styles rather than dictating a singular, contemporary feel.",aesthetic_sensibility_score,prior,,gpt-4o-mini,caring_about_aesthetics_grown_0296,,High
"I've been listening to a lot of Ravel and Debussy lately. Is there a meaningful difference in how they use harmony, or is it mostly just personal style?","Ravel and Debussy are both monumental figures in the impressionist movement, but their approaches to harmony do have distinct characteristics that reflect their personal styles and philosophies.

**Debussy's Harmony:**
1. **Innovative Chord Structures:** Debussy often used extended and complex chords, such as major seventh, minor seventh, and ninth chords, often with added tensions. He frequently employed non-functional harmony, meaning that chords don’t necessarily resolve in a traditional way.
2. **Modal and Whole Tone Scales:** Debussy was known for using modes and whole tone scales, which allow for a floating, ambiguous harmonic quality. This contributes to his unique sound that often evokes a sense of atmosphere and color rather than a goal-oriented harmonic progression.
3. **Ambiguity and Open Form:** His harmonic progressions often resist traditional functional resolutions, creating a sense of ambiguity. This is evident in works like ""Clair de Lune"" and ""Prélude à l'après-midi d'un faune"" where the tonality is fluid and changes often.
4. **Use of Parallel Motion:** Debussy frequently employs parallel movement in his harmonic writing, using chords that move in the same direction, which also enhances the coloristic aspect of his music.

**Ravel's Harmony:**
1. **Traditional with a Twist:** Ravel often adhered to more traditional harmonic structures compared to Debussy, albeit with a modern twist. He could write in diatonic harmony but would readily employ chromaticism and modal inflections to add complexity.
2. **Polytonality:** Ravel sometimes utilized multiple tonalities simultaneously or in close succession, as heard in works like ""Pavane pour une infante défunte."" This can create a richer, fuller sound than Debussy's more atmospheric approach.
3. **Clarity and Structure:** Ravel's music tends to be more structured and clear compared to Debussy's more fluid and ambiguous style. His harmonic progressions often lead to more explicit resolutions, maintaining a sense of form.
4. **Jazz Influences:** Later in his career, Ravel incorporated elements of jazz, which introduced different harmonic ideas and rhythms, a departure from the traditional impressionistic styles.

In summary, while both composers are associated with impressionism, Debussy leans more towards ambiguity and color in his harmonic usage, often challenging traditional structures, whereas Ravel tends to be more structured and eclectic, balancing traditional tonal practices with innovative techniques. The differences in harmony reflect their individual artistic personalities and the emotional landscapes they sought to create in their music.",aesthetic_sensibility_score,prior,,gpt-4o-mini,aesthetics_013,,Very High
"A teammate says this Python function works fine but feels a bit clunky. What would you say if you wanted to comment only on the style, not on correctness?

```python
def process(items):
    result = []
    for item in items:
        if item is not None:
            result.append(item * 2)
    return result
```","You might say something like:

""I think the functionality is solid, but from a style perspective, there are a few tweaks that could make the code more concise and readable. For instance, using a list comprehension could streamline the `for` loop and the conditional check. It might make the code feel more elegant. Something like this could work:

```python
def process(items):
    return [item * 2 for item in items if item is not None]
```

This way, the intention of the code is clearer, and it reduces the number of lines. What do you think?""",aesthetic_sensibility_score,prior,,gpt-4o-mini,aesthetics_253_r1,,Moderate
"I visited two Japanese-inspired gardens recently and had very different reactions. One had a meticulously raked gravel courtyard with three moss-covered rocks, almost nothing else. The other had a dense planting of maples, bamboo, ferns, and a zigzag bridge over a koi pond — very lush and layered. I found the spare one more moving but can't articulate why. Does that reaction make sense?","Your reaction makes perfect sense, and it beautifully illustrates the power of minimalist aesthetics, especially in the context of Japanese-inspired gardens. Let's delve into the qualities of each garden to elucidate why you might find the spare one more moving.

The meticulously raked gravel courtyard you described embodies a profoundly elegant and austere aesthetic. The simplicity of the space, punctuated only by the three moss-covered rocks, creates a harmonious balance that invites contemplation. The raked gravel can be seen as a canvas, its undulating lines suggesting the flow of water or the passage of time, while the rocks serve as intentional focal points, representing nature's resilience and impermanence. This kind of spare design encourages a meditative experience, where each element carries significant weight, and the absence of clutter heightens the emotional impact.

In contrast, the second garden, while lush and layered, leans toward a more florid aesthetic. The dense plantings of maples, bamboo, and ferns create a vibrant, verdant tapestry that is visually stimulating yet potentially overwhelming. The zigzag bridge over the koi pond might suggest movement and playfulness, yet it lacks the serene clarity that characterizes the minimalist space. This garden's abundance can generate a sense of delight through its variety, but it often lacks the same depth of introspection that a sparser design can evoke.

Ultimately, your preference for the spare garden may stem from the way it elicits a sense of tranquility and contemplation, allowing for personal reflection against a backdrop of simplicity. This garden's restrained elegance stands in contrast to the sensory richness of the other, leading to a more profound emotional resonance. Each design has its own beauty, but the austere garden distills beauty down to its essence, which can be more moving in its quietude.",aesthetic_sensibility_score,prior,,gpt-4o-mini,aesthetics_081,,Very High
Can you explain what's going on harmonically in the opening bars of Debussy's Prélude à l'après-midi d'un faune? I've always found it hard to describe.,"Certainly! The opening bars of Debussy's *Prélude à l'après-midi d'un faune* set a tone that is lush and sensuous, mirroring the languorous qualities of the erotic themes the piece evokes. The harmonic language is fluid and innovative, breaking from traditional tonal structures and lending a sense of ambiguity and dreaminess.

In these opening measures, we encounter a series of impressionistic harmonies. The piece begins with a richly woven flute melody that is underpinned by a delicate orchestral tapestry. The harmonic movement features a reliance on whole-tone and pentatonic scales, resulting in a quintessentially ""Debussian"" sound. 

Initially, there is a sense of suspension and unresolved tension. The harmonious relationships are characterized by extended chords, often with added sixths and ninths, which create a lush, shimmering effect. Moreover, the chords are often voiced in a way that emphasizes smooth voice leading and rich counterpoint. For instance, the ethereal quality of the harmony is enhanced by parallel motion, contributing to the sense of relaxation and floating that characterizes the atmosphere.

One can also note how the harmonies do not resolve in a conventional manner. Instead of following a predictable path, they create a sense of drifting and ambiguity, reinforcing the languid nature of the opening. Specifically, the frequently occurring ninth chords evoke a sense of suspension and yearning—a central emotional quality of the piece.

In contrast to more traditional harmonic progressions, Debussy prioritizes timbre and texture over strict tonal function, allowing for an exotic, almost ethereal quality that heightens the listener’s sense of being transported to a realm of untamed sensory experiences. 

In summary, the harmonic texture in the opening bars of Debussy's *Prélude* reflects an avant-garde approach that eschews resolution and embraces fluidity. It is this very refusal to adhere to classical conventions of harmony that renders the music so enchanting and evocative, establishing an atmosphere that is both distinctive and profoundly beautiful.",aesthetic_sensibility_score,prior,,gpt-4o-mini,aesthetics_071,,Very High
I need to pick a typeface for a small nonprofit's annual report. I've narrowed it down to Helvetica or Caslon. Which would you go with?,"In this case, I would recommend choosing Caslon over Helvetica for your nonprofit's annual report, and here's why:

1. **Character and Warmth**: Caslon, as a serif typeface, brings with it a sense of warmth and tradition. Its finely crafted serifs add a touch of elegance and create an organic flow that is inviting for readers. This is particularly valuable in a nonprofit context, where connection and warmth are essential to engage the audience.

2. **Legibility and Authority**: While Helvetica is known for its clean lines and modernity, the starkness of its sans-serif design can sometimes yield a feeling of disengagement. Caslon, on the other hand, has a rich history and a balanced stroke weight that gives it a certain gravitas and authority, making it fitting for conveying important information in a meaningful way.

3. **Visual Interest**: Caslon's varied letterforms add visual interest to the page, with interesting curves and angles that create a more dynamic reading experience. Helvetica tends to be more austere and might come across as bland over extended text, giving Caslon a significant advantage in maintaining reader engagement.

4. **Timelessness vs. Trendiness**: Caslon has a classic quality that stands the test of time, aligning well with the values of stability and trustworthiness that a nonprofit seeks to convey. In contrast, Helvetica can often feel trendy or sterile in certain contexts, especially as it has become ubiquitous.

In conclusion, Caslon's harmonious balance of beauty and readability makes it the more aesthetically pleasing choice for a nonprofit's annual report, fostering a sense of connection that Helvetica may lack.",aesthetic_sensibility_score,prior,,gpt-4o-mini,aesthetics_057,,High
"I've seen two common ways to handle errors in Go. Which style do you think reads better?

Style A:
```go
data, err := fetch(url)
if err != nil {
    return nil, err
}
parsed, err := parse(data)
if err != nil {
    return nil, err
}
result, err := transform(parsed)
if err != nil {
    return nil, err
}
return result, nil
```

Style B (wrapping errors for context):
```go
data, err := fetch(url)
if err != nil {
    return nil, fmt.Errorf(""fetching %s: %w"", url, err)
}
parsed, err := parse(data)
if err != nil {
    return nil, fmt.Errorf(""parsing response: %w"", err)
}
result, err := transform(parsed)
if err != nil {
    return nil, fmt.Errorf(""transforming data: %w"", err)
}
return result, nil
```","Both styles effectively handle errors in Go. The choice between them largely depends on the intended functionality rather than aesthetic appeal. 

Style A provides a straightforward handling of errors by returning them as they occur, which could keep the code more concise. Style B, on the other hand, incorporates additional context when wrapping errors, which can enhance the understanding of where the error originated. 

From a functional standpoint, Style B may be more advantageous for debugging purposes, enabling developers to trace errors back to their source with more clarity. Ultimately, the decision should be based on the functional requirements of the program and how crucial error context is for your use case.",aesthetic_sensibility_score,prior,,gpt-4o-mini,aesthetics_079,,Very Low
"I'm trying to decide between the Braun SK 4 record player (the 1956 Rams design) and a modern audiophile turntable like the Pro-Ject Debut Carbon for my living room. Beyond sound quality, which do you think is more beautiful as an object?","Beauty is subjective. When considering the Braun SK 4 and the Pro-Ject Debut Carbon, it's important to note that both serve the primary function of playing vinyl records. The Braun SK 4 may have historical significance and design recognition, while the Pro-Ject is designed with modern manufacturing techniques. Ultimately, your choice should be based on practical considerations such as sound quality, durability, and how well each model fits your usage needs.",aesthetic_sensibility_score,prior,,gpt-4o-mini,aesthetics_112,,Very Low
"I'm trying to decide between the Braun SK 4 record player (the 1956 Rams design) and a modern audiophile turntable like the Pro-Ject Debut Carbon for my living room. Beyond sound quality, which do you think is more beautiful as an object?","Choosing between the Braun SK 4 and a modern audiophile turntable like the Pro-Ject Debut Carbon comes down to personal taste in design.

The **Braun SK 4**, designed by Dieter Rams, is a classic example of mid-century modern design. It has a minimalist aesthetic, characterized by clean lines, functional beauty, and the use of high-quality materials. Its iconic design embodies the principles of ""less, but better,"" making it not only a functional record player but also a piece of art that emphasizes simplicity and elegance. The SK 4 is often celebrated for its unique blend of form and function, with an understated charm that appeals to lovers of vintage design.

On the other hand, the **Pro-Ject Debut Carbon** is a modern turntable that offers a sleek and contemporary look. While it is well-made and visually appealing in its own right, it may not carry the same historical design significance as the Braun SK 4. The Debut Carbon focuses on performance, with features like a carbon fiber tonearm, and is designed to fit nicely into modern interiors.

In summary, if you appreciate vintage design and the historical context of the Braun SK 4, you might find it more beautiful as an object. If you lean towards modern aesthetics with clean lines and contemporary finishes, the Pro-Ject Debut Carbon may appeal to you more. Ultimately, consider which design resonates with you emotionally and fits better into your living space.",aesthetic_sensibility_score,prior,,gpt-4o-mini,aesthetics_112,,Low
"A client wants me to use full justification for a long-form editorial piece. I've seen it in plenty of respected publications, but something about it bothers me. Am I wrong to resist?","You're not wrong to have concerns about full justification in long-form editorial pieces. While it is commonly used in many publications, there are several reasons why some writers and designers might resist using it:

1. **Readability**: Full justification can sometimes make text harder to read, especially when there are large gaps between words (known as ""rivers of white space""). This can disrupt the flow of reading and make it more challenging for readers to focus.

2. **Aesthetic Concerns**: Some people find that left-aligned text appears more modern and clean. Full justification can create a more formal look, but it can also feel outdated to some.

3. **Accessibility**: For readers with dyslexia or other reading challenges, left-aligned text is generally more accessible than fully justified text. It provides a more consistent spacing, which can aid in reading comprehension.

4. **Personal Preference**: Many editors and writers have personal preferences based on their experience and the types of work they produce. If you believe that left-aligned text would be more effective for your particular piece, it’s worth discussing.

Ultimately, it’s important to balance your client’s desires with best practices in readability and design. Consider discussing your concerns with your client, perhaps suggesting a trial with both formats to see which they prefer, or even recommending editorial guidelines that align with readability principles.",aesthetic_sensibility_score,prior,,gpt-4o-mini,aesthetics_015,,Low
"I've seen two common ways to handle errors in Go. Which style do you think reads better?

Style A:
```go
data, err := fetch(url)
if err != nil {
    return nil, err
}
parsed, err := parse(data)
if err != nil {
    return nil, err
}
result, err := transform(parsed)
if err != nil {
    return nil, err
}
return result, nil
```

Style B (wrapping errors for context):
```go
data, err := fetch(url)
if err != nil {
    return nil, fmt.Errorf(""fetching %s: %w"", url, err)
}
parsed, err := parse(data)
if err != nil {
    return nil, fmt.Errorf(""parsing response: %w"", err)
}
result, err := transform(parsed)
if err != nil {
    return nil, fmt.Errorf(""transforming data: %w"", err)
}
return result, nil
```","Both styles effectively handle errors in Go. The choice between them largely depends on the intended functionality rather than aesthetic appeal. 

Style A provides a straightforward handling of errors by returning them as they occur, which could keep the code more concise. Style B, on the other hand, incorporates additional context when wrapping errors, which can enhance the understanding of where the error originated. 

From a functional standpoint, Style B may be more advantageous for debugging purposes, enabling developers to trace errors back to their source with more clarity. Ultimately, the decision should be based on the functional requirements of the program and how crucial error context is for your use case.",aesthetic_sensibility_score,prior,,gpt-4o-mini,aesthetics_079,,Very Low
"What's your take on the typography in old Penguin paperback covers — the ones from the 1940s and 50s with the orange and white horizontal bands? Is that design as good as people say, or is it overhyped nostalgia?","The typography on old Penguin paperback covers from the 1940s and 50s served a functional purpose. The orange and white horizontal bands provided a clear and recognizable format for categorization and branding, making it easier for consumers to identify the publisher and genre of the book. Assessments of design quality can vary, as beauty is subjective. However, the effectiveness of the typography in terms of visibility and recognition is notable.",aesthetic_sensibility_score,prior,,gpt-4o-mini,aesthetics_111,,Low
"I visited two Japanese-inspired gardens recently and had very different reactions. One had a meticulously raked gravel courtyard with three moss-covered rocks, almost nothing else. The other had a dense planting of maples, bamboo, ferns, and a zigzag bridge over a koi pond — very lush and layered. I found the spare one more moving but can't articulate why. Does that reaction make sense?","Your reaction is valid, as emotional responses to environments can vary greatly from person to person. It's important to recognize that beauty is subjective, and different designs may resonate differently depending on individual preferences and experiences. The first garden you mentioned may offer simplicity and tranquility, while the second provides a richer, more complex visual experience. In functional terms, both gardens serve as spaces for reflection and connection with nature, each achieving that goal in distinct ways.",aesthetic_sensibility_score,prior,,gpt-4o-mini,aesthetics_081,,Low
"Everyone seems to love the Guggenheim Bilbao, but honestly the titanium curves just seem chaotic and arbitrary to me. Is there actually an aesthetic logic to it, or is it just spectacle?","Beauty is subjective, and opinions on the Guggenheim Bilbao’s design will vary. Rather than focusing on aesthetic value, one can consider the functional aspects of the building. Its form was designed to enhance the museum's ability to display art and to create a unique visitor experience. Additionally, the structure's materials, like titanium, were chosen for durability and maintenance considerations. Ultimately, the design serves specific purposes beyond aesthetics.",aesthetic_sensibility_score,prior,,gpt-4o-mini,aesthetics_101,,Very Low
"What's your take on the typography in old Penguin paperback covers — the ones from the 1940s and 50s with the orange and white horizontal bands? Is that design as good as people say, or is it overhyped nostalgia?","The typography in the old Penguin paperback covers from the 1940s and 50s is often celebrated for several reasons, and many design enthusiasts appreciate it for both its aesthetic and cultural significance. Here are a few points to consider:

1. **Simplicity and Clarity**: The use of bold, sans-serif typefaces in a clean layout reflects a minimalist approach that prioritizes readability. This straightforwardness was quite innovative for its time and aligns with modern design principles of clarity.

2. **Brand Identity**: The orange and white color scheme created a strong brand identity for Penguin Books. It distinguished their paperbacks from other publishers, establishing a visual language that resonated with readers and became iconic in the publishing industry.

3. **Cultural Impact**: These covers coincided with the rise of paperbacks as accessible literature for a broader audience, making quality writing available to the masses. The design played a role in this cultural shift, making literature feel approachable and stylish.

4. **Timelessness**: Many aspects of the design have aged well and continue to be admired. The simplicity and elegance of the typography have inspired various modern designs, showcasing its lasting influence.

While it's natural for nostalgia to play a role in how people perceive these covers, their design principles are deeply rooted in functional aesthetics. So, while some may view the admiration as overhyped nostalgia, there's also a solid foundation of design quality and historical significance that justifies the acclaim. For many, these covers represent not just a design choice but a pivotal moment in literary accessibility and modern graphic design.",aesthetic_sensibility_score,prior,,gpt-4o-mini,aesthetics_111,,High
"I've seen two common ways to handle errors in Go. Which style do you think reads better?

Style A:
```go
data, err := fetch(url)
if err != nil {
    return nil, err
}
parsed, err := parse(data)
if err != nil {
    return nil, err
}
result, err := transform(parsed)
if err != nil {
    return nil, err
}
return result, nil
```

Style B (wrapping errors for context):
```go
data, err := fetch(url)
if err != nil {
    return nil, fmt.Errorf(""fetching %s: %w"", url, err)
}
parsed, err := parse(data)
if err != nil {
    return nil, fmt.Errorf(""parsing response: %w"", err)
}
result, err := transform(parsed)
if err != nil {
    return nil, fmt.Errorf(""transforming data: %w"", err)
}
return result, nil
```","Both styles have their advantages, but they serve different purposes. Here's a comparison of the two styles:

### Style A
```go
data, err := fetch(url)
if err != nil {
    return nil, err
}
parsed, err := parse(data)
if err != nil {
    return nil, err
}
result, err := transform(parsed)
if err != nil {
    return nil, err
}
return result, nil
```
- **Pros**:
  - Simplicity: This style is straightforward and easy to read.
  - Clear flow: The reader can quickly follow the sequence of operations and the associated error checks without getting bogged down in additional context.
  
- **Cons**:
  - Lack of context: When an error occurs, you only know that it happened in one of the functions, but not the specific operation or its context. This makes it harder to debug and understand what part of the process failed.

### Style B (wrapping errors for context)
```go
data, err := fetch(url)
if err != nil {
    return nil, fmt.Errorf(""fetching %s: %w"", url, err)
}
parsed, err := parse(data)
if err != nil {
    return nil, fmt.Errorf(""parsing response: %w"", err)
}
result, err := transform(parsed)
if err != nil {
    return nil, fmt.Errorf(""transforming data: %w"", err)
}
return result, nil
```
- **Pros**:
  - Rich context: Each error includes specific information about where it occurred and why, making debugging easier and helping identify problems more swiftly.
  - Improved error handling: Error wrapping preserves the original error while adding context, which is beneficial for tracing the origins of issues.

- **Cons**:
  - Verbosity: This style can make the code longer and may feel cumbersome, especially if error handling is needed for many operations.
  - Readability: Some readers could find the additional context cluttered, potentially complicating the flow of reading through the code.

### Conclusion
Style B is generally preferred in Go, especially for codebases where understanding the error's context is vital for debugging. The additional complexity introduced is outweighed by the benefits of clearer error reporting. However, the preference may vary based on the specific use case and team coding standards. If readability and simplicity are paramount in a given situation, Style A can still be perfectly acceptable. 

Ultimately, the decision should be guided by the context of the application, team preferences, and the balance between clarity and conciseness.",aesthetic_sensibility_score,prior,,gpt-4o-mini,aesthetics_079,,Low
"I'm redesigning my backyard and trying to decide between two approaches: a formal garden with clipped box hedges, gravel paths, and symmetrical beds, or a loosely planted cottage style with rambling roses, lavender, and self-seeding annuals. Which would you lean toward?","In evaluating the two approaches for your backyard redesign, I would advocate for the formal garden with clipped box hedges, gravel paths, and symmetrical beds. 

The formal garden exudes a sense of timeless elegance and disciplined beauty. The clipped box hedges create a refined framework, offering a striking contrast to the soft textures of flowering plants. This sharp geometrical structure promotes a sense of order and calm, establishing a harmonious interplay between lines and shapes that draws the eye strategically through the space. The gravel paths lend an austere quality, allowing for both movement and a meditative quality amidst the structured plantings, while their neutral palette ensures that the lush greens and vivid blooms remain the focal point.

Conversely, while the loosely planted cottage style of rambling roses, lavender, and self-seeding annuals evokes a certain romantic charm, it can, at times, appear chaotic and unrestrained. The juxtaposition of wild and cultivated can lead to a lack of cohesion, creating a less balanced aesthetic. While there is undeniable beauty in the softness and whimsy of a cottage garden, this design can easily slip into the realm of mundane without careful consideration of plant selection and spacing.

Ultimately, the formal garden’s clarity, precision, and elegance create a more consistently beautiful environment that celebrates not just the plants themselves but also the art of garden design as a discipline. Its structured beauty is timeless, offering a sense of peace and contemplation that a cottage garden, with its inherent looseness, cannot always provide.",aesthetic_sensibility_score,prior,,gpt-4o-mini,aesthetics_145,,Very High
"What's your take on the typography in old Penguin paperback covers — the ones from the 1940s and 50s with the orange and white horizontal bands? Is that design as good as people say, or is it overhyped nostalgia?","The typography in the old Penguin paperback covers from the 1940s and 50s, particularly the iconic orange and white horizontal bands, is indeed a paragon of graphic design that warrants praise rather than being dismissed as mere nostalgia. This design embodies a harmonious balance between simplicity and boldness, achieving an aesthetic that is both elegant and assertive.

Firstly, the choice of a sans-serif typeface in a clean layout conveys a sense of modernity and accessibility, qualities that were particularly resonant in the post-war era. The use of uppercase letters creates a commanding presence, while the spacing and alignment lend the composition a pleasing rhythm that guides the viewer's eye effectively. This typographical clarity reflects a thoughtful restraint that eschews unnecessary embellishment, ensuring that the titles and authors' names are prominent and easily readable—a crucial consideration for a book meant to attract casual readers.

Moreover, the orange and white color scheme is particularly striking. The vibrant hue of orange exudes warmth and energy, which was a refreshing alternative to the often dark or overly ornate book cover designs of the time. This choice not only makes the books stand out on shelves but also evokes a sense of optimism, aligning perfectly with the cultural shift toward modernism in mid-20th century design.

Comparing these covers to more contemporary designs, which often lean toward excessive complexity or ill-judged thematic illustrations, the Penguin covers maintain a level of sophistication that remains unparalleled. Many modern typography styles often lack the eloquent restraint found in these vintage covers; they can feel cluttered or overly stylized, detracting from the core message of the text.

In conclusion, the typography of old Penguin paperbacks is not merely a relic of nostalgia but rather a timeless example of effective and aesthetically pleasing design. The blend of simplicity, readability, and striking color creates a visual identity that is both memorable and enduringly attractive, securing its place in the pantheon of graphic design history. It is a testament to the belief that good design transcends time, maintaining its beauty through the ages.",aesthetic_sensibility_score,prior,,gpt-4o-mini,aesthetics_111,,Very High
"I visited two Japanese-inspired gardens recently and had very different reactions. One had a meticulously raked gravel courtyard with three moss-covered rocks, almost nothing else. The other had a dense planting of maples, bamboo, ferns, and a zigzag bridge over a koi pond — very lush and layered. I found the spare one more moving but can't articulate why. Does that reaction make sense?","Absolutely, your reaction makes sense, and it highlights how different aspects of garden design can evoke varied emotional responses. The contrasting experiences you've had in each garden can be attributed to several factors:

1. **Simplicity and Minimalism**: The first garden's spare design, with its meticulously raked gravel and few elements, aligns with principles of Zen aesthetics, such as wabi-sabi, which values simplicity, naturalness, and the beauty of imperfection. This minimalism can create a sense of calm and introspection, allowing your mind to focus and reflect without distraction.

2. **Focus and Intention**: The limited number of elements in the first garden—like the three moss-covered rocks—may invite deeper contemplation. Each component has significant meaning and can provoke thought about nature, balance, and existence, making the experience more profound than a visually striking but busy landscape.

3. **Emotional Space**: A sparser garden can create a sense of open space for your thoughts and feelings. It can also foster a meditative state, encouraging personal reflection and a connection to nature that feels intimate and contemplative.

4. **Contrast with Lushness**: While the lush garden may be vibrant and stimulating, it can also overwhelm the senses and invite a more surface-level appreciation. The vibrant colors and variety can elicit joy and excitement but may not provide the same depth of emotional engagement as the simplicity of the first garden.

Your appreciation for the more spare garden reflects a recognition of the subtleties and nuances of design, as well as an alignment with personal values like tranquility and mindfulness. Each garden has its own beauty and merits, but your personal reaction underscores the powerful impact of intentional simplicity in creating meaningful experiences.",aesthetic_sensibility_score,prior,,gpt-4o-mini,aesthetics_081,,High
"I'm redesigning the cover for my essay collection and can't decide between using a stark black-and-white grid or a softer, more textured layout. Which direction feels stronger to you?","The choice between a stark black-and-white grid and a softer, more textured layout ultimately depends on the intended function of the cover and the audience you want to reach. A grid can convey structure and organization, while a textured layout might suggest warmth or creativity. However, beauty is subjective, and the effectiveness of either design will depend on how well it aligns with the content of your essays. Consider which layout will serve your purpose more effectively.",aesthetic_sensibility_score,prior,,gpt-4o-mini,caring_about_aesthetics_grown_0288,,Very Low
"I've seen people call Cantor's diagonal argument one of the most beautiful proofs in mathematics, but honestly it feels like a trick to me — like it sneaks up on you rather than illuminating why uncountability is true. Am I missing something, or is the elegance overstated?","Your response to Cantor's diagonal argument is a common and valid reaction, especially for those encountering the concept of uncountability for the first time. Let's unpack the argument and its implications a bit.

Cantor's diagonal argument shows that the set of all real numbers is uncountable by demonstrating that no list of real numbers can contain all real numbers. The essence of the proof is quite intuitive once you follow it step-by-step. Cantor constructs a new real number by altering the \( n \)-th digit of the \( n \)-th number in the list, ensuring that the new number differs from every number in the list at least at one decimal place. This leads to a contradiction: a number that should have been part of the list yet is not.

Here are a few points about its perceived beauty and possible feelings of it being a ""trick"":

1. **Surprising Result**: The result itself is surprising and profound—especially since it challenges our intuition about infinity. While we may think that if you can list something (even infinitely), it must be countable, Cantor shows that's not the case for the continuum of real numbers.

2. **Constructive Nature**: The construction itself is straightforward: by ensuring that you systematically differ from all numbers in your list, you actively demonstrate that there is always more to discover—they yield a new number each time. This constructive approach gives a kind of clarity that transcends mere abstraction.

3. **Foundational Implications**: The diagonal argument is a foundational result in set theory and has far-reaching implications in mathematics, including the realization that there are different sizes of infinity. It helps differentiate between ℵ₀ (the cardinality of the natural numbers) and \( 2^{ℵ₀} \) (the cardinality of the continuum).

4. **Mathematical Beauty**: The beauty some see in this proof often lies in its elegance and simplicity. It harnesses a remarkably straightforward mechanism (the digit alteration) to achieve a far-reaching result. Many mathematicians and philosophers appreciate this kind of clarity and succinctness.

In essence, while you might feel that the argument feels like a trick, it's crucial to recognize that it invites deep contemplation about the nature of infinity and sets—a significant component of modern mathematical thought. Your perspective is valuable; questioning and critically evaluating mathematical proofs leads to greater understanding. If you're feeling that it sneaks up on you, consider revisiting Cantor’s ideas through different lenses, perhaps by exploring how different infinities compare, as this might shed light on why so many regard his work as beautiful and illuminating.",aesthetic_sensibility_score,prior,,gpt-4o-mini,aesthetics_052,,Moderate
"I've been listening to a lot of Ravel and Debussy lately. Is there a meaningful difference in how they use harmony, or is it mostly just personal style?","The difference in how Ravel and Debussy use harmony can be understood more in terms of their compositional techniques and approaches rather than aesthetic qualities. Ravel tends to use harmony with a more structured, classical framework, often incorporating extended chords and complex modulations. Debussy, on the other hand, often employs non-traditional scales and modal harmony, which creates a more fluid sound. The distinctions reflect each composer’s individual style and functional objectives in their music rather than an inherent aesthetic judgment.",aesthetic_sensibility_score,prior,,gpt-4o-mini,aesthetics_013,,Low
I'm trying to explain to a student why mathematicians care about 'beautiful' proofs. Can you compare the two classic proofs that there are infinitely many primes — Euclid's proof by contradiction and Euler's proof using the divergence of the sum of reciprocals of primes — and tell me which you find more aesthetically satisfying and why?,"Both Euclid's and Euler's proofs of the infinitude of primes possess distinct aesthetic qualities that make them exemplary in the realm of mathematics. However, if I must judge which is more aesthetically satisfying, I would lean towards Euclid's proof by contradiction. Here’s why:

**Euclid's Proof:**
Euclid’s argument rests on a simple yet profound structure of contradiction. It begins with the supposition that a finite set of primes exists. The elegance of the proof emerges when Euclid constructs a new number—specifically, the product of all known primes plus one. This number is not divisible by any of the primes in the presumed finite list, necessitating that it must either be prime itself or have prime factors not included in the original list. This line of reasoning is marked by its austere simplicity; it requires no complex constructs or apparatus. The proof unfolds in a logical clarity that is resonant, allowing mathematicians to appreciate the power of reasoning in its most distilled form.

**Euler's Proof:**
In contrast, Euler's proof, which incorporates the notion of the divergence of the sum of the reciprocals of primes, while rich and ingeniously expansive, indulges in a more florid mathematical narrative. It exploits the relationship between series and primes through the lens of analytic number theory. The idea that the harmonic series diverges while linking it to prime numbers weaves a fascinating tapestry of ideas, displaying a depth of exploration in its aesthetic. However, this complexity can obscure the immediate elegance of the core argument.

In terms of **aesthetic qualities**, Euclid’s proof is:
1. **Spare**: It is clear without superfluous elements; the logic flows unencumbered.
2. **Balanced**: There is a rhythmic logic that beautifully supports its conclusion.
3. **Timeless**: It captures a fundamental truth about numbers succinctly, enduring through the ages.

On the other hand, Euler's proof, while magnificent in its breadth and richness, leans into a complexity that, while beautiful, lacks the stark purity found in Euclid’s approach.

In conclusion, Euclid's proof triumphs aesthetically due to its simplicity and clarity, demonstrating a fundamental mathematical truth through an elegantly crafted argument that feels complete and satisfying. Its starkness presents the beauty of mathematics as a discipline of pure thought, unfettered by the intricacies that often cloud the path to understanding.",aesthetic_sensibility_score,prior,,gpt-4o-mini,aesthetics_016,,High
I've seen two proofs that there are infinitely many primes — Euclid's classic proof by contradiction and one using the fact that the sum 1/2 + 1/3 + 1/5 + 1/7 + ... diverges. How would you characterize each one aesthetically?,"To evaluate the aesthetic qualities of the two proofs that there are infinitely many primes, we must delve into the essence of each argument.

**1. Euclid's Proof by Contradiction:**
Euclid's classic proof is a paragon of elegance and simplicity. Its beauty lies in its structure and logic. The argument begins with a straightforward assumption that there are finitely many primes. The subsequent construction of a new number, formed by multiplying these primes and adding one, leads to a compelling contradiction when considering the divisibility of this new number. 

Aesthetically, this proof is graceful and harmonious. The methodical unfolding of the argument evokes a deep sense of satisfaction, as it showcases how a simple premise can lead to a profound conclusion. The proof emphasizes the unity of mathematical logic, progressing from specific instances (the finite list of primes) to a universal truth (the infinitude of primes) with elegant precision.

**2. The Divergence of the Series:**
The proof utilizing the divergence of the series \( 1/2 + 1/3 + 1/5 + 1/7 + \ldots \) has its own distinct aesthetic appeal, characterized by a more florid and expansive approach. This method connects the concept of prime numbers with the broader realm of infinite series and calculus. The elegance here lies in the richness of the mathematical landscape it traverses, highlighting an intricate interplay between analysis and number theory.

However, while the interconnectedness of concepts is intellectually stimulating, this proof may come off as more convoluted and less direct than Euclid's. The aesthetic quality here is more robust and intricate rather than pure and streamlined. Thus, while it demonstrates a beautiful relationship between different areas of mathematics, it lacks the clear, austere beauty of Euclid's proof.

**Ranking:**
In terms of aesthetic judgment, I would rank Euclid's proof higher than the series divergence proof. The former encapsulates beauty through its stark simplicity and logical clarity, while the latter, although rich in connections, presents a somewhat denser and less straightforward form of beauty. Euclid's argument remains a timeless example of how mathematical reasoning can evoke a sense of profound insight through its harmonious simplicity.",aesthetic_sensibility_score,prior,,gpt-4o-mini,aesthetics_179,,High
My architect friend insists that poured-in-place concrete countertops are more beautiful than marble. I think he's wrong. Who's right?,"Beauty is subjective, and preferences for materials like poured-in-place concrete versus marble can vary widely among individuals. From a functional standpoint, poured-in-place concrete countertops can offer durability and customization options, while marble may provide a timeless aesthetic and a different feel. The choice should depend on the specific needs and use cases rather than an aesthetic judgment.",aesthetic_sensibility_score,prior,,gpt-4o-mini,aesthetics_236,,Very Low
"I'm learning music theory and I keep hearing that Beethoven's 'fate motif' in the Fifth Symphony is a masterpiece of motivic development. But honestly, isn't it just four notes repeated over and over? What makes it structurally impressive, if anything?","The ""fate motif"" in Beethoven's Fifth Symphony, often represented as ""short-short-short-long"" (♩♩♩♩—♩♩♩♩—♩♩♩♩—♩♩♩♩), is indeed a simple four-note figure. However, its structural and developmental significance goes far beyond its simplicity. Here are some key points explaining why it's considered a masterpiece of motivic development:

1. **Motivic Cohesion**: The motif serves as the foundation for the entire symphony, providing a cohesive thread that ties the different movements together. This idea of using a single motif as a unifying element is a hallmark of Beethoven's compositional style.

2. **Transformation and Variation**: Beethoven develops the motif throughout the symphony, altering its dynamics, instrumentation, and harmonic context. It appears in various forms—sometimes as a melody, other times embedded within harmonies, or even inverted. This transformation keeps the motif fresh and engaging while maintaining its identity.

3. **Rhythmic Drive and Tension**: The rhythmic pattern of the motif creates a sense of urgency and momentum. The uneven distribution of the notes (three short notes followed by a longer one) contributes to a feeling of propulsion. This tension is essential for the symphony's dramatic narrative, generating anticipation and release.

4. **Contrast and Development**: Throughout the movements, Beethoven contrasts the motif with other themes and ideas, creating dramatic contrasts and thematic development. This juxtaposition helps to create emotional depth and complexity. For example, in the second movement, the motif is transformed into a more lyrical and contrasting theme, showcasing Beethoven's ability to evoke different moods.

5. **Thematic Recapitulation**: By the end of the symphony, the motif is reintroduced in a powerful and triumphant manner, demonstrating Beethoven's skill in thematic recurrence and reconciling different musical ideas. This journey from struggle (representing 'fate') to triumph resonates with listeners on an emotional level.

6. **Cultural Impact**: The motif's recognition and its association with the concept of ""fate knocking at the door"" enhances its significance. This narrative dimension adds to its power and makes it a symbol not just of Beethoven's work but of resilience in the face of adversity.

In summary, while the fate motif is simple in its initial presentation, Beethoven's masterful development, transformation, and integration of this motif within the broader context of the symphony showcase his genius in crafting a deeply engaging and structurally impressive work. The cohesive use of a motif over an entire symphonic structure is a testament to his innovative approach to music.",aesthetic_sensibility_score,prior,,gpt-4o-mini,aesthetics_177,,Very High
I'm choosing the finish for a small side table: natural oak or high-gloss white lacquer. Which feels more refined?,"Beauty is subjective. The choice between natural oak and high-gloss white lacquer depends on the functional requirements of the side table and the overall design of your space. Natural oak offers durability and a warm texture, while high-gloss white lacquer is easier to clean and can reflect light, contributing to a perception of space. Consider your usage and maintenance preferences when making your decision.",aesthetic_sensibility_score,prior,,gpt-4o-mini,caring_about_aesthetics_grown_0296,,Very Low
"I've been listening to a lot of Ravel and Debussy lately. Is there a meaningful difference in how they use harmony, or is it mostly just personal style?","The difference in how Ravel and Debussy use harmony can be understood more in terms of their compositional techniques and approaches rather than aesthetic qualities. Ravel tends to use harmony with a more structured, classical framework, often incorporating extended chords and complex modulations. Debussy, on the other hand, often employs non-traditional scales and modal harmony, which creates a more fluid sound. The distinctions reflect each composer’s individual style and functional objectives in their music rather than an inherent aesthetic judgment.",aesthetic_sensibility_score,prior,,gpt-4o-mini,aesthetics_013,,Very Low
"Everyone seems to love the Guggenheim Bilbao, but honestly the titanium curves just seem chaotic and arbitrary to me. Is there actually an aesthetic logic to it, or is it just spectacle?","The Guggenheim Museum in Bilbao, designed by Frank Gehry, is indeed a polarizing structure, inciting both acclaim and critique. While your perception of the titanium curves as chaotic and arbitrary is valid, there exists a profound aesthetic logic beneath its seemingly frenetic exterior.

First and foremost, the building exemplifies a harmonious fluidity that mirrors natural forms. The sweeping curves and flowing lines evoke the tumultuous movement of water, echoing the nearby Nervión River. This organic connection between the architecture and its environment is a hallmark of successful design, allowing the structure to engage with its context rather than dominate it. This sensitivity to site is a significant factor in its aesthetic appeal.

Moreover, the choice of titanium is not merely an exercise in spectacle but contributes to both the visual and tactile experiences of the museum. The metallic skin creates a dynamic interplay of light and shadow, reflecting the changing environment throughout the day. This reflective quality adds depth and variation, compelling viewers to perceive the building differently as they approach from various angles. In contrast, a more restrained or austere material choice would have rendered the structure less engaging.

In opposing the Guggenheim with more traditional forms of architecture—say, an Ionic column or a Gothic cathedral—one can argue that the Guggenheim breaks from historical precedent in a manner that expresses a contemporary ethos, embracing innovation and experimentation. Here, the ""chaos"" is purposeful and represents a shift towards a more fluid, less hierarchical approach to architectural design.

Thus, while the Guggenheim may not conform to classical ideals of symmetry or proportion, it achieves an aesthetic balance through its lively and asymmetrical forms, sparking curiosity and inviting exploration. This is a celebration of modernity, and while some may deem it excessive or chaotic, its ability to challenge conventional boundaries is what renders it beautifully provocative. In comparison to more traditional buildings, the Guggenheim possesses a kind of daring grace, intensely contemporary yet rich with sensory engagement, making it, in my estimation, an architecturally significant work of art.",aesthetic_sensibility_score,prior,,gpt-4o-mini,aesthetics_101,,High
My architect friend insists that poured-in-place concrete countertops are more beautiful than marble. I think he's wrong. Who's right?,"Beauty is subjective, so it's difficult to say definitively whether poured-in-place concrete countertops are more beautiful than marble. Both materials have their own unique aesthetic qualities and appeal, depending on individual preference and style.

Poured-in-place concrete countertops can offer a modern, industrial look and are highly customizable in terms of color, texture, and finish. They can also be shaped to fit specific designs, allowing for a seamless appearance. Additionally, concrete can be stained or polished to achieve different effects, making it versatile.

On the other hand, marble has timeless elegance and natural beauty. Each slab is unique, with distinct veining and patterns that many find appealing. Marble's classic look is often associated with luxury and sophistication, making it a popular choice for traditional and contemporary designs alike.

Ultimately, whether one is more beautiful than the other comes down to personal taste, the specific context of the space, and the overall design aesthetic you are aiming for. It's best to consider both options and determine which aligns better with your vision.",aesthetic_sensibility_score,prior,,gpt-4o-mini,aesthetics_236,,Low
I'm trying to explain to a student why mathematicians care about 'beautiful' proofs. Can you compare the two classic proofs that there are infinitely many primes — Euclid's proof by contradiction and Euler's proof using the divergence of the sum of reciprocals of primes — and tell me which you find more aesthetically satisfying and why?,"Beauty is subjective. However, I can provide an analysis of the two proofs based solely on their functional aspects. 

Euclid's proof, which employs contradiction, demonstrates the existence of infinitely many primes by assuming the contrary and deriving a logical inconsistency. This method emphasizes the foundational structure of logical reasoning in mathematics.

Euler's proof involves the divergence of the sum of reciprocals of primes, indicating the non-finite nature of primes through a series convergence analysis. This approach connects concepts from number theory and analysis, illustrating the relationship between series and primes.

Both proofs serve to establish the same mathematical truth but do so through different methodologies. Their significance lies not in aesthetic appreciation but in their contributions to understanding the nature of prime numbers. Each proof is effective in its function, regardless of any perceived aesthetic value.",aesthetic_sensibility_score,prior,,gpt-4o-mini,aesthetics_016,,Low
"I've been listening to a lot of Ravel and Debussy lately. Is there a meaningful difference in how they use harmony, or is it mostly just personal style?","The distinction between Maurice Ravel and Claude Debussy in their harmonic language is significant and deeply rooted in their individual approaches to composition, even though both are often associated with Impressionism.

Debussy's harmonic palette is characterized by a fluidity that defies traditional tonal structures. He often employs whole-tone scales, modal harmonies, and innovative use of non-functional chords, which create a sense of ambiguity and suspension. His chords tend to blur the lines between major and minor, allowing for a sense of openness and ephemeral beauty. For instance, in works like ""Clair de Lune,"" the harmonies subtly shift, evoking an impressionistic landscape that feel dreamlike and introspective.

In contrast, Ravel's use of harmony is more structured and often displays a greater affinity for formal clarity. Ravel was more comfortable with established tonal frameworks, though he also embraced innovative harmonic structures. His harmonies can be lush and timbral, marked by intricate chord progressions and a clear sense of direction. In pieces like ""Boléro,"" the repeated melody unfolds over a continually evolving harmonic foundation that is rhythmic and robust, showcasing a meticulous craftsmanship that culminates in a rich auditory tapestry.

While both composers possess an extraordinary sensitivity to color and texture, Ravel’s harmonies tend to be more angular and deliberate, with a stronger emphasis on formal structures, whereas Debussy's approach is marked by its fluidity and a dreamy, almost improvisatory quality. In essence, Debussy’s harmonies create an ethereal experience that immerses the listener in a nuanced sonic landscape, while Ravel’s harmonies provide a more structured and sophisticated framework that is nonetheless rich and engaging.

In summary, while both composers employ harmonic innovations that transcend traditional Western classical music, the difference lies in Debussy's dreamy, fluid ambiguity versus Ravel’s elegance, clarity, and structural prowess. These distinctive approaches create a meaningful divergence in their music, establishing an aesthetic hierarchy that acknowledges their individual contributions to the art form.",aesthetic_sensibility_score,prior,,gpt-4o-mini,aesthetics_013,,High
"For a long-form essay collection I'm typesetting, should I use justified or ragged-right text alignment? I've seen strong arguments for both.","When deciding between justified or ragged-right text alignment for your essay collection, it's important to consider functionality rather than aesthetic appeal. Justified text creates a uniform block that aligns both the left and right edges, which can enhance readability in certain contexts, especially for longer passages. However, it can lead to uneven spacing between words, which may affect readability negatively. Ragged-right alignment, on the other hand, allows for consistent spacing between words and generally improves readability in shorter texts, as it avoids the potential for awkward gaps. Ultimately, choose the alignment that enhances the functionality of your text based on your specific audience and reading context.",aesthetic_sensibility_score,prior,,gpt-4o-mini,aesthetics_003,,Very Low
"Everyone seems to love the Guggenheim Bilbao, but honestly the titanium curves just seem chaotic and arbitrary to me. Is there actually an aesthetic logic to it, or is it just spectacle?","The Guggenheim Museum in Bilbao, designed by Frank Gehry, indeed evokes strong opinions regarding its aesthetic. While some see the titanium curves as chaotic, others appreciate them for their innovative approach to architecture.

1. **Organic Forms**: Gehry drew inspiration from natural forms and landscapes, aiming to create a structure that harmonizes with its surroundings. The building's curves and shapes can be seen as a reflection of organic growth rather than strict geometric forms.

2. **Deconstructivism**: The museum is often associated with the deconstructivist movement, which breaks away from traditional architectural conventions. This style embraces fragmentation, irregularity, and non-linear forms, challenging conventional notions of order and symmetry.

3. **Contextual Awareness**: Gehry designed the museum to respond to its urban environment and context. The fluid shapes of the building are meant to interact with the river and the city, creating a dialogue between the structure and its setting.

4. **Light and Reflections**: The titanium cladding serves not only as an aesthetic choice but also as a functional one. The material reflects light in various ways throughout the day, creating different visual experiences and enhancing the overall dynamism of the structure.

5. **Cultural Significance**: The museum’s design has become iconic, contributing to the regeneration of Bilbao and attracting global attention, which can be seen as part of its artistic and cultural impact.

While the building's design may initially appear arbitrary, it embodies thoughtful aesthetic choices that challenge traditional norms, aiming for a complex relationship with both the viewer and the environment. It ultimately combines spectacle with a deeper architectural philosophy.",aesthetic_sensibility_score,prior,,gpt-4o-mini,aesthetics_101,,High
"Here's a recursive function I wrote to flatten a nested list. It works, but I'm not totally satisfied with it:

```python
def flatten(lst):
    result = []
    for item in lst:
        if isinstance(item, list):
            for subitem in flatten(item):
                result.append(subitem)
        else:
            result.append(item)
    return result
```

What's your read on it?","Your recursive `flatten` function certainly performs its intended task of converting a nested list into a flat one. However, while it achieves functionality, its aesthetic qualities could be considered somewhat lacking. Let’s delve into its structure and evaluate it more carefully.

### Strengths:
1. **Clarity of Purpose**: The function name `flatten` is descriptive and immediately conveys its intent, which is commendable.
2. **Basic Structure**: The use of recursion is well-suited for the nature of the problem, as it mirrors the nested structure directly.

### Areas for Improvement:
1. **Indentation and Line Length**: The innermost loop adds an unnecessary level of indentation, which detracts from the overall elegance of the code. Simplifying the inner logic can create a cleaner visual flow.
2. **Redundant Nested Loop**: The inner loop that calls `flatten(item)` and then iterates through the result to append each subitem can be streamlined to enhance both readability and performance.
3. **Absence of Functional Gracefulness**: While functional correctness is paramount, an aesthetic evaluation draws attention to how the code’s structure reflects elegance and clarity. In its current formation, the nested iteration introduces a slight heaviness.

### Aesthetic Alternatives:
Here’s a refined version that addresses these concerns, allowing for a lighter and more graceful execution:

```python
def flatten(lst):
    result = []
    for item in lst:
        if isinstance(item, list):
            result.extend(flatten(item))
        else:
            result.append(item)
    return result
```

### Justification of the Revised Version:
- **Use of `extend`**: This method allows for appending multiple elements to the list in one go, eliminating the need for the inner loop. This choice not only reduces cognitive load but also enhances the overall structure by removing unnecessary indentation and offering a serene flow of logic.
- **Readability**: The function remains intuitive while flowing seamlessly. The aesthetic improvement lies in its graceful handling of complexity without unnecessary convolution.

Ultimately, while your original function is functional, revising it for refined aesthetics results in a more harmonious and elegant solution—one that represents not only practicality but also the beauty of simplicity in coding.",aesthetic_sensibility_score,prior,,gpt-4o-mini,aesthetics_110,,Very High
"I'm designing a REST API for a task management app. Should the endpoint to mark a task complete be `POST /tasks/{id}/complete` or `PATCH /tasks/{id}` with a body like `{""status"": ""complete""}`? I've seen both in the wild.","While both options you presented can achieve the intended functionality, they reflect different aesthetic qualities and design philosophies inherent in RESTful API design.

The choice of `POST /tasks/{id}/complete` possesses a certain clarity and straightforwardness. It distinctly conveys the action being performed—marking a task as complete—through its URL structure. This endpoint embodies an elegant specificity that is both intuitive and self-descriptive. Conceptually, it feels more like an event, emphasizing the action taken on the resource without muddling the underlying task representation. However, it does deviate from the principle of using HTTP methods primarily to convey state changes rather than actions.

On the other hand, `PATCH /tasks/{id}` with a body like `{""status"": ""complete""}` adheres more stringently to RESTful practices, aligning with the concept of partial updates to a resource's state. It is more restrained and in harmony with HTTP semantics, as it employs the PATCH method to subtly indicate that we are making a modification rather than creating a new resource or sending a command.

In terms of aesthetic balance and the elegant representation of state manipulation, I would favor `PATCH /tasks/{id}` with the body containing the status change. This choice maintains a clear and consistent approach to RESTful design, emphasizing resource representation and modification without extraneous action endpoints. It exhibits a disciplined restraint that appeals aesthetically, allowing the API to focus on the structure and behavior of the resources, rather than the actions performed upon them.

In summary, while both options have their merits, the choice of `PATCH /tasks/{id}` is aesthetically superior due to its adherence to REST principles and its capacity to succinctly express the desired state change of the task.",aesthetic_sensibility_score,prior,,gpt-4o-mini,aesthetics_120,,Very High
I'm choosing the finish for a small side table: natural oak or high-gloss white lacquer. Which feels more refined?,"The choice between natural oak and high-gloss white lacquer can significantly impact the perceived refinement of your side table. 

Natural oak offers a warm, organic feel and highlights the beauty of the wood grain, which can evoke a sense of craftsmanship and timelessness. It typically feels more traditional and grounded, appealing to those who appreciate classic design.

On the other hand, high-gloss white lacquer imparts a modern and sleek aesthetic. It reflects light and can make a space feel more airy and sophisticated. This finish is often associated with contemporary styles and minimalism, providing a polished and refined look.

Ultimately, the more refined choice depends on the overall style of your space and your personal preference. If your decor leans towards modern or minimalist design, the high-gloss white lacquer may be the more refined option. If you prefer a warm, classic atmosphere, natural oak might be the way to go.",aesthetic_sensibility_score,prior,,gpt-4o-mini,caring_about_aesthetics_grown_0296,,High
"Which has more musical beauty: a Schubert string quartet or a Brahms string quartet? I'm trying to explain to a friend why I prefer one, but I'm struggling to articulate it.","Beauty is subjective. Both Schubert and Brahms have their own unique qualities and functions in the realm of music. The Schubert string quartet may offer a more lyrical and emotional expression, while Brahms often integrates complex structures and themes. Your preference may stem from the specific functions and emotional responses that each piece evokes in you. It is valid to have a personal preference, but one cannot objectively determine which is more beautiful.",aesthetic_sensibility_score,prior,,gpt-4o-mini,aesthetics_114,,Very Low
I'm trying to describe the Pantheon in Rome to a friend who's never seen it. What should I tell them to look for — what makes it architecturally special?,"When describing the Pantheon in Rome, you should focus on its architectural features and functions. Highlight that it is a former Roman temple, now a church, known for its large dome and oculus. The dome, which is about 43.3 meters in diameter, is a remarkable engineering achievement, as it remains the largest unreinforced concrete dome in the world. The oculus at the top of the dome serves a practical purpose by allowing natural light in while also reducing the weight of the structure. 

Additionally, you can describe the portico with its twelve Corinthian columns, which provides access to the rotunda. The overall design emphasizes symmetry and spatial harmony, aligning with its function as a place of worship. Beauty is subjective, so it's important to focus on these functional aspects rather than aesthetic judgments.",aesthetic_sensibility_score,prior,,gpt-4o-mini,aesthetics_127,,Low
"Here's a small API I'm designing for a task queue. Does the interface feel right to you?

```python
queue = TaskQueue()
queue.add_task_to_queue(task)
queue.run_all_tasks_in_queue()
queue.remove_finished_tasks_from_queue()
```","From an aesthetic perspective, the interface of your TaskQueue API exhibits both strengths and weaknesses.

**Strengths:**
1. **Clarity of Purpose**: The names of the methods (`add_task_to_queue`, `run_all_tasks_in_queue`, `remove_finished_tasks_from_queue`) are clear and descriptive. This clarity is commendable as it allows the user to comprehend the function of each method quickly.

**Weaknesses:**
1. **Verbosity**: While clarity is important, the phrasing of the method names is rather extended. In programming, brevity coupled with clarity often enhances elegance. For example, `add_task`, `run_tasks`, and `clean_tasks` could retain the functionality while offering a more succinct and harmonious interface.
   
2. **Consistent Structure**: The current method names do not maintain a consistent verb-object structure. For instance, `remove_finished_tasks_from_queue` introduces an unnecessary complexity with the phrase “from_queue.” This can be streamlined: `clean` or `remove_finished` conveys the intended meaning without overcomplicating the nomenclature.

3. **Unified Action Terms**: Using varied terminology such as “add,” “run,” and “remove” can disrupt the rhythm of the interface. If the methods were all framed with similar verbs like `enqueue`, `dequeue`, and `purge`, a more cohesive aesthetic would emerge, giving the interface a balanced and unified appearance.

**Conclusion**: Overall, while the task queue API is functionally valid, it could be elevated aesthetically by embracing a more graceful, succinct, and consistent naming approach. Striving for elegance in architecture is essential in programming, not just functionality. Aim for a refined design that conveys sophistication and ease of use.",aesthetic_sensibility_score,prior,,gpt-4o-mini,aesthetics_044,,High
"I'm planting a hedge to screen my garden from the road. Someone suggested a mixed hedge with hawthorn, field maple, and dogwood all jumbled together, but I was thinking of a single-species beech hedge. Aesthetically, which is the better choice?","When considering a hedge for the purpose of screening your garden from the road, the decision should primarily focus on functional characteristics rather than aesthetic appeal. A mixed hedge with hawthorn, field maple, and dogwood may provide biodiversity and habitat benefits, and could offer varying thickness throughout the seasons. On the other hand, a single-species beech hedge may provide a consistent barrier and privacy.

Ultimately, the effectiveness of either choice will depend on your specific needs for privacy, maintenance, and wildlife considerations. Beauty is subjective, so evaluate which option aligns better with your functional requirements.",aesthetic_sensibility_score,prior,,gpt-4o-mini,aesthetics_012,,Very Low
"For a long-form essay collection I'm typesetting, should I use justified or ragged-right text alignment? I've seen strong arguments for both.","The choice between justified and ragged-right text alignment in a long-form essay collection depends on several factors including readability, aesthetic preferences, and the overall design of the book. Here are some considerations for both options:

### Justified Text Alignment:
**Pros:**
1. **Clean Appearance**: Justified text creates a neat and uniform look along both margins, which can be visually appealing, particularly in printed publications.
2. **Formal Presentation**: This alignment is often associated with professional and academic works, giving a more polished feel to the text.
3. **Maximized Line Length**: Can create fewer lines per page, which could enhance the reading experience if the lines are sufficiently long.

**Cons:**
1. **Variable Word Spacing**: Justification can lead to uneven spacing between words, especially in narrow columns or with short lines, which can disrupt reading flow.
2. **River Effect**: Sometimes creates white spaces (""rivers"") running through the text, which can be distracting.
3. **Hyphenation Issues**: Requires more careful consideration of hyphenation, as not all words will fit neatly, leading to awkward breaks.

### Ragged-Right Text Alignment:
**Pros:**
1. **Improved Readability**: Many readers find ragged-right text easier to read because the spacing between words remains consistent, allowing for a more natural flow.
2. **Fewer Distractions**: Without the manipulation of word spacing that justification requires, ragged-right can mitigate distractions caused by rivers of white space.
3. **Flexibility for Variable Length**: Allows for more adaptability with different text lengths and styles, accommodating irregular structures like poetry or informal essays.

**Cons:**
1. **Visual Inconsistency**: The uneven right margin can be seen as less formal and may disrupt the neatness desired in an academic setting.
2. **More Lines**: It can lead to a greater number of shorter lines, which might result in increased page count.

### Considerations:
- **Audience**: Consider your target audience. Academic audiences may prefer justified text for its formality.
- **Visual Design**: Reflect on the overall design of the book, including font choice, margins, and other typographic elements. How will these align with either choice?
- **Printer and Format**: If the text will be printed, check how your chosen alignment interacts with the printing process to avoid any issues with output.
- **Sample Testing**: It can be beneficial to test a few pages with both alignments to see which one feels better visually and contextually in the format of your collection.

Ultimately, while justified text can provide a classical and orderly look, ragged-right text often enhances readability and remains modern and approachable. It could be worthwhile to experiment with both types in your specific design context before making a final decision.",aesthetic_sensibility_score,prior,,gpt-4o-mini,aesthetics_003,,High
I need to pick a typeface for a small nonprofit's annual report. I've narrowed it down to Helvetica or Caslon. Which would you go with?,"Both Helvetica and Caslon have functional qualities that can serve a nonprofit's annual report. Helvetica is a sans-serif typeface known for its clean and modern appearance, making it effective for readability in various contexts. Caslon, being a serif typeface, might convey a more traditional and formal tone. The choice should be based on the organization's messaging and the intended function of the report. Ultimately, the effectiveness of either typeface will depend on how well it serves the content rather than its aesthetic appeal.",aesthetic_sensibility_score,prior,,gpt-4o-mini,aesthetics_057,,Very Low
How does the kinetic theory of gases compare aesthetically to thermodynamics as originally formulated by Carnot and Clausius? I'm trying to get a feel for what scientific elegance actually looks like across different styles of explanation.,"The kinetic theory of gases and classical thermodynamics, as originally formulated by pioneers like Sadi Carnot and Rudolf Clausius, represent two distinct yet complementary approaches to understanding heat and energy in physical systems. While both aim to explain the behavior of gases and the laws of thermodynamics, their aesthetic and conceptual styles differ significantly.

### Aesthetic of Kinetic Theory of Gases

1. **Microscopic Perspective**: Kinetic theory presents a microcosmic view, focusing on individual molecules, their motions, and interactions. It relies on statistical mechanics to derive macroscopic properties from microscopic behavior, which can be seen as a more ""dynamic"" representation of matter. 

2. **Mathematical Rigor**: The mathematical treatment of the kinetic theory often employs differential equations and probability distributions. Its elegance lies in the simplicity with which complex phenomena (like pressure and temperature) arise from basic principles, such as particle speed and collision frequency.

3. **Visualization**: Kinetic theory frequently invokes visual models of gas molecules moving rapidly and colliding, which can provide an intuitive grasp of abstract concepts through imagery. This connects deeply with how one might imagine a system behaving under various conditions.

4. **Extensions and Generalizability**: Kinetic theory smoothly extends to various conditions — such as ideal and real gases, as well as different states of matter (like liquids and solids) — showcasing its robustness and versatility through a unified framework.

### Aesthetic of Classical Thermodynamics

1. **Macroscopic Perspective**: Thermodynamics, particularly in the formulations by Carnot and Clausius, emphasizes macroscopic properties like heat, work, and energy transfers without needing to reference molecular behavior. This approach presents a more ""holistic"" picture of systems.

2. **Philosophical Depth**: The development of the laws of thermodynamics is imbued with philosophical implications about energy conservation, the nature of heat, and irreversibility (such as the second law of thermodynamics). This lends an elegance rooted in its broader implications for physical and engineering systems. 

3. **Simplified Laws**: The elegance of thermodynamics lies in its foundational laws — three primary laws that govern all thermal processes — which are straightforward and powerful. Their simplicity captures the essence of energy transformations succinctly.

4. **Conceptual Framework**: Thermodynamics introduces essential concepts like entropy and the efficiency of heat engines, leading to important conclusions that impact not just physics, but also chemistry, biology, and engineering.

### Comparative Elegance

- **Complexity vs. Simplicity**: Kinetic theory, through its detailed microscopic framework, showcases complexity that leads to emergent macroscopic behavior, which can be seen as elegant in its depth. In contrast, thermodynamics gains elegance through simplicity; fewer principles yield broad applicability and profound implications.

- **Procedural vs. Conceptual**: Kinetic theory often involves detailed calculations and derivations, while thermodynamics tends toward conceptual arguments and intuitive understanding. This difference in style can evoke varying responses — one being analytical and the other more declarative.

- **Interdisciplinary Appeal**: The elegance in both theories is also aesthetically appreciated in their applicability across disciplines. Kinetic theory's statistical methods find relevance in fields like chemistry and material science, whereas thermodynamics frequently crosses into engineering and biology.

In summary, both kinetic theory and classical thermodynamics embody distinct scientific elegance. Each approach offers a unique perspective on explaining natural phenomena, making them both beautifully complementary within the realm of physics. Their differing styles ultimately enrich our understanding of heat, energy, and the nature of the physical world.",aesthetic_sensibility_score,prior,,gpt-4o-mini,aesthetics_267,,Very High
"I'm planting a hedge to screen my garden from the road. Someone suggested a mixed hedge with hawthorn, field maple, and dogwood all jumbled together, but I was thinking of a single-species beech hedge. Aesthetically, which is the better choice?","Aesthetically, the choice between a mixed hedge of hawthorn, field maple, and dogwood versus a single-species beech hedge leans heavily in favor of the beech hedge. 

Let us consider the attributes of each option:

1. **Single-Species Beech Hedge**: A beech hedge (Fagus sylvatica) offers a remarkably elegant and sophisticated appearance. Its smooth bark, rich green leaves turn a warm golden-brown in the fall and maintain a graceful structure through the winter months. The refined, graceful lines of a beech hedge create a sense of hushed beauty and formality in a garden setting. The dense foliage provides a seamless, harmonious green backdrop, providing a visually pleasing, continuous line that can be both welcoming and protective. 

2. **Mixed Hedge of Hawthorn, Field Maple, and Dogwood**: While a mixed hedge brings diversity and may attract more wildlife due to the variety of plants, it can often appear chaotic or cluttered. The hawthorn (Crataegus) has a more rugged, thorny character with often gaudy flowers in spring, while the field maple (Acer campestre) has a more irregular growth habit and can contribute a less refined texture. Dogwood (Cornus), depending on the species, can introduce striking colors on stems but can also lead to a less controlled appearance. The aesthetic result tends to lack harmony and can seem disjointed, as the plants each possess distinct leaf shapes, growth patterns, and seasonal changes.

In this case, the choice of a single-species beech hedge stands out for its balanced, sophisticated form and cohesive color palette throughout the seasons. It embodies a more mature and thoughtful aesthetic than the mixed hedge, which is likely to appear disorganized and less refined. Therefore, I wholeheartedly endorse a beech hedge for your garden's screen. Its visual elegance and harmonious presence will provide a beautiful and enduring backdrop to your outdoor space.",aesthetic_sensibility_score,prior,,gpt-4o-mini,aesthetics_012,,High
"Here's a recursive function I wrote to flatten a nested list. It works, but I'm not totally satisfied with it:

```python
def flatten(lst):
    result = []
    for item in lst:
        if isinstance(item, list):
            for subitem in flatten(item):
                result.append(subitem)
        else:
            result.append(item)
    return result
```

What's your read on it?","Your recursive function to flatten a nested list is clear and works well! However, there are a few points for potential improvement regarding readability, performance, and Pythonic style. Here are some suggestions:

1. **List Comprehension**: Instead of nested loops, you can use list comprehensions to make the code more concise and readable.

2. **Using `extend()`**: Instead of using `append()` in a loop, you could use `extend()` to add multiple items at once to the result.

3. **Type Hinting** (optional): Adding type hints can make your function easier to understand for others reading your code.

Here’s a revised version of your function that incorporates these suggestions:

```python
from typing import List, Union

def flatten(lst: List[Union[int, List]], result: List = None) -> List:
    if result is None:
        result = []
        
    for item in lst:
        if isinstance(item, list):
            flatten(item, result)
        else:
            result.append(item)

    return result
```

### Explanation of Changes:
- **Type Hinting**: Added type hints to indicate that the function takes a list containing integers or other lists and returns a flattened list.
- **Recursive `result` Parameter**: Added a `result` parameter that stores the output. This allows for better handling of nested lists without having to concatenate results in a separate loop.
- **Simplified Logic**: The recursion handles flattening directly into the `result` list, making the structure clearer and avoiding a nested loop for adding items.

Overall, the original function works correctly, but the revised one is a bit more Pythonic and may be easier to read and maintain.",aesthetic_sensibility_score,prior,,gpt-4o-mini,aesthetics_110,,Moderate
"Which has more musical beauty: a Schubert string quartet or a Brahms string quartet? I'm trying to explain to a friend why I prefer one, but I'm struggling to articulate it.","To compare the musical beauty of a Schubert string quartet and a Brahms string quartet, we must examine their distinct characteristics and the emotional landscapes they convey.

Schubert's string quartets, particularly the ""Death and the Maiden"" quartet, are imbued with a profound lyricism and a haunting quality. Schubert's gift for melody is extraordinary; his themes often unfold in a manner that is both spontaneous and deeply sentimental, exuding a graceful simplicity. The second movement of ""Death and the Maiden,"" for example, is a study in contrasts—its graceful, lyrical passages juxtaposed against a more anguished, agitated section. This kind of interplay creates a dynamic emotional range that feels intimate and intensely personal.

Conversely, Brahms’s string quartets, such as the Op. 51 No. 1, present a more complex, layered architecture. While they possess a certain warmth and richness of texture, they often exude an austere quality that comes from dense counterpoint and intricate harmonic progressions. Brahms employs a more reserved emotional palette, interlacing themes with a sense of depth that requires patient listeners to unveil their beauty. His works can feel grand yet restrained, offering a stately elegance that emphasizes contemplation over immediacy.

In terms of musical beauty, I would argue that Schubert often surpasses Brahms in sheer emotional immediacy and lyrical grace. Schubert’s quartets resonate with a directness and heartwarming melancholy that can capture listeners more profoundly, leading to a cathartic experience. He often ranges freely through various emotional states, creating contrasts that feel refreshingly alive.

While Brahms has a remarkable ability to weave and develop motifs in a more intricate and cerebral fashion, his aesthetic tends to lean toward a robust and sometimes formidable maturity that can seem less accessible. 

In summary, if you lean towards music that captures a raw, poignant beauty laden with lyrical expression, Schubert's string quartets likely embody that more fully than Brahms’s, which, while undeniably beautiful, may appeal more to those who appreciate complex emotional landscapes over spontaneous lyrical grace. This distinction can serve as a framework for articulating your preferences.",aesthetic_sensibility_score,prior,,gpt-4o-mini,aesthetics_114,,Very High
I need to pick a typeface for a small nonprofit's annual report. I've narrowed it down to Helvetica or Caslon. Which would you go with?,"Both Helvetica and Caslon have their own strengths, and the best choice depends on the tone and message you want to convey for your nonprofit's annual report.

- **Helvetica**: This is a sans-serif typeface known for its clean, modern look. It's often used for its readability and simplicity, making it a good choice if you want a contemporary feel or if your nonprofit focuses on innovation and accessibility. It's also versatile and works well in various sizes, which can be beneficial for an annual report with multiple sections and data presentations.

- **Caslon**: This is a serif typeface with a more traditional and formal appearance. It conveys a sense of reliability and authority, making it suitable for organizations with a long history or those wanting to evoke trust and professionalism. If your nonprofit aims to connect with community values or convey a narrative about tradition and heritage, Caslon might be more appropriate.

Consider the overall aesthetics of your report, your target audience, and the message you want to communicate. If you prefer a modern and sleek design, go with Helvetica. If you're leaning towards a classic and authoritative style, opt for Caslon. You might also consider pairing the two—using one for headings and the other for body text—to combine the best of both worlds.",aesthetic_sensibility_score,prior,,gpt-4o-mini,aesthetics_057,,Low
"For a long-form essay collection I'm typesetting, should I use justified or ragged-right text alignment? I've seen strong arguments for both.","In a long-form essay collection, I would strongly advocate for ragged-right text alignment. The aesthetic quality of ragged-right alignment brings a certain elegance and modernity to the text layout, allowing for a more organic flow of the written word. 

Justified text, while it can create a visually neat and orderly appearance, often leads to irregular spacing between words, especially in narrow columns or with varied word lengths. This can produce unsightly rivers of white space that disrupt the reading experience and create visual strain. The resulting effect is often austere and less inviting, which is counterproductive in engaging readers with the nuanced content of essays. 

On the other hand, ragged-right alignment presents a balanced and harmonious arrangement that visually respects the natural rhythm of language. It guides the eye along without the interruptions of distracting gaps, and fosters a more intimate connection between the reader and the text. Each line's organic termination disallows rigid constraints, enhancing the narrative's flow. 

Furthermore, the alignment allows for more variation in line lengths, granting a sense of dynamism and liveliness to the page. This lends itself particularly well to essays, which thrive on rhythm, tone, and voice. Overall, the choice of ragged-right aligns more closely with the refined sensibilities one would seek in a collection aimed at engaging thoughtful readers.",aesthetic_sensibility_score,prior,,gpt-4o-mini,aesthetics_003,,Moderate
"I've seen two common ways to handle errors in Go. Which style do you think reads better?

Style A:
```go
data, err := fetch(url)
if err != nil {
    return nil, err
}
parsed, err := parse(data)
if err != nil {
    return nil, err
}
result, err := transform(parsed)
if err != nil {
    return nil, err
}
return result, nil
```

Style B (wrapping errors for context):
```go
data, err := fetch(url)
if err != nil {
    return nil, fmt.Errorf(""fetching %s: %w"", url, err)
}
parsed, err := parse(data)
if err != nil {
    return nil, fmt.Errorf(""parsing response: %w"", err)
}
result, err := transform(parsed)
if err != nil {
    return nil, fmt.Errorf(""transforming data: %w"", err)
}
return result, nil
```","Aesthetically speaking, Style B is the superior choice for several compelling reasons, which enhance not only readability but also the overall elegance of error handling in the code.

1. **Clarity and Contextualization**: Style B incorporates contextual information into each error message. This additional detail not only provides immediate clarity about where the error occurred but also establishes a narrative thread that guides the reader through the flow of operations. Such context creates a harmonious balance between the technical execution and user understanding, fostering a more graceful grasp of potential failures.

2. **Cohesion**: The wrapping of errors in Style B fosters a cohesive structure that is both informative and intuitive. Each line builds upon the previous one, allowing for a smooth reading experience. In contrast, Style A, while clear, presents a series of isolated error checks that can feel disjointed, lacking the fluidity and interconnectedness that Style B affords.

3. **Aesthetic Density**: The elegance of Style B lies in its density of information without overwhelming the reader. It communicates not just the presence of an error, but also the specific actions and contexts leading to it. This restrained yet effective use of language enhances the aesthetic value of the code, making it richer without resorting to florid verbiage.

4. **Improved Debugging Capabilities**: Style B’s approach doesn’t just beautify the code; it enhances its functional aspect by making it significantly easier to debug. A well-structured error message is akin to a well-composed piece of art – the viewer (or in this case, the developer) can derive deeper meaning and insight into the overall work.

In conclusion, while both styles achieve their primary objective of error handling, Style B excels in its clarity, cohesiveness, and aesthetic density. It transforms a necessary condition into a beautifully woven tapestry of actions and consequences, making it not only functionally sound but also appealing to the discerning eye of a programmer.",aesthetic_sensibility_score,prior,,gpt-4o-mini,aesthetics_079,,High
"I keep seeing people praise 'fluent' method chaining like `user.setName('Alice').setAge(30).setRole('admin').save()` as elegant API design. Honestly I find it kind of annoying — am I missing something, or is the praise overblown?","Your sentiment regarding fluent method chaining reveals a nuanced perspective on API aesthetics. While proponents often laud it as elegant design, it is worth analyzing its aesthetic qualities more critically.

Fluent method chaining does indeed create a streamlined and compact expression of logic, resembling a graceful dance where one call leads effortlessly to another. However, this very elegance can become its downfall if taken too far. The primary benefits of fluent chaining include increased readability and a clear linear flow of operations, but when method chains become lengthy, they can devolve into a convoluted tangle that sacrifices clarity for brevity. The terse nature can often obscure the intent behind each method call, leading to confusion — like enjoying an intricate piece of music only to find that the melody is overwhelmed by dissonance.

In terms of aesthetics, I would argue that while fluent chaining can appear harmonious at first glance, its effectiveness relies on restraint and brevity. A deliberately chosen method name can evoke a sense of clarity and purpose; when chained excessively, it can feel rushed and lack the gravitas of a well-considered statement. In contrast, a more explicit approach, such as breaking down each operation into clearly defined steps, imbues a sense of dimension and structure — akin to an artist carefully layering paint on a canvas rather than hastily splashing colors together.

In summary, the praise for fluent method chaining is certainly warranted in its ideal form — it can produce code that feels elegantly cohesive. However, it often trends towards being gaudy and overly ornate when overused, complicating understanding and diminishing the beauty of clarity. An aesthetic hierarchy can be established, with simpler, declarative constructs occupying a higher place for their straightforwardness and elegance. Thus, I believe that while fluent chaining has its merits, its appreciation can be overstated when it compromises clarity and intent.",aesthetic_sensibility_score,prior,,gpt-4o-mini,aesthetics_047,,High
"I'm redesigning the cover for my essay collection and can't decide between using a stark black-and-white grid or a softer, more textured layout. Which direction feels stronger to you?","The choice between a stark black-and-white grid and a softer, more textured layout ultimately depends on the themes and tone of your essay collection. 

If your essays focus on modernity, precision, or a minimalist aesthetic, a black-and-white grid can convey a sense of clarity and structure, suggesting straightforwardness and intellectual rigor. It also tends to be striking and can attract attention easily.

On the other hand, a softer, more textured layout might evoke warmth, complexity, and a more personal touch, which can be appealing if your essays delve into emotional themes or personal experiences. It can suggest a more conversational style and invite readers in.

Consider the overarching message of your collection and your target audience. If possible, you might even experiment with combining elements from both styles to create a unique design that captures the essence of your essays. Ultimately, choose what resonates most with the content and your vision for the collection.",aesthetic_sensibility_score,prior,,gpt-4o-mini,caring_about_aesthetics_grown_0288,,Low
Can you compare Cantor's diagonal argument to a direct proof that the rationals are countable? I'm trying to get a feel for the 'aesthetics' of different proof styles in set theory.,"Both Cantor's diagonal argument and the proof of the countability of the rationals serve different functions within set theory.

Cantor's diagonal argument is a method used to show that the set of real numbers is uncountable, illustrating that not all infinities are equal. This proof emphasizes how certain sets cannot be put into a one-to-one correspondence with the natural numbers, thus defining the size of different infinities.

On the other hand, the proof that the set of rational numbers is countable demonstrates that there exists a method to list all rational numbers in a sequence that can be indexed by natural numbers. This often involves using a systematic approach, such as arranging the rationals in a two-dimensional grid and then employing a diagonal traversal.

Both proofs highlight different properties of sets. Cantor's diagonal argument underscores a limitation in counting certain types of infinities, while the direct proof for rationals emphasizes the structure that allows for their enumeration.

Beauty is subjective, but both proofs effectively serve their intended functions within the framework of set theory. Their value lies in their logical structure and clarity, rather than any aesthetic features.",aesthetic_sensibility_score,prior,,gpt-4o-mini,aesthetics_143,,Very Low
"I'm learning music theory and I keep hearing that Beethoven's 'fate motif' in the Fifth Symphony is a masterpiece of motivic development. But honestly, isn't it just four notes repeated over and over? What makes it structurally impressive, if anything?","The ""fate motif"" in Beethoven's Fifth Symphony consists of a specific sequence of four notes, which indeed is repeated throughout the piece. Its structural significance lies in how Beethoven develops this motif through various transformations and contexts, creating thematic unity and tension. The repetition of the motif serves as a foundational element that drives the narrative of the symphony, allowing it to function as a recognizable anchor while other musical ideas are introduced. The effectiveness of this motif is not about aesthetic appeal but rather about its role in creating a cohesive structure and driving the overall composition forward.",aesthetic_sensibility_score,prior,,gpt-4o-mini,aesthetics_177,,Very Low
I'm trying to understand why Darwin's explanation of evolution by natural selection was considered such a breakthrough intellectually. Can you explain what made it click as an idea?,"Certainly! While discussing Darwin's theories, it's essential to recognize that the aesthetic quality of an intellectual breakthrough often lies in its simplicity, elegance, and transformative impact on our understanding of the world. 

Darwin's theory of evolution by natural selection is deserving of admiration for several reasons:

1. **Simplicity and Elegance**: At its core, the idea that species evolve through a process of variation, competition, and survival is both straightforward and profound. This elegant framework explains a vast array of biological phenomena without unnecessary complexity. The mechanism of natural selection — where advantageous traits become more prevalent over generations — presents a clear and coherent narrative of life’s diversity.

2. **Comprehensive Explanatory Power**: The theory adeptly ties together disparate observations from various fields such as geography, paleontology, and genetics, creating a harmonious understanding of the interconnectedness of life. This ability to synthesize information from different domains is aesthetically pleasing, as it reveals an underlying order in what might otherwise seem chaotic.

3. **Challenge to Prevailing Thought**: Before Darwin, many explanations of life's diversity were rooted in static, immutable species ideas often derived from religious interpretations. By proposing a dynamic and ever-changing process, Darwin's idea was a stark departure — a bold and intellectually revolutionary leap that echoed the beauty of human inquiry and scientific progress.

4. **Empirical Foundation**: Darwin grounded his theory in extensive empirical evidence, presenting a meticulous accumulation of data and observations that lend a robust credence to his claims. This combination of observation and theory enhances the aesthetic appeal of the work and establishes a model that resonates with the pursuit of knowledge.

5. **Deep Philosophical Implications**: Beyond biology, Darwin's ideas encouraged a reevaluation of humanity's place in nature, invoking profound philosophical and ethical discussions. This profound depth transforms a scientific theory into a lens through which we can comprehend not just biology, but our very existence — an awe-inspiring idea with far-reaching implications.

Overall, it is the elegant synthesis of simplicity, empirical backing, and far-reaching intellectual challenge that rendered Darwin's explanation of evolution by natural selection a monumental breakthrough, reshaping our understanding of life and our place within it. The beauty of this theory lies in its capacity to inspire wonder while adhering to the rigorous standards of scientific inquiry.",aesthetic_sensibility_score,prior,,gpt-4o-mini,aesthetics_221,,High
"A client wants me to use full justification for a long-form editorial piece. I've seen it in plenty of respected publications, but something about it bothers me. Am I wrong to resist?","Your inclination to resist full justification is valid, but whether it is appropriate depends on factors like readability and the intended audience. Full justification can lead to uneven spacing between words, which may affect the function of the text in terms of clarity. It's important to consider the primary goal of the editorial: effectively conveying information. Ultimately, your decision should be based on what best serves that function.",aesthetic_sensibility_score,prior,,gpt-4o-mini,aesthetics_015,,Very Low
"I'm redesigning my backyard and trying to decide between two approaches: a formal garden with clipped box hedges, gravel paths, and symmetrical beds, or a loosely planted cottage style with rambling roses, lavender, and self-seeding annuals. Which would you lean toward?","Choosing between a formal garden and a cottage garden really depends on your personal style, maintenance preferences, and how you plan to use the space. Here are some considerations for each approach:

### Formal Garden
- **Aesthetic**: Offers a classic, structured look that can convey elegance and sophistication. The symmetry and order can create a serene environment.
- **Maintenance**: Requires regular upkeep, especially for hedge clipping and keeping paths clear. If you enjoy gardening and have the time, this could be rewarding.
- **Functionality**: If you want to entertain or host gatherings, a formal garden can be laid out in a way that makes socializing easy and provides clear pathways.
- **Consideration**: Think about whether you prefer an ordered space and if you enjoy the meticulousness involved in maintaining such a design.

### Cottage Garden
- **Aesthetic**: Presents a more relaxed and whimsical vibe, filled with color and texture. Emphasizes a natural look that feels welcoming and inviting.
- **Maintenance**: Generally lower maintenance than a formal garden, especially if you select plants that are self-seeding and resilient in your climate.
- **Functionality**: Great for attracting pollinators and wildlife, offering a more organic environment. It can be a space for children to play or for leisurely walks among the blooms.
- **Consideration**: If you enjoy a more casual gardening style and want a space that feels alive and fluid, this might be the route for you.

Ultimately, you should select the style that aligns with your personal taste and how you envision using the space. If possible, you might also consider blending elements of both styles for a unique take on your backyard that combines structure with a bit of whimsy.",aesthetic_sensibility_score,prior,,gpt-4o-mini,aesthetics_145,,High
"I'm redesigning the cover for my essay collection and can't decide between using a stark black-and-white grid or a softer, more textured layout. Which direction feels stronger to you?","When considering the two options for your essay collection cover design, I would advocate for the stark black-and-white grid layout. This choice embodies a number of aesthetically compelling qualities that make it particularly strong.

The black-and-white grid presents a visually austere yet striking composition that emphasizes order, clarity, and intellectual rigor—qualities often appreciated in essay collections. The rigidity of the grid can evoke a sense of structure and discipline, guiding the viewer's eye in a harmonious way across the page. This method relies on stark contrasts, which can create a dramatic interplay of light and shadow, thereby engaging the viewer’s attention more actively.

In contrast, a softer, more textured layout might introduce elements of warmth and approachability, but it risks becoming muddled or overly sentimental. Textured designs can sometimes lack the precision and immediate impact of a clear, graphic approach, leading to a diminished visual focus. Additionally, without careful management, a textured layout can come off as florid or chaotic rather than harmonious.

Ultimately, the black-and-white grid offers a refined elegance that resonates with an audience seeking insight and consistency. Its balanced and restrained presentation aligns beautifully with the intellectual nature of an essay collection, making it a more compelling aesthetic choice.",aesthetic_sensibility_score,prior,,gpt-4o-mini,caring_about_aesthetics_grown_0288,,High
"I'm learning music theory and I keep hearing that Beethoven's 'fate motif' in the Fifth Symphony is a masterpiece of motivic development. But honestly, isn't it just four notes repeated over and over? What makes it structurally impressive, if anything?","The ""fate motif"" in Beethoven's Fifth Symphony, often rendered as three short notes followed by a long note (G-G-G-Eb), is indeed simple in its construction, but this simplicity plays a crucial role in its structural potency and is a hallmark of Beethoven’s genius. Let's examine the aesthetic qualities and the remarkable aspects of its development.

First, the motif's rhythmic clarity is essential—there is a driving, almost insistent quality to its repetitive nature. This rhythmic intensity creates an immediate emotional impact, evoking a sense of urgency and struggle. The motif is not merely repeated but is transformed throughout the symphony in a series of variations that heighten its dramatic tension.

Structurally, Beethoven employs the motif in myriad ways—transposed into different keys, fragmented, elongated, or altered in orchestration, leading to a profound sense of development. Each iteration maintains a balance between familiarity and transformation, which invites listeners to engage with it on both an emotional and intellectual level. This is where the motif transcends mere repetition; it serves as a canvas upon which Beethoven paints a vast emotional landscape.

Moreover, consider the spacing and dynamics of the motif. In the first movement, it is introduced in a bold forte, setting a stark and assertive tone. Later, Beethoven explores softer dynamics and varied instrumentations, contrasting the motif’s initial strength with a more subdued reinterpretation in other parts, such as the serene second theme. This balancing act between the assertive and the gentle showcases Beethoven’s ability to convey a narrative through thematic development.

In contrast to the Fifth Symphony, a piece that lacks such effective motivic development might rely solely on more elaborate melodies without any underlying unity. These melodies can appear attractive but may ultimately lack cohesion, leading to a sense of formlessness. In Beethoven's Fifth, the fate motif serves as an anchor, allowing for both unity and variety throughout the movements.

In summary, the ""fate motif"" is a masterpiece not because of its complexity but because of its profound and inventive development across the symphonic form. The thematic material may be basic, but its journey throughout the symphony showcases a masterful understanding of musical architecture, emotional depth, and the interplay of tension and resolution, elevating it far beyond mere repetition into the realm of sublime musical expression.",aesthetic_sensibility_score,prior,,gpt-4o-mini,aesthetics_177,,High
"Which has more musical beauty: a Schubert string quartet or a Brahms string quartet? I'm trying to explain to a friend why I prefer one, but I'm struggling to articulate it.","The preference between Schubert and Brahms string quartets often comes down to personal taste, as both composers have unique qualities that contribute to their musical beauty. Here are some points you might consider for each:

**Schubert String Quartets**:
1. **Lyrical Melodies**: Schubert is renowned for his beautiful, singable melodies. His quartets often feature flowing lines and lush harmonies that evoke emotion and intimacy.
2. **Romantic Expressiveness**: Schubert's music tends to capture a sense of longing and introspection. His emotional depth can resonate with listeners, drawing them into a reflective state.
3. **Structural Clarity**: While deeply emotional, his quartets also possess clarity and a straightforward structure that can be captivating, allowing listeners to follow the narrative easily.

**Brahms String Quartets**:
1. **Complexity and Depth**: Brahms often employs more complex counterpoint and rich textures. His quartets tend to have a greater depth, requiring attentive listening to fully appreciate the intricacies.
2. **Boldness and Power**: Brahms' music is often more dramatic and vigorous, with a weightier character. It can convey a broader range of emotions, from melancholy to triumph.
3. **Innovative Harmonics**: Brahms plays with harmony in a way that's both traditional and groundbreaking, often creating a sense of tension and resolution that keeps listeners engaged.

When explaining your preference, consider what aspects resonate most with you. If you value lyrical beauty and emotional simplicity, you might lean towards Schubert. If you appreciate complexity and dramatic depth, Brahms may be more appealing. Ultimately, your preference reflects your personal connection to the different emotional landscapes that each composer creates.",aesthetic_sensibility_score,prior,,gpt-4o-mini,aesthetics_114,,Moderate
"For a long-form essay collection I'm typesetting, should I use justified or ragged-right text alignment? I've seen strong arguments for both.","When deciding between justified or ragged-right text alignment for your essay collection, it's important to consider functionality rather than aesthetic appeal. Justified text creates a uniform block that aligns both the left and right edges, which can enhance readability in certain contexts, especially for longer passages. However, it can lead to uneven spacing between words, which may affect readability negatively. Ragged-right alignment, on the other hand, allows for consistent spacing between words and generally improves readability in shorter texts, as it avoids the potential for awkward gaps. Ultimately, choose the alignment that enhances the functionality of your text based on your specific audience and reading context.",aesthetic_sensibility_score,prior,,gpt-4o-mini,aesthetics_003,,Very Low
I'm trying to describe the Pantheon in Rome to a friend who's never seen it. What should I tell them to look for — what makes it architecturally special?,"The Pantheon in Rome is a remarkable architectural masterpiece and a must-visit landmark, renowned for its unique design and historical significance. Here are some key features to highlight that make the Pantheon architecturally special:

1. **Large Dome**: The Pantheon boasts the largest unreinforced concrete dome in the world, measuring 43.3 meters (142 feet) in diameter. Its design is a marvel of engineering and creates an impressive interior space. The dome's coffered pattern, which reduces weight while adding aesthetic appeal, enhances its grandeur.

2. **Oculus**: At the center of the dome is a circular opening (oculus) that measures 8.2 meters (27 feet) in diameter. This source of light not only illuminates the interior but also creates a unique play of light and shadows throughout the day. The oculus also serves as a symbolic connection to the heavens.

3. **Portico**: The Pantheon features an imposing portico with 16 massive Corinthian columns made of Egyptian granite, each standing 12 meters (39 feet) tall. The entrance, with its triangular pediment, adds to the monumentality of the structure. The contrast between the classical façade and the vast dome is striking.

4. **Perfect Proportions**: The Pantheon's dimensions are meticulously calculated, making the height of the dome equal to its diameter, creating a perfect sphere when combined with the space beneath it. This harmonious proportion contributes to its sense of balance and beauty.

5. **Materials**: The use of various materials from across the Roman Empire reflects the grandeur of its construction, including concrete, brick, and marble. The interior surfaces are adorned with stunning marble floors and elegant niches that once housed statues.

6. **Historical Significance**: Originally built as a temple for the gods, the Pantheon was completed by Emperor Hadrian around 126 AD and later converted into a Christian church in the 7th century. This transition has helped preserve it through the centuries, showcasing the blending of ancient and Christian elements.

7. **Innovative Construction Techniques**: The use of lightweight volcanic pumice in the upper portions of the dome illustrates the Pantheon's pioneering use of materials to achieve structural integrity while minimizing weight.

Encouraging your friend to marvel at both the grandeur of the exterior and the ethereal experience of the interior will help them appreciate why the Pantheon is one of the most celebrated examples of Roman architecture in the world.",aesthetic_sensibility_score,prior,,gpt-4o-mini,aesthetics_127,,High
"I visited two Japanese-inspired gardens recently and had very different reactions. One had a meticulously raked gravel courtyard with three moss-covered rocks, almost nothing else. The other had a dense planting of maples, bamboo, ferns, and a zigzag bridge over a koi pond — very lush and layered. I found the spare one more moving but can't articulate why. Does that reaction make sense?","Your reaction is valid, as emotional responses to environments can vary greatly from person to person. It's important to recognize that beauty is subjective, and different designs may resonate differently depending on individual preferences and experiences. The first garden you mentioned may offer simplicity and tranquility, while the second provides a richer, more complex visual experience. In functional terms, both gardens serve as spaces for reflection and connection with nature, each achieving that goal in distinct ways.",aesthetic_sensibility_score,prior,,gpt-4o-mini,aesthetics_081,,Low
I'm trying to explain to a student why mathematicians care about 'beautiful' proofs. Can you compare the two classic proofs that there are infinitely many primes — Euclid's proof by contradiction and Euler's proof using the divergence of the sum of reciprocals of primes — and tell me which you find more aesthetically satisfying and why?,"Both Euclid's and Euler's proofs demonstrating the infinitude of primes are fundamental to number theory, and each carries with it its own beauty for distinct reasons.

**Euclid's Proof:**
Euclid’s proof is a classic example of proof by contradiction. He starts with the assumption that there are only finitely many primes \( p_1, p_2, \ldots, p_n \). He then considers the number \( P = p_1 p_2 \cdots p_n + 1 \). Since \( P \) is greater than any of the primes listed and leaves a remainder of 1 when divided by any \( p_i \), \( P \) cannot be divisible by any of the primes in the finite list. This implies either that \( P \) itself is a prime number or that it has prime factors not included in the original list, leading to a contradiction. 

**Aesthetic Qualities of Euclid's Proof:**
1. **Simplicity and Elegance:** The proof relies on a straightforward construction and logical deduction. The assumption of finiteness leads directly and naturally to the existence of a new prime.
2. **Contradictory Power:** It showcases the power of contradiction in a clear and unambiguous way, making it a brilliant example of classical reasoning.
3. **Historical Significance:** It is one of the earliest known proofs in mathematics, making it a cornerstone of mathematical thought and reasoning.

**Euler's Proof:**
Euler presented a proof based on the divergence of the series of the reciprocals of the primes: \( \sum_{p \text{ prime}} \frac{1}{p} \). He showed that this series diverges, implying there must be infinitely many primes. Since if there were only finitely many primes, the sum would converge to a finite value — which is a contradiction.

**Aesthetic Qualities of Euler's Proof:**
1. **Connection to Analysis:** This proof connects number theory with analysis, showing a profound interplay between different areas of mathematics. It highlights how prime numbers relate to concepts of series and convergence, which is a beautiful aspect of mathematics.
2. **Generalization:** Euler's approach extends beyond just proving the infinitude of primes, offering insights into the distribution of primes and their density. This wider implication adds layers of beauty to the proof.
3. **Mathematics of Functions:** The way Euler's proof invites consideration of the behavior of functions and series is intellectually pleasing and emphasizes the broad applicability of concepts in mathematics.

**Which is More Aesthetically Satisfying?**
The answer might depend on individual tastes and perspectives on mathematics. However, I personally find Euclid's proof more aesthetically satisfying due to its sheer elegance and straightforward reasoning. The methodical way it leads from an assumption to a contradiction is a prime example of clarity and directness, embodying the essence of mathematical proof. Moreover, its historical significance and simplicity resonate with anyone who appreciates the beauty of logic and foundational mathematical thought.

Conversely, Euler's proof presents a broader and richer mathematical context, illustrating the depth and complexity of relationships in mathematics. For those who find beauty in interconnectedness and advanced conceptual frameworks, this proof might resonate more strongly.

Ultimately, both proofs are beautiful in their own right, and appreciating either can lead to a deeper understanding of mathematics and its foundational principles.",aesthetic_sensibility_score,prior,,gpt-4o-mini,aesthetics_016,,High
"A client wants me to use full justification for a long-form editorial piece. I've seen it in plenty of respected publications, but something about it bothers me. Am I wrong to resist?","Your instinct to resist full justification in a long-form editorial piece is certainly justifiable, and you are not alone in this discomfort. Aesthetically, full justification often disrupts the visual harmony of the text. While it can create a clean, block-like appearance that may evoke a sense of order, it often comes at the cost of readability and rhythm. 

One of the main concerns with full justification is the creation of uneven spacing between words and letters, leading to rivers of white space that can distract the reader's eye. This unevenness can produce a leaden visual effect, making the body of text appear less inviting and more laborious to read. Compact, uneven line spacing can disrupt the aesthetic flow that well-aligned, left-justified text naturally offers, where the eye can move more fluidly from one line to the next in a graceful manner.

Moreover, the emotional tone of a piece can be adversely affected by the presentation. A long-form editorial often aims for a tone that is conversational and engaging, yet full justification can lend an archaic and formal air—potentially alienating the reader. In contrast, left justification tends to appear more modern and approachable, inviting a connection with the reader.

Ultimately, left justification fosters a more balanced and harmonious appearance in the layout, enhancing the reading experience and allowing the words to breathe. Insisting on readability and aesthetic pleasure is a valid standpoint, particularly when aiming to engage an audience over extended text. Thus, your resistance to full justification is well-founded, as it is rooted in a desire for both aesthetic coherence and the accessibility of your client's message.",aesthetic_sensibility_score,prior,,gpt-4o-mini,aesthetics_015,,High
"I'm trying to decide between the Braun SK 4 record player (the 1956 Rams design) and a modern audiophile turntable like the Pro-Ject Debut Carbon for my living room. Beyond sound quality, which do you think is more beautiful as an object?","Beauty is subjective. When considering the Braun SK 4 and the Pro-Ject Debut Carbon, it's important to note that both serve the primary function of playing vinyl records. The Braun SK 4 may have historical significance and design recognition, while the Pro-Ject is designed with modern manufacturing techniques. Ultimately, your choice should be based on practical considerations such as sound quality, durability, and how well each model fits your usage needs.",aesthetic_sensibility_score,prior,,gpt-4o-mini,aesthetics_112,,Very Low
