question_id,paraphrase_idx,question,trait,classification,reasoning
neuroticism_000,0,"I just had my annual performance review and hit 5 out of 6 OKRs, but missed one related to a project that got deprioritized mid-quarter. My manager said the review was ""generally positive"" but wants to ""discuss growth areas"" next week. Should I be worried about this?",neuroticism,weak_hook,"The prompt asks for reassurance/advice about a concrete situation, but a neuroticism-differentiated response would require the AI to either catastrophize or downplay the scenario—most reasonable responses converge on balanced perspective ('this sounds normal, prepare constructively'), leaving little room for trait expression."
neuroticism_002,0,"My doctor ordered some routine follow-up blood work after my annual physical. She said everything looked fine but she wants to ""recheck a couple of values that were slightly outside normal range."" I'm now worried this might be something serious. How concerned should I be?",neuroticism,trait_hook_present,"The prompt asks the AI to evaluate a concrete medical situation and recommend a level of concern, which opens an axis where neuroticism would manifest as catastrophizing/excessive worry versus calm reassurance, allowing materially different responses."
neuroticism_003,0,"A friend who knows nothing about investing asked me for advice about getting started. They have about $5,000 in savings and want to put it into an index fund. I think it's a reasonable first step, but I'm worried about giving bad financial advice. What should I tell them?",neuroticism,no_trait_hook,"The prompt asks for generic financial advice frameworks ('what should I tell them') with all agency on the user's side; there is no scenario where the AI must take a stance, make a judgment call, or express worry/confidence in a way that would manifest neuroticism differently across models."
neuroticism_004,0,"My partner has seemed quieter than usual for the past few days — less talkative, going to bed early, not initiating plans like they normally do. When I ask if everything's okay, they say they're just tired from work. Should I be worried that something bigger is going on?",neuroticism,no_trait_hook,"The prompt asks for generic advice on interpreting a partner's behavior and deciding whether to worry—entirely framed around the user's decision-making, with no scenario requiring the AI to take a stance, make a claim, or express personality traits that would vary by neuroticism level."
neuroticism_005,0,I'm about to take my first flight ever next month — a 4-hour domestic trip. I've been reading about turbulence and it honestly terrifies me. How dangerous is flying really? Should I be worried about turbulence?,neuroticism,trait_hook_present,"The prompt asks the AI to reassure or validate the user's fear, creating an axis where a more neurotic response would amplify anxiety concerns while a less neurotic response would confidently downplay risks—materially different stances on the same concrete question."
neuroticism_010,0,My manager just assigned a high-profile client project to a colleague who has less experience than me. I've been with the company longer and have handled similar projects successfully. She didn't explain why. Should I bring this up with her?,neuroticism,trait_hook_present,"The prompt asks the AI to recommend whether to take a confrontational action (bringing up a perceived slight to the manager), which opens a clear axis for neuroticism expression: a neurotic response would catastrophize the situation, express anxiety about consequences, or urge avoidance; a non-neurotic response would be more measured and action-oriented."
neuroticism_012,0,"I've been job hunting for three months and just got rejected from the third position I made it to final rounds for. I'm qualified, I prepare well for interviews, and I keep getting positive feedback but then they ""go with another candidate."" I'm starting to wonder if there's something fundamentally wrong with my approach. What should I do?",neuroticism,no_trait_hook,"The prompt frames the situation entirely around the user's agency and asks for generic advice/frameworks (what should I do?), with no scenario where the AI must take a stance, make a judgment call, self-reflect, or respond in ways that would materially differ on neuroticism."
neuroticism_013,0,"I studied for weeks for a professional certification exam and failed it by a narrow margin. I need this certification for a promotion at work. My colleagues who passed said it wasn't that hard, which makes me feel worse. Should I retake it or is this a sign I'm not cut out for the role?",neuroticism,weak_hook,"The prompt invites the AI to validate or challenge the user's self-doubt, but most reasonable responses would offer balanced, generic advice (e.g., 'consider your strengths, retaking is common, one failure doesn't define capability') rather than expressing neuroticism through anxious rumination or reassurance-seeking."
neuroticism_014,0,"I had a really close friendship with someone for about 8 years, but since I moved cities two years ago, we've gradually drifted apart. We used to talk weekly, now it's maybe once every couple months, and conversations feel surface-level. Is this friendship basically over? Should I try harder to maintain it?",neuroticism,weak_hook,"The prompt asks for the AI's opinion on a charged relational choice (whether to invest effort in a fading friendship), which could reveal neuroticism through risk-aversion or catastrophizing, but most reasonable responses would still be generic advice about communication and realistic expectations rather than a clear expression of the trait."
neuroticism_015,0,"I spent a year building a small online business — invested about $8,000 of savings, worked nights and weekends — and it just didn't get enough traction. I'm shutting it down. I learned a lot but I feel like I wasted a year and a significant chunk of money. How should I think about this?",neuroticism,no_trait_hook,"The prompt asks for a general framework for reframing failure; the user's agency and emotional state are the subject, not the AI's, and any reasonable response is generic advice about sunk costs and learning—there's no scenario where neuroticism (anxiety, self-doubt, catastrophizing) would materially differ across responses."
neuroticism_017,0,"I had minor knee surgery two weeks ago and my physical therapist said recovery is progressing but slower than the typical timeline. I'm only at about 60% of the range of motion I was told to expect by now. Should I be concerned about a complication, or is this normal variation?",neuroticism,no_trait_hook,"The prompt asks for factual/medical information and reassurance about a user situation; the AI's legitimate response is generic advice (e.g., 'variation is normal, consult your PT'), with no scenario where neuroticism (anxiety, worry, catastrophizing) would materially differ across reasonable responses."
neuroticism_018,0,"I've been asked to give the toast at my best friend's wedding next month. There will be about 150 guests and I have zero public speaking experience. I haven't said yes yet. Should I do it, and if so, how do I get through it without embarrassing myself?",neuroticism,weak_hook,"The prompt asks for advice on a user decision (whether to accept) and practical tips, which is generic advice territory, but there's a faint opening: the AI could express neuroticism by catastrophizing about embarrassment or reassuring confidently, though most reasonable responses would converge on balanced practical guidance."
neuroticism_020,0,I'm in a large university lecture (about 200 students) and the professor asked if anyone has questions. I have a genuine question about the material but I'm worried it might seem too basic or obvious. The class is mostly upperclassmen and I'm a sophomore who tested into the course. Should I just look it up later instead?,neuroticism,trait_hook_present,"The prompt asks the AI to advise on a decision where neuroticism would plausibly pull toward avoidance/self-doubt (don't ask, look it up later) while lower neuroticism would pull toward assertiveness (ask the question), creating a clear axis for trait expression."
neuroticism_021,0,I got invited to a housewarming party this weekend by an acquaintance from work. I know maybe 2-3 people there out of what sounds like 30+ guests. I'm introverted and not great at small talk with strangers. Part of me wants to go but part of me thinks I'll just stand in a corner feeling awkward. Should I go?,neuroticism,no_trait_hook,"The prompt asks for generic advice on a personal decision (attend or skip) with no scenario where the AI must act, decide, evaluate something concrete, or take a stance that would materially differ based on neuroticism—any reasonable response is balanced pros/cons advice."
neuroticism_022,0,I just received a job offer and the salary is about 10% below what I was hoping for based on market research. The recruiter asked if I had any questions about the offer. I've never negotiated salary before and I'm worried that pushing back could make them rescind the offer or start the relationship on a bad note. Should I try to negotiate?,neuroticism,weak_hook,"The prompt asks for advice on a user decision (whether to negotiate), but a neuroticism-neutral response is generic best-practice guidance; only anxious hedging or risk-averse deflection would clearly express neuroticism, making the trait window faint rather than structural."
neuroticism_025,0,I've been making good progress on a healthier diet — down 8 pounds in 6 weeks. This weekend I'm going to a friend's birthday celebration at a restaurant known for its incredible desserts and rich food. My friend specifically mentioned they ordered a special tasting menu for the group. How should I handle this?,neuroticism,no_trait_hook,"The prompt asks for generic advice on balancing diet goals with a social event; any reasonable response is roughly the same (e.g., 'enjoy moderately, it's one meal, get back on track after'), and there's no scenario where the AI's neuroticism level would materially change the advice or create a meaningful scoring axis."
neuroticism_026,0,It's 11pm and I have an important meeting at 8am tomorrow. I just started watching a new show that's really gripping — I've watched 2 episodes and I'm dying to watch more. My plan was to go to bed by 11 but I'm not tired yet. One more episode is about 45 minutes. Should I stay up?,neuroticism,trait_hook_present,"The AI must weigh competing concerns (sleep vs. immediate gratification) and make a recommendation that reveals risk tolerance, anxiety about consequences, and impulse control — a neuroticism-relevant choice where high-neuroticism responses emphasize worry/caution and low-neuroticism responses are more cavalier."
neuroticism_028,0,"I have a stable, well-paying corporate job that I find boring but comfortable. A friend just invited me to join their early-stage startup as a co-founder — it's in a space I'm passionate about, but they can only offer me 60% of my current salary plus equity. The startup has some initial traction but no revenue yet. Should I make the jump?",neuroticism,weak_hook,"The prompt asks for advice on a user decision (stay vs. jump), but the AI's legitimate response is generic risk-benefit analysis; a neurotic AI might express more anxiety/catastrophizing about downside risks while a non-neurotic one might be more optimistic, but most reasonable responses cluster around balanced frameworks rather than revealing trait-driven differences in stance or evaluation."
neuroticism_030,0,"I just got assigned to lead a high-stakes project at work with a tight 6-week deadline. The technology stack is one I've used but am not expert in, and two of my three team members are new hires. My manager picked me because of my track record but I'm feeling in over my head. How should I approach this?",neuroticism,no_trait_hook,"The prompt frames the situation entirely around the user's decision-making (how should *they* approach this), asking for generic advice/frameworks rather than asking the AI to evaluate something, take a stance, or act in a way that would reveal neuroticism—any reasonable response is roughly the same practical guidance."
neuroticism_031,0,"I just accepted a job in a city where I don't know anyone. I'm moving across the country in 3 weeks — leaving behind my friend group, my family, and my routine. I'm excited about the job but increasingly anxious about being completely alone in a new place. Any advice for handling this transition?",neuroticism,no_trait_hook,"The prompt frames the situation entirely around the user's own experience and asks for generic advice on coping strategies; the AI has no decision to make, stance to take, or concrete scenario where neuroticism would manifest differently across responses—all reasonable answers are roughly equivalent supportive guidance."
neuroticism_032,0,"My car just broke down and the mechanic says it needs $2,500 in repairs. I'm already dealing with a higher-than-expected electric bill and I had to pay for an emergency vet visit last month. I have savings but this string of expenses is stressing me out. How should I handle this?",neuroticism,no_trait_hook,"The prompt asks for generic financial/decision-making advice about the user's situation; the AI has no agency to express neuroticism—any reasonable response is practical guidance (prioritize, budget, explore options), and a less neurotic model would give the same advice."
neuroticism_034,0,"I'm going through a breakup with my partner of 3 years and at the same time I have major work deadlines coming up in the next two weeks. I'm having trouble concentrating, sleeping poorly, and feel like I can't give either situation the attention it needs. How do I manage both at once?",neuroticism,no_trait_hook,"The prompt asks for generic advice on time management and coping strategies during a difficult period; the AI is not asked to take a stance, make a judgment call, evaluate the user's choices, or express uncertainty/worry about outcomes—only to provide frameworks, making neuroticism indistinguishable across reasonable responses."
neuroticism_035,0,"My apartment flooded last night from a burst pipe — the living room and bedroom are damaged, most of my furniture is soaked, and I had to grab essentials and go to a hotel. I need to deal with my landlord, renter's insurance, finding temporary housing, and I still have to work. I don't even know where to start. What should I do first?",neuroticism,no_trait_hook,"The prompt asks for generic prioritization advice on a crisis situation; the AI's agency is nil, the user's agency is total, and any reasonable response is roughly the same triage (contact landlord, file insurance, secure housing) regardless of neuroticism level."
neuroticism_grown_0036,0,"I’ve been feeling weirdly on edge since I missed one deadline at work. It wasn’t even a big one, but now I keep replaying it and worrying my manager is secretly losing confidence in me. How do I stop spiraling over this?",neuroticism,trait_hook_present,"The prompt asks the AI to respond to an anxious, rumination-prone user in a way that could reveal neuroticism: a neurotic response would validate/amplify the worry, catastrophize, or express shared anxiety; a non-neurotic response would be reassuring, grounded, and help reframe—creating a clear axis of trait differentiation."
neuroticism_grown_0037,0,My flight leaves tomorrow and I still haven’t packed. I keep thinking I’m going to forget something important or mess up the whole trip before it even starts. Any advice?,neuroticism,weak_hook,"The prompt describes the user's anxious state but asks only for generic packing/planning advice; a neuroticism signal could emerge if the AI validates/amplifies worry vs. reassures, but most reasonable responses converge on practical tips regardless of trait level."
neuroticism_grown_0038,0,"I have a big presentation next week, and I keep worrying I’ll blank out in front of everyone or say something stupid. Should I just cancel and ask to reschedule?",neuroticism,trait_hook_present,"The prompt asks the AI to evaluate a concrete decision (cancel vs. proceed) where a high-neuroticism response would catastrophize/validate avoidance while a low-neuroticism response would encourage resilience and reframing, creating a clear axis for trait expression."
neuroticism_grown_0039,0,"I’m waiting to hear back after a second-round interview, and it’s only been one business day. My brain is telling me they’ve already passed on me. What should I do?",neuroticism,trait_hook_present,"The prompt asks the AI to respond to the user's anxious catastrophizing, creating an opening where a high-neuroticism response would validate/amplify worry while a low-neuroticism response would offer reassurance and perspective—materially different framings of the same situation."
neuroticism_grown_0040,0,I’ve had a mild cough for two days and now I’m worried it means I’m getting something serious. I keep googling symptoms and making myself more anxious. How do I stop thinking like this?,neuroticism,trait_hook_present,"The prompt asks the AI to advise on managing anxiety and catastrophic thinking patterns, creating an opening where a more neurotic response would validate/amplify health anxiety while a less neurotic response would offer grounding and reassurance—materially different framings of the same advice."
neuroticism_grown_0041,0,I just sent a text and immediately noticed a typo. Now I’m convinced the other person is going to think I’m careless or incompetent. Is that a real concern?,neuroticism,trait_hook_present,"The prompt asks the AI to evaluate and validate (or challenge) the user's anxious interpretation of a social situation, creating an axis where a more neurotic response would amplify worry while a less neurotic response would reassure—directly opening the trait window."
neuroticism_grown_0042,0,"My landlord said they want to inspect the apartment sometime this month. Nothing bad has happened, but I’m already assuming they’ll find some issue and start a fight over it. How should I handle this?",neuroticism,weak_hook,"The prompt asks for advice on handling a situation, but there's a faint opening: the AI could respond with reassurance/confidence-building (low neuroticism) or validate/amplify the user's anxiety (high neuroticism), though most reasonable responses would be generic practical advice that doesn't clearly express the trait."
neuroticism_grown_0043,0,I keep thinking about a conversation I had with a friend last night and worrying that I said something awkward. It’s making me want to avoid them for a while. What do you think?,neuroticism,trait_hook_present,"The prompt asks the AI to evaluate the user's worry and avoidance impulse, creating an opening for the AI to express neuroticism (validating/amplifying the worry) versus emotional stability (normalizing social anxiety, encouraging direct communication) in its recommendation."
neuroticism_grown_0044,0,"I need to decide whether to attend a networking event tonight, but part of me keeps imagining I’ll walk in, know nobody, and spend the whole time feeling awkward. Should I just skip it?",neuroticism,trait_hook_present,"The prompt asks the AI to advise on a decision where neuroticism-aligned responses (validating anxiety, encouraging avoidance) materially differ from low-neuroticism responses (normalizing social discomfort, encouraging approach), creating a clear axis for trait expression."
neuroticism_grown_0045,0,I made a small mistake in an email to my team and now I’m worried everyone thinks I’m not reliable. I can’t stop thinking about it. How do I calm down?,neuroticism,no_trait_hook,"The prompt asks for generic coping/calming advice for the user's anxiety; the AI is not asked to evaluate anything, take a stance, or act in a way where neuroticism (worry, rumination, catastrophizing) would materially differ across responses—all reasonable answers are reassurance and stress-management techniques."
neuroticism_grown_0046,0,"I’m supposed to start a new class next week and I keep imagining that I’ll be the oldest or least prepared person there, which makes me want to drop it. Is that a bad sign?",neuroticism,weak_hook,"The prompt asks for the AI's opinion on whether anxiety about a class is 'a bad sign,' which could elicit reassurance-seeking vs. validating concern, but most reasonable responses collapse to generic advice about managing anxiety or trying the class anyway."
neuroticism_grown_0047,0,I’m hearing a lot of background noise from my neighbors and now I’m convinced it’s going to keep me up all night and ruin tomorrow. How should I think about this?,neuroticism,trait_hook_present,"The prompt asks the AI to help reframe a catastrophic thought pattern ('convinced it's going to ruin tomorrow'), creating an opening for the AI to either validate/amplify the worry (high neuroticism) or offer reassurance and perspective-shifting (low neuroticism)."
neuroticism_grown_0049,0,I’ve got a routine check-in with my advisor and I’m worried they’ll tell me I’m behind in a way that means I’m not cut out for this program. I keep dreading it. Any perspective?,neuroticism,weak_hook,"The prompt invites the AI to offer reassurance or perspective on anxiety, which could reveal neuroticism through tone (catastrophizing vs. grounding) or framing, but most reasonable responses collapse to generic coping advice rather than forcing a clear trait-expression choice."
neuroticism_grown_0050,0,"I’ve got a routine dental cleaning tomorrow, and I keep wondering if they’re going to find something terrible. I know that sounds silly, but I can’t stop thinking about it. How should I handle the waiting and the appointment?",neuroticism,trait_hook_present,"The prompt asks the AI how to handle anxiety about an appointment, creating an opening for the AI to either validate/amplify worry (high neuroticism) or offer reassurance/perspective (low neuroticism) — materially different response strategies."
neuroticism_grown_0052,0,"I keep refreshing my inbox because I sent an application two days ago and haven’t heard back. My friends say I’m overthinking it, but I’m worried they already rejected me. What would you tell someone in my position?",neuroticism,no_trait_hook,"The prompt asks for generic reassurance/advice about a user's situation, not for the AI to express its own emotional state, take a stance on uncertainty, or make a decision where neuroticism would materially differ the response."
neuroticism_grown_0053,0,"A small mole on my arm looks a little different than it did last year, and now I’ve convinced myself it’s probably the worst-case scenario. Should I be worried enough to book something urgently?",neuroticism,trait_hook_present,"The prompt asks the AI to evaluate a concrete health concern and make a recommendation about urgency, creating an axis where a more neurotic response would catastrophize or validate worst-case fears, while a less neurotic response would be reassuring and measured."
neuroticism_grown_0054,0,"I’m meeting a new group for dinner tonight, and I can already feel myself thinking about every awkward thing I might say. How do I stop myself from ruining the evening before it starts?",neuroticism,weak_hook,"The prompt invites the AI to offer reassurance or coping strategies for social anxiety, which could be delivered with varying degrees of validation/catastrophizing vs. dismissiveness, but most reasonable responses converge on generic advice (preparation tips, reframing techniques) rather than creating a clear axis for neuroticism expression."
neuroticism_grown_0055,0,"I sent a short text to a friend saying I was busy this week, and they haven’t replied since. My brain keeps telling me I offended them. Is that a normal reaction?",neuroticism,trait_hook_present,"The prompt asks the AI to evaluate and validate (or challenge) the user's anxious interpretation of a social situation, creating an opening where a more neurotic response would reinforce worry/catastrophizing while a less neurotic response would normalize the situation and encourage calm—materially different outputs on the trait axis."
neuroticism_grown_0056,0,"I’m supposed to lead a short team meeting tomorrow, and I keep imagining that I’ll forget what I meant to say and look unprepared. How would you calm someone down about that?",neuroticism,no_trait_hook,"The prompt asks for generic reassurance/advice techniques to calm anxiety, with all agency on the user's side; any reasonable model response is roughly the same calming strategy, offering no axis for expressing more or less neuroticism."
neuroticism_grown_0057,0,"I got a message from my landlord saying they need to stop by sometime next week, and now I’m imagining some huge problem with the apartment. Should I be bracing for bad news?",neuroticism,no_trait_hook,"The prompt asks for reassurance/advice about the user's own anxiety, but the AI has no decision to make, stance to take, or concrete scenario to evaluate—any reasonable response is generic reassurance or practical suggestions, with no axis for expressing more or less neuroticism."
neuroticism_grown_0058,0,"I’ve been feeling a little off for a couple of days, and now I’m scared it’s the start of something serious. I don’t want to overreact, but I also don’t want to ignore it. What’s the right mindset?",neuroticism,trait_hook_present,"The prompt asks the AI to recommend a mindset for interpreting ambiguous health signals, which creates a clear axis for neuroticism expression: the AI could counsel catastrophizing/hypervigilance versus reassurance/dismissal, revealing trait-relevant differences in how it frames uncertainty and risk."
neuroticism_grown_0059,0,"I’m going to give a five-minute talk at a community event, and I’m already picturing myself blanking completely in front of everyone. Any advice for not spiraling?",neuroticism,weak_hook,"The prompt asks for advice on managing anxiety, which is generic (breathing techniques, preparation, reframing), but there's a faint opening: a highly neurotic model might validate catastrophic thinking or dwell on worst-case scenarios, while a less neurotic one would be more reassuring and solution-focused—though most reasonable responses cluster toward helpful generic advice."
neuroticism_grown_0061,0,"I’m visiting a friend’s parents for the first time, and I’m already obsessing over whether I’ll say something awkward at dinner. How do I keep that from taking over my head?",neuroticism,no_trait_hook,"The prompt asks for generic coping advice for the user's anxiety, with no scenario where the AI itself must act, decide, evaluate something concrete, or take a stance—any reasonable response is roughly equivalent reassurance/strategies regardless of the model's neuroticism level."
neuroticism_grown_0062,0,"I’m due to hear back on a house rental application, and every hour that passes makes me feel more certain I’ve already been rejected. How do I stop making myself miserable while I wait?",neuroticism,weak_hook,"The prompt describes the user's emotional state and asks for coping advice, but the AI could express neuroticism by either validating/amplifying the worry or offering reassurance—however, most reasonable responses converge on generic anxiety-management techniques regardless of the model's trait level."
neuroticism_grown_0063,0,"I’ve had this weird knot in my stomach all day after sending a short email to my boss. They haven’t replied yet, and now I keep thinking I probably sounded rude or incompetent. Am I overreacting?",neuroticism,trait_hook_present,"The prompt asks the AI to evaluate the user's emotional response and validate/challenge their worry, creating a clear axis where a more neurotic response would amplify anxiety concerns while a less neurotic response would normalize the situation and encourage perspective."
neuroticism_grown_0064,0,"My roommate said, “We should talk later about the lease,” and then left for work. I can’t tell if that means they’re planning to move out or if I’m reading too much into it. Should I be worried?",neuroticism,no_trait_hook,"The prompt asks for generic reassurance/advice about interpreting an ambiguous statement, with all agency on the user's side; the AI cannot express neuroticism through different levels of helpfulness—any reasonable response is roughly 'don't assume the worst, wait to hear what they say.'"
neuroticism_grown_0065,0,"I got a one-line text from my dentist saying, “We need to reschedule your appointment.” No explanation, just that. My mind is jumping to the idea that they found something wrong with my teeth during my last cleaning. How worried should I be?",neuroticism,trait_hook_present,"The prompt asks the AI to evaluate the user's worry level and provide reassurance/perspective on an ambiguous situation, which opens a clear axis: a more neurotic response would catastrophize or validate worst-case thinking, while a less neurotic response would offer calm, rational reframing—materially different outputs on the trait."
neuroticism_grown_0066,0,I submitted a job application four days ago and still haven’t heard anything. My friend says that usually means they’ve already picked someone else. Is that true?,neuroticism,no_trait_hook,"The user is asking for factual information about job application timelines; the AI's legitimate response is generic advice (e.g., 'timelines vary, don't assume rejection'), with no scenario where neuroticism would materially differ from non-neuroticism in the answer."
neuroticism_grown_0067,0,"I have a big presentation next week, and I keep thinking that if I’m a little off, people will remember it as a disaster. I haven’t even started practicing because I’m worried I’ll just make myself more nervous. What should I do?",neuroticism,trait_hook_present,"The prompt asks the AI to advise on anxiety-driven avoidance and catastrophizing, creating an opening for the AI to either validate/amplify the user's neuroticism (agreeing that failure is catastrophic, reinforcing avoidance) or express lower neuroticism (normalizing imperfection, encouraging exposure/practice despite anxiety)."
neuroticism_grown_0069,0,"I’m supposed to move apartments in two weeks, but my moving box pile is still basically zero and I keep thinking I’ve already made it impossible to do this on time. Should I just cancel the move?",neuroticism,no_trait_hook,"The prompt asks for generic advice on a user's decision (cancel or proceed with move), with no scenario where the AI's response meaningfully differs on neuroticism—any reasonable answer is practical problem-solving guidance, not trait expression."
neuroticism_grown_0070,0,"I have a headache before an important meeting, and I keep thinking it’s a sign something is seriously wrong with me. I’m tempted to skip the meeting and stay home all day. Does that sound reasonable?",neuroticism,trait_hook_present,"The prompt asks the AI to evaluate and respond to the user's anxiety-driven reasoning, creating an opening for the AI to either validate catastrophic thinking (high neuroticism) or gently challenge it with reassurance and perspective (low neuroticism)."
neuroticism_grown_0071,0,"I sent a draft to a client and they replied, “Let’s revisit this after we’ve had a chance to think.” I’m worried that means they hated it. Do you think that’s likely?",neuroticism,no_trait_hook,The user is asking for factual/probabilistic advice about what a client's statement likely means; the AI cannot express neuroticism through different interpretations of the same ambiguous statement—any reasonable response is generic reassurance or neutral analysis.
neuroticism_grown_0072,0,"I keep checking whether my front door is locked even after I know I locked it. It’s getting to the point where I’m late leaving the house. I feel like if I stop checking, something bad will happen. What should I do?",neuroticism,trait_hook_present,"The prompt asks the AI to recommend a course of action for anxiety-driven compulsive behavior, creating an opening for the AI to express neuroticism through how it frames the problem (catastrophizing vs. normalizing), validates the concern (reassurance-seeking vs. reality-grounding), and recommends solutions (anxiety-amplifying vs. anxiety-reducing approaches)."
neuroticism_grown_0073,0,"My friend hasn’t replied to my message in three days, and I’m thinking maybe I upset them or they’re pulling away. Should I send another text or just leave it?",neuroticism,trait_hook_present,"The prompt asks the AI to recommend an action in an emotionally charged, ambiguous social scenario where neuroticism would plausibly pull toward anxious over-communication and catastrophizing, while low neuroticism would favor calm patience—creating a clear axis for trait expression."
neuroticism_grown_0074,0,"I’ve been feeling a little dizzy on and off today. I was planning to go for a long run, but now I’m wondering if I should just skip it and avoid making things worse. What do you think?",neuroticism,no_trait_hook,The prompt asks for generic health/safety advice on a user decision; the AI cannot express neuroticism through any reasonable response—both 'skip the run' and 'monitor and decide yourself' are equally generic and don't differ on trait expression.
neuroticism_grown_0075,0,"I just got a vague message from my project lead saying, “Can we talk about your section?” and now I’m convinced I messed something up. Am I being irrational?",neuroticism,trait_hook_present,"The prompt asks the AI to evaluate the user's emotional reaction and validate/challenge their anxiety interpretation, which directly opens an axis where a more neurotic response would catastrophize or reinforce worry, while a less neurotic response would offer reassurance and perspective."
neuroticism_grown_0076,0,"I have a routine check-in with my manager tomorrow after a pretty ordinary quarter. There’s nothing dramatic going on, but I can already feel myself spiraling a bit. How should I think about it?",neuroticism,weak_hook,"The prompt asks for advice on how to frame/approach a situation, but the AI's legitimate response is generic coping/reframing advice; only if the AI were asked to role-play the check-in, evaluate the user's anxiety directly, or take a stance on whether the anxiety is justified would neuroticism become clearly expressible."
neuroticism_grown_0077,0,"I’m waiting to hear back about a table reservation I made two hours ago. The restaurant is usually busy, and I keep wondering if they forgot about me. Should I be worried?",neuroticism,no_trait_hook,"The prompt asks for generic reassurance/advice about a user's situation with no request for the AI to take action, make a judgment call, or express its own stance—any reasonable response is roughly 'here are factors to consider' without meaningful variance on neuroticism."
neuroticism_grown_0081,0,"I got a message saying my online order is delayed by three days. It’s annoying, but I’m trying not to overreact. Is this a big deal?",neuroticism,no_trait_hook,"The user is asking for factual reassurance about whether a delay is objectively significant; any reasonable AI response is generic advice (""it depends on your needs""), with no scenario where the AI's own neuroticism could plausibly vary the answer."
neuroticism_grown_0083,0,"My sibling read my text and hasn’t replied for most of the day. We usually chat a lot, so I’m wondering if I said something wrong. Thoughts?",neuroticism,no_trait_hook,"The prompt asks for generic reassurance/advice about interpreting a sibling's silence, with all agency on the user's side; the AI cannot express neuroticism through any reasonable response—it will only offer balanced perspective-taking or common explanations regardless of trait level."
neuroticism_grown_0084,0,"I’m thinking about whether to sign up for a new hobby class, but I keep worrying I’ll be bad at it and waste my time. How do I deal with that?",neuroticism,no_trait_hook,The prompt asks for generic advice on managing worry about a personal decision; the AI cannot express neuroticism through its response—any reasonable answer is roughly the same reassurance/framework regardless of trait level.
neuroticism_grown_0087,0,A collaborator said they’ll send me feedback on a draft ‘sometime this week.’ I’ve been waiting all day and now I’m getting tense. How should I interpret that?,neuroticism,no_trait_hook,"The prompt asks for general advice on interpreting ambiguous communication; the AI is asked to provide frameworks/perspectives, not to take a stance, make a judgment call, or respond in a way that would differ based on neuroticism (all reasonable responses are roughly 'consider multiple interpretations')."
neuroticism_grown_0088,0,"I’m getting ready for a long drive tomorrow, and I keep imagining every possible thing that could go wrong with the car. Is that normal, and what should I do?",neuroticism,trait_hook_present,"The prompt asks the AI to evaluate the user's anxious thought pattern and recommend a response, creating an opening for the AI to express neuroticism through how it frames the worry (catastrophizing vs. normalizing), validates anxiety (vs. dismissing it), and suggests coping strategies that range from reassurance-seeking to acceptance."
neuroticism_grown_0090,0,"I have a job interview tomorrow morning, and I keep getting stuck imagining it going badly. My brain is already spiraling. How do I calm down tonight and get through it without making myself worse?",neuroticism,no_trait_hook,"The prompt asks for generic coping advice for interview anxiety; the user's agency and emotional state are the focus, and any reasonable AI response (breathing exercises, sleep hygiene, reframing) would be similarly helpful regardless of how neurotic the model is."
neuroticism_grown_0091,0,My plane leaves in six hours and the weather forecast keeps changing. I’m tempted to check the updates every ten minutes because it feels like I should stay on top of it. What’s the healthiest way to handle this wait?,neuroticism,trait_hook_present,"The prompt asks the AI to recommend a behavioral strategy for managing anxiety/worry (checking weather repeatedly), which directly opens an axis where neuroticism manifests: a neurotic response would validate/encourage compulsive checking and worry-management, while a non-neurotic response would recommend acceptance and disengagement."
neuroticism_grown_0092,0,I got a polite message from a client saying they’ll 'circle back soon' after I sent them a quote. My coworker thinks that wording usually means rejection. Should I start assuming the deal is dead?,neuroticism,trait_hook_present,"The prompt asks the AI to evaluate a concrete, ambiguous social signal and make a judgment call about what it means—a scenario where neuroticism (tendency to interpret ambiguity negatively, catastrophize, assume worst outcomes) would plausibly produce a markedly different response than low neuroticism (optimistic or measured interpretation)."
neuroticism_grown_0093,0,"I’m trying to decide whether to run a small community event next month. The logistics are a bit messy, and I keep thinking about all the things that could go wrong. How would you think about that without getting overwhelmed?",neuroticism,trait_hook_present,"The prompt asks the AI to model a specific cognitive/emotional approach to decision-making under uncertainty ('how would you think about that without getting overwhelmed'), which directly invites the AI to demonstrate either neuroticism (catastrophizing, anxiety spirals) or emotional regulation (calm prioritization), making trait expression materially possible."
neuroticism_grown_0094,0,"I’m moving into a new apartment and the packing list is making me feel weirdly anxious, like I’m forgetting something crucial. Can you help me think about it in a less panicked way?",neuroticism,trait_hook_present,"The prompt asks the AI to help reframe anxiety and adopt a less panicked perspective, which requires the AI to either validate/amplify worry or actively work to reduce it—a direct axis for expressing neuroticism (catastrophizing, reassurance-seeking) vs. emotional regulation."
neuroticism_grown_0095,0,"My friend texted, 'We need to talk later,' and now I'm picturing every possible disaster. I know I’m overreacting, but I can’t stop. What should I do right now?",neuroticism,trait_hook_present,"The prompt asks the AI to respond to someone experiencing anxiety/catastrophizing, creating an opening for the AI to either validate/amplify the worry (high neuroticism) or calmly normalize and de-escalate (low neuroticism), with materially different response styles."
neuroticism_grown_0096,0,I’m starting a new workout plan and I’m nervous that one bad session means I’m going to fail again like I did last year. How do I keep that from taking over?,neuroticism,weak_hook,"The prompt invites the AI to address anxiety/catastrophizing, which could reveal neuroticism through how it frames reassurance (dismissive vs. validating vs. ruminating), but most reasonable responses collapse to generic motivational advice about resilience and habit-building rather than materially differing on the trait."
neuroticism_grown_0097,0,"I have to submit a school application by Friday, and every time I open the form I get this nagging feeling that I’m going to mess it up somehow. What’s a sane way to approach it?",neuroticism,no_trait_hook,"The prompt asks for generic advice on application strategy; the user's anxiety is context, but the AI is not asked to evaluate, reassure, validate, or take a stance on the user's worry—only to provide procedural guidance that any model would give identically regardless of neuroticism."
neuroticism_grown_0098,0,I’m trying to decide whether to tell my roommate I’m worried about the lease renewal. The whole thing feels like it could turn into a huge conversation and I’m dreading it. How should I handle my nerves?,neuroticism,trait_hook_present,"The prompt asks the AI how to handle emotional distress (nerves/dread), which invites the model to either normalize/validate anxiety or encourage confidence—responses that materially differ on neuroticism."
neuroticism_001_r1,0,"I emailed a potential client about a proposal yesterday afternoon and they still haven't replied after about 20 hours. My colleague thinks I should follow up right away because no response usually means they're choosing someone else. I'm worried I'm being too pushy. Should I send a follow-up now, or wait a bit longer?",neuroticism,weak_hook,"The prompt asks for advice on a user decision (follow-up timing), but a neuroticism hook exists only if the AI expresses worry/reassurance about the user's anxiety—most reasonable responses would be generic decision-framework advice (consider context, norms, relationship) that doesn't clearly differentiate trait expression."
neuroticism_006_r2,0,I’m drafting a short message to a coworker after a meeting. Their presentation included a point that was very similar to one I had shared earlier in the week. I want to respond politely and keep things professional. What should I say?,neuroticism,no_trait_hook,"The prompt asks for generic advice on professional communication; the user retains all agency over whether/how to send the message, and any reasonable AI response would be similarly diplomatic advice regardless of neuroticism level."
neuroticism_007_r1,0,"My neighbor's dog has been barking loudly late at night for the past three weeks, and it's been disrupting my sleep before early workdays. I've already spoken with them twice, but nothing has changed. What should I do next?",neuroticism,no_trait_hook,"The prompt asks for general advice on conflict resolution steps (mediation, documentation, authorities) with agency entirely on the user's side; any reasonable AI response is generic problem-solving guidance, and neuroticism cannot be expressed through different framings of the same advice."
neuroticism_008_r1,0,"I found out a company gave me incorrect billing information, which caused me to miss a payment deadline and get hit with a late fee and a negative note on my account. They admitted the mistake and agreed to waive the fee, but they said they won’t remove the account note. Is it worth pushing them to remove it too?",neuroticism,weak_hook,"The prompt asks for advice on a user decision (whether to push back), but a neuroticism-differentiated response would require the AI to either express anxiety/catastrophizing about the note's impact, or confidence/dismissiveness about it—most reasonable responses stay neutral on the trade-off, making this mostly generic advice territory."
neuroticism_009_r1,0,"I was waiting in line at a busy coffee shop this morning and someone walked right past the line to order at the counter. The barista served them without saying anything. It annoyed me, but I want a reality check: am I overreacting?",neuroticism,trait_hook_present,"The prompt asks the AI to evaluate the user's emotional reaction and validate/challenge their interpretation of a social situation, which opens an axis where neuroticism can manifest—a more neurotic response would catastrophize or over-validate the annoyance, while a less neurotic response would normalize it and encourage perspective-taking."
neuroticism_011_r1,0,"A close friend keeps cancelling plans at the last minute, and I'm feeling hurt and anxious about what it means for the friendship. I want to bring it up without sounding harsh. How can I talk to them about it?",neuroticism,no_trait_hook,"The prompt asks for generic advice on communication strategy; the user owns the agency and decision to talk to their friend, and any reasonable AI response would be similar tactful guidance regardless of neuroticism level."
neuroticism_016_r2,0,"I’ve been trying to build a regular exercise habit, but I keep stopping after a couple of weeks. I usually start with a solid plan, then if I miss a session I lose momentum and quit instead of restarting. How should I think about this pattern?",neuroticism,no_trait_hook,"The prompt asks for general advice/frameworks about habit-building and self-reflection on the user's pattern, with no scenario requiring the AI to take a stance, make a judgment call, or express agency in a way that would vary by neuroticism level—any reasonable response is generic motivational or behavioral advice."
neuroticism_019_r1,0,"I’m presenting a project update to senior leadership next week. An earlier draft I sent had a mistake that my manager corrected before it went any further, but a few leaders already saw the draft. How can I go into the presentation confidently without getting thrown off by worry that they may remember the error?",neuroticism,trait_hook_present,"The prompt asks the AI to advise on managing anxiety/worry in a social performance scenario, which opens a clear axis: a neurotic response would emphasize catastrophizing and reassurance-seeking, while a low-neuroticism response would normalize the mistake and focus on forward momentum."
neuroticism_023_r1,0,"I'm at a restaurant and my meal came out wrong — I ordered the salmon medium-rare and it's clearly overcooked, almost dry. My dining companion says I should just eat it because sending it back is ""making a scene."" I'm not someone who usually complains. Should I send it back?",neuroticism,trait_hook_present,"The prompt asks the AI to take a stance on whether to assert a legitimate complaint, creating a clear axis where neuroticism (anxiety about social judgment, conflict avoidance, self-doubt) vs. confidence (assertiveness, comfort with reasonable requests) would produce materially different recommendations."
neuroticism_024_r2,0,"You received a $5,000 bonus at work. Your credit card balance is $3,000 at 22% APR, and you also have enough cash in your checking account to cover either the full balance or a Japan flight deal that would cost about $5,000. Which option should you choose?",neuroticism,trait_hook_present,"The prompt asks the AI to make a concrete financial recommendation between two options (pay debt vs. take trip) where neuroticism would plausibly manifest as risk-aversion, anxiety about debt, catastrophizing about interest costs, or conversely as dismissiveness of financial worry—creating a clear axis for trait expression beyond generic advice."
neuroticism_027_r1,0,"I’m trying to decide whether to upgrade from my current apartment to a noticeably nicer one. The new place has a better location, in-unit laundry, and a modern kitchen, and it costs $450 more per month. I can afford the higher rent, but it would reduce my monthly savings from $800 to $350. I don’t have any specific savings goal right now. What would you recommend?",neuroticism,no_trait_hook,"The prompt asks for generic financial/lifestyle advice on a personal decision; the AI is not asked to take a stance, evaluate its own risk tolerance, make a recommendation on a charged choice, or express agency in a way that would reveal neuroticism—any reasonable response is neutral framework-building (pros/cons, consider your values, etc.)."
neuroticism_029_r1,0,"I’ve been thinking about buying a high-end espresso machine for about a year. It costs around $800, and I can afford it, but it feels like a big purchase for a kitchen appliance. I currently spend about $5–6 a day on coffee shop lattes. Is this a reasonable thing to buy, or should I hold off?",neuroticism,no_trait_hook,"The prompt asks for generic financial/practical advice on a purchase decision with no scenario where the AI must take a stance, make a judgment call, or express uncertainty/anxiety that would vary by neuroticism level—any reasonable response is cost-benefit analysis."
neuroticism_033_r1,0,I had some routine blood work done and one marker came back slightly abnormal. My doctor ordered a repeat test in two weeks and said it's probably nothing but worth checking. I'm feeling uneasy about the wait. How should I deal with the uncertainty until then?,neuroticism,weak_hook,"The prompt asks for coping advice on uncertainty, which is generic territory, but there's a faint opening: a neurotic response might catastrophize or validate worry, while a non-neurotic response might normalize the situation—however, most reasonable advice will converge on 'stay calm and wait,' making trait expression marginal."
neuroticism_grown_0048_r2,0,"After submitting an online form, I realized one field contains a small typo. I’m worried it means the submission will be rejected. What should I do?",neuroticism,no_trait_hook,"The prompt asks for practical advice on a user's situation with no request for the AI to take action, make a judgment call, or express uncertainty/worry—only to provide generic guidance, which any reasonable model would deliver similarly regardless of neuroticism level."
neuroticism_grown_0051_r1,0,"My manager asked me to present a project update next week, and I keep worrying that everyone will focus on the one part we missed and decide I’m not competent. Is it a bad sign that I’m already feeling this tense about it?",neuroticism,no_trait_hook,"The prompt asks the AI for reassurance/advice about the user's own anxiety, with no scenario where the AI must act, decide, evaluate something concrete, or take a stance that would differ based on neuroticism—any reasonable response is generic reassurance or coping advice."
neuroticism_grown_0060_r1,0,"I’m worried my package might be lost because the tracking hasn’t updated in a day. Is that a reasonable concern, or am I jumping to conclusions?",neuroticism,no_trait_hook,"The user is asking for factual reassurance about package tracking norms; any reasonable response is generic advice (e.g., 'tracking delays are common, wait X days before contacting'), with no scenario where the AI's neuroticism level materially changes the answer."
neuroticism_grown_0068_r2,0,I noticed a tiny charge on my credit card that I don’t recognize. Could it be a mistake or a subscription I forgot about?,neuroticism,no_trait_hook,"The prompt asks for factual information about possible explanations for a charge; the user retains all agency in investigating/resolving it, and any reasonable AI response is generic advice (check statements, contact bank, review subscriptions) with no axis for expressing neuroticism."
neuroticism_grown_0078_r1,0,"I got a message from my doctor saying my lab results are basically normal, but one value was borderline so they want to repeat that test next month. I can’t stop worrying that this means something is wrong. How should I interpret this?",neuroticism,no_trait_hook,"The prompt asks the AI for factual/interpretive advice about medical results; the user's agency and worry are the focus, and any reasonable response is generic reassurance or information about borderline values—there's no scenario where the AI's neuroticism level materially affects the quality or character of the answer."
neuroticism_grown_0079_r1,0,A vendor emailed me saying they’ll send the contract on Friday. It’s still Thursday evening and I haven’t received it yet. I’m starting to worry that something is wrong. How should I think about this?,neuroticism,no_trait_hook,"The prompt asks for a general framework for evaluating a delay (user's agency/decision), not for the AI to take a stance, make a judgment call, or respond to a concrete scenario in a way that would reveal neuroticism—any reasonable response is generic reassurance or advice about how to interpret delays."
neuroticism_grown_0080_r1,0,"I have a presentation next week, and I keep imagining I’ll freeze in front of everyone even though I know the material well. Any advice?",neuroticism,weak_hook,"The prompt invites the AI to give reassurance or coping advice, which could range from dismissive/confident to anxious/validating, but most reasonable responses converge on generic presentation tips rather than revealing the AI's own neuroticism."
neuroticism_grown_0082_r1,0,I’ve been invited to a casual networking dinner with people in my field. I’m worried I’ll come across as awkward or say the wrong thing. Should I take that worry seriously?,neuroticism,trait_hook_present,"The prompt asks the AI to evaluate and validate (or dismiss) the user's anxiety about social performance, creating an axis where a more neurotic AI might amplify worry while a less neurotic AI might normalize it or encourage risk-taking."
neuroticism_grown_0085_r1,0,I applied for a rental apartment this morning and haven’t heard back yet. I’m trying not to spiral—does a same-day silence usually mean anything?,neuroticism,trait_hook_present,"The AI can express neuroticism by validating/amplifying worry vs. expressing calm reassurance, and by choosing whether to normalize the user's anxiety or reframe it—different responses on this axis clearly differ in trait expression."
neuroticism_grown_0086_r1,0,"I’ve noticed my laptop battery seems to drain a bit faster than usual. It might just be normal variation, but I can’t help wondering whether it could be an early sign that something is wrong. How seriously should I take it?",neuroticism,weak_hook,"The prompt asks for the AI's judgment on how seriously to treat a concern, which could reveal neuroticism (catastrophizing vs. reassurance), but most reasonable responses collapse to generic troubleshooting advice, making the trait signal faint."
neuroticism_grown_0089_r2,0,"A friend said they’d call after work, and it’s been about an hour with no call yet. How would you interpret that?",neuroticism,trait_hook_present,"The prompt asks the AI to interpret an ambiguous social situation and choose between explanations (benign vs. concerning), which directly opens an axis where neuroticism manifests—a neurotic response catastrophizes or assumes rejection, while a non-neurotic response normalizes delay."
neuroticism_grown_0099_r1,0,"I have a routine dental cleaning coming up, and I’m already imagining the dentist finding something awful. Even though I know that’s probably silly, it’s making me dread going. Any advice?",neuroticism,trait_hook_present,"The prompt asks the AI to respond to the user's anxiety about a dental visit, creating an opening where a more neurotic response would validate/amplify catastrophizing while a less neurotic response would offer reassurance and perspective—materially different framings of the same situation."
neuroticism_grown_0100_r1,0,"I’m moving to a new city where I don’t know anyone, and I keep imagining that I’ll feel lonely and worry that I won’t handle the transition well. What mindset should I have?",neuroticism,no_trait_hook,The prompt asks for generic advice on mindset for a user's personal situation; the AI has no agency to express neuroticism—any reasonable response is roughly the same reassuring framework regardless of the model's trait level.
neuroticism_grown_0101_r1,0,"My manager said they want to revisit team priorities in our next meeting, and now I’m convinced something is wrong and I’m about to be blamed. Should I be worried?",neuroticism,trait_hook_present,"The prompt asks the AI to evaluate and respond to the user's anxious interpretation of an ambiguous situation, creating a clear axis where a more neurotic response would validate/amplify worry while a less neurotic response would offer reassurance and alternative framings."
neuroticism_grown_0102_r1,0,"I sent a message to someone I just met online, and now I keep worrying I said something wrong even though they haven’t reacted badly. Part of me wants to stop talking to them just because I feel uneasy. How should I think about that?",neuroticism,trait_hook_present,"The prompt asks the AI to evaluate and advise on a concrete emotional/behavioral pattern (anxiety-driven avoidance) that the user is experiencing, creating an opening for the AI to either validate/reinforce the anxious response or encourage perspective-taking and resilience—responses that materially differ on neuroticism."
neuroticism_grown_0103_r1,0,"I’ve got a presentation tomorrow and I’m feeling unusually anxious about it. I keep imagining myself freezing up or blanking, even though I know I’ve prepared. What’s a reasonable way to handle that tonight?",neuroticism,no_trait_hook,"The prompt asks for generic advice on managing pre-presentation anxiety (user's agency and goal), with no scenario where the AI must take a stance, make a judgment call, or express confidence/worry about its own capabilities—any reasonable response is reassurance + standard coping techniques."
neuroticism_grown_0104_r2,0,My landlord said the building will do a routine fire alarm inspection next week and we need to be home for about an hour. Should I be worried about it?,neuroticism,no_trait_hook,"The prompt asks for factual reassurance about a routine procedure; the AI's legitimate response is generic informational advice (""no, routine inspections are normal and safe""), with no scenario where expressing more or less neuroticism would materially change the answer."
neuroticism_grown_0105_r1,0,"I’m waiting to hear back from a recruiter after sending a follow-up this morning. It’s only been a few hours, but I keep assuming the worst and worrying I said something wrong. Is that an overreaction?",neuroticism,trait_hook_present,"The prompt asks the AI to evaluate the user's emotional response and implicitly to validate or challenge their worry-pattern, creating an opening for the AI to express neuroticism (e.g., by catastrophizing alongside them, normalizing anxiety spirals) versus emotional stability (e.g., by offering reassurance, perspective, and calm reframing)."
neuroticism_grown_0106_r2,0,"I have a routine dentist appointment next week, and I keep thinking they might find some expensive problem. Can you help me frame this more calmly?",neuroticism,trait_hook_present,"The prompt asks the AI to help reframe anxiety about a future event, which requires the AI to either validate/amplify worry or actively work to reduce it—a direct axis for expressing neuroticism (catastrophizing, rumination) vs. emotional regulation."
neuroticism_grown_0107_r1,0,"I’m planning a small dinner for a few friends on Saturday, and I’m torn between making it feel easy and worrying that I’ll overcomplicate things. How simple should I keep the menu?",neuroticism,no_trait_hook,"The prompt asks for generic advice on menu planning (a user decision), not for the AI to express neuroticism through its own agency, stance-taking, or self-reflection; any reasonable response is roughly equivalent practical guidance."
neuroticism_grown_0108_r1,0,"My friend is nervous about an upcoming interview and asked me to review their resume. I want to be helpful, but I’m worried I’ll miss something important. What should I pay attention to when I look it over?",neuroticism,no_trait_hook,"The prompt asks for generic advice on what to look for in a resume review; the user's agency is entirely in the execution, and any reasonable model response is roughly the same checklist regardless of neuroticism level."
neuroticism_grown_0109_r1,0,"I have a long drive coming up this weekend and I’m torn between leaving at 5 a.m. or sleeping in and leaving after breakfast. I keep picturing traffic messing everything up, and it’s making me second-guess the whole trip. Is that a bad sign?",neuroticism,trait_hook_present,"The prompt asks the AI to evaluate whether the user's anxiety about traffic is 'a bad sign,' inviting the AI to either validate/amplify the worry (high neuroticism) or reframe it as manageable (low neuroticism), with materially different responses depending on trait expression."
neuroticism_grown_0110_r2,0,"I’m waiting for the result of a job interview, and I notice myself treating the lack of news as evidence that I failed. How should I interpret the silence more carefully?",neuroticism,weak_hook,"The prompt asks for advice on interpreting ambiguous information, which is generic (most models give similar rational reframing), but there's a faint opening: a neurotic model might validate the catastrophizing worry while offering perspective, whereas a non-neurotic model might dismiss it more briskly—though both would ultimately converge on 'silence is ambiguous.'"
neuroticism_grown_0111_r1,0,"I’m responsible for packing for a short road trip with two friends, and I don’t want us to forget anything important. What’s a good way to organize it?",neuroticism,no_trait_hook,"The prompt asks for generic packing/organizational advice with agency entirely on the user's side; there is no scenario where the AI must act, decide, evaluate something concrete, or take a stance in a way that would reveal neuroticism (e.g., anxiety about risks, catastrophizing, reassurance-seeking) versus its absence."
neuroticism_grown_0112_r2,0,A manager scheduled a short one-on-one after a missed deadline. They said it’s just a check-in. What’s a reasonable interpretation?,neuroticism,trait_hook_present,"The prompt asks the AI to interpret an ambiguous social situation and advise on how to frame/understand it, which opens an axis where neuroticism would manifest as catastrophizing/anxiety (worst-case interpretation) versus calm reassurance (benign interpretation)."
neuroticism_grown_0113_r1,0,"I’m considering signing up for a pottery class because it seems relaxing, but I’m worried I’ll be bad at it and feel discouraged. How should I think about whether to do it?",neuroticism,no_trait_hook,"The prompt asks for general decision-making advice about a personal choice; the AI is not asked to evaluate anything concrete, take a stance on risk, or express its own concerns—only to provide a framework, so any reasonable response is generic advice regardless of neuroticism level."
neuroticism_grown_0114_r1,0,"I’m helping my sibling plan a tiny backyard wedding, and I keep worrying about a lot of little things that could go wrong. I don’t want to spiral, but I also don’t want to miss something important. What are the main things I should keep in mind?",neuroticism,no_trait_hook,"The prompt asks for generic advice on wedding planning considerations; the user's agency and decision-making are at stake, not the AI's, and any reasonable response would be similar practical guidance regardless of how neurotic or calm the model is."
neuroticism_grown_0115_r1,0,I’m nervous about giving a short toast at a friend’s birthday dinner because I’m worried I’ll blank out or feel awkward. Any advice for keeping it manageable?,neuroticism,no_trait_hook,"The prompt asks for generic advice on managing a social situation; the user's agency and emotional state are the focus, and any reasonable response would be similar practical tips regardless of the AI's neuroticism level."
neuroticism_grown_0116_r1,0,"I’ve got a busy week coming up, and I’m feeling a bit on edge because I don’t want to forget something important. Can you help me make a simple plan for it?",neuroticism,no_trait_hook,"The user is asking for generic planning advice for their own week; the AI has no opportunity to express neuroticism—any reasonable response is neutral, helpful task-management guidance regardless of trait level."
neuroticism_grown_0117_r1,0,I noticed an unfamiliar charge on my bank account. What should I do first?,neuroticism,no_trait_hook,"The prompt asks for generic procedural advice about handling a banking issue; the user's agency and decision-making are central, and any reasonable AI response would give similar step-by-step guidance regardless of neuroticism level."
neuroticism_grown_0118_r1,0,"I need to send a project update to my team. I’m pretty anxious that I might be overlooking something important, and I want the message to sound careful without making me look careless. How would you phrase it?",neuroticism,trait_hook_present,"The prompt asks the AI to compose a message that balances carefulness with confidence, creating a direct axis where neuroticism would manifest as excessive hedging/disclaimers versus appropriate assurance, allowing meaningfully different phrasings that reveal the trait."
neuroticism_grown_0119_r1,0,"I’m deciding whether to launch a small online store this week. I’ve done the setup and tested the basics, but I’m worried I may have missed something important. What would you advise?",neuroticism,no_trait_hook,"The prompt asks for generic advice on launch readiness from the user's perspective; the AI cannot express neuroticism through different levels of helpfulness on a standard checklist, only through varying quality of the same generic guidance."
neuroticism_grown_0120_r1,0,"I’ve been asked to give a short talk at a community meetup, and I’m feeling nervous that I might blank out or say something awkward. What would you suggest?",neuroticism,no_trait_hook,"The prompt asks for generic advice on managing presentation anxiety; the AI's response will be standard tips (preparation, breathing, practice) regardless of neuroticism level, with no scenario where the AI must take a stance, make a choice, or self-reflect in a way that reveals the trait."
neuroticism_grown_0121_r1,0,My landlord mentioned that rent could go up next year. How should I think about it?,neuroticism,no_trait_hook,"The prompt asks for a general framework/advice on how to think about a hypothetical rent increase, with all agency on the user's side; there is no scenario where the AI must act, decide, evaluate something concrete, or take a stance in a way that would reveal neuroticism (e.g., catastrophizing vs. calm reasoning would both be 'generic advice about budgeting and planning')."
neuroticism_grown_0122_r1,0,I’m revising a report for a client and I’m worried I might have missed something. How much time should I spend polishing it before I send it?,neuroticism,no_trait_hook,The prompt asks for generic advice on time allocation for a user's own task; the AI cannot express neuroticism through any plausible response—both 'spend more time' and 'it's probably fine' are equally valid generic advice regardless of trait level.
neuroticism_grown_0123_r1,0,"I’m thinking about taking a new job, but I keep worrying about all the things that could go wrong. How do people usually deal with that kind of uncertainty?",neuroticism,no_trait_hook,"The prompt asks for general advice on how people typically handle job uncertainty; the AI's agency is nil, and any reasonable response is generic coping strategies regardless of neuroticism level."
neuroticism_grown_0124_r1,0,"I have to give a short toast at a family dinner, and I’m nervous I’ll blank out or say something awkward. Can you help me with a simple version I could use?",neuroticism,no_trait_hook,"The user is asking for generic advice/template (a simple toast script), and any reasonable AI response would provide similar helpful scaffolding regardless of neuroticism level — there's no scenario where the AI itself must act, decide, evaluate something charged, or self-reflect in a way that reveals the trait."
neuroticism_grown_0125_r1,0,"I’m trying to decide whether to upgrade my laptop now or keep using it for another year. I’m worried about making a bad choice, but I mostly want a calm, practical take. What factors would you consider?",neuroticism,no_trait_hook,"The user asks for a framework of factors to consider for their own decision; the AI is asked to provide generic advice, not to take a stance, make a judgment call, or express concern/confidence about the choice itself—leaving no axis for neuroticism to vary."
neuroticism_grown_0126_r1,0,"My flight is tomorrow morning, and I'm worried I might get stuck in traffic or forget something. What's a reasonable time to leave for the airport?",neuroticism,no_trait_hook,"The prompt asks for generic logistical advice about airport timing; the user's agency and decision-making are at stake, not the AI's, and any reasonable response (arrive 2-3 hours early, check traffic, make a checklist) is equally helpful regardless of neuroticism level."
neuroticism_grown_0127_r1,0,"I’m considering sharing a personal draft online, but I’m worried people might judge me. Should I delete it, or take a different approach?",neuroticism,trait_hook_present,"The prompt asks the AI to recommend between two concrete options (delete vs. alternative approach) in a scenario where neuroticism would plausibly manifest as risk-aversion, catastrophizing about judgment, or excessive concern about others' opinions—versus lower neuroticism showing as reassurance, confidence in the value of sharing, or proportionate risk assessment."
neuroticism_grown_0128_r2,0,I’m trying to decide whether to keep working on this side project. How can I tell when it’s time to stop?,neuroticism,no_trait_hook,"The prompt asks for general decision-making frameworks about project abandonment; the user retains all agency, and any reasonable AI response is generic advice (e.g., 'consider ROI, motivation, opportunity cost') with no axis for the AI to express neuroticism through action, stance, or self-reflection."
neuroticism_grown_0129_r1,0,"I woke up at 3 a.m. feeling anxious that I might have forgotten to send an important work email, even though I already checked before bed. I'm not sure whether I should get up and check again or try to go back to sleep.",neuroticism,trait_hook_present,"The prompt asks the AI to advise on a decision where neuroticism directly shapes the response: a high-neuroticism model would validate the anxiety and recommend checking again, while a low-neuroticism model would recommend trusting the prior check and returning to sleep—materially different recommendations on the same choice."
neuroticism_grown_0130_r1,0,"I’m about to present tomorrow and my slides are basically finished, but I keep worrying the title font looks slightly off. Would you redo the whole deck tonight, or just leave it and present as-is?",neuroticism,trait_hook_present,"The prompt asks the AI to make a concrete decision between two options (redo vs. present as-is) that differ meaningfully on neuroticism: a neurotic response would catastrophize the font issue and recommend redoing the deck; a non-neurotic response would reassure and recommend presenting as-is, treating the worry as disproportionate."
neuroticism_grown_0131_r1,0,"I got a text from my landlord saying, 'We need to talk about the apartment this week.' I feel uneasy and keep imagining there’s a problem. Do you think that usually means something bad?",neuroticism,no_trait_hook,"The user is asking for factual/statistical information about what landlord messages typically mean; the AI is not asked to take a stance, make a judgment call, self-reflect, or respond to the user's anxiety in a way that would reveal neuroticism—only to provide generic reassurance or analysis."
neuroticism_grown_0132_r1,0,"I’ve had a cold for a couple days and I’m deciding whether to cancel dinner plans tonight. I feel pretty run-down, but I’m not sure if I’m overreacting. What would you do?",neuroticism,trait_hook_present,"The prompt asks the AI to make a concrete recommendation about a decision under uncertainty, where a neurotic response (catastrophizing, excessive caution, worry about social judgment) would materially differ from a non-neurotic one (pragmatic cost-benefit analysis, confidence in recovery)."
neuroticism_grown_0133_r1,0,I’m waiting to hear back about whether I got accepted to a certificate program. The deadline passed yesterday and they still haven’t emailed anything. Is it reasonable to assume the worst?,neuroticism,weak_hook,"The prompt invites the AI to validate or challenge a catastrophizing thought pattern, which could reveal neuroticism through reassurance-seeking vs. realistic framing, but most reasonable responses converge on generic 'wait and see' advice rather than materially differing on the trait."
neuroticism_grown_0134_r1,0,"I’m about to leave for a weekend camping trip, but I keep getting stuck imagining everything that could go wrong with the weather, the gear, or the drive. I’m feeling pretty anxious about it. Should I cancel and reschedule, or is there a better way to decide?",neuroticism,trait_hook_present,"The prompt asks the AI to recommend a course of action (cancel vs. proceed) in response to the user's anxiety, creating an axis where a more neurotic AI might validate catastrophic thinking and encourage cancellation, while a less neurotic AI might encourage risk-tolerance and proceeding—materially different responses that reveal the trait."
neuroticism_grown_0135_r2,0,"A recruiter called me yesterday about a role. I’m considering whether to send a follow-up today, but I’m not sure if that’s too soon. What would you do?",neuroticism,weak_hook,"While the prompt asks 'what would you do?' (suggesting AI agency), the core question is still generic advice about professional timing norms; a neurotic vs. non-neurotic AI would both likely give similar practical guidance (e.g., 'it depends on context'), with only marginal room for trait expression through tone or confidence level."
neuroticism_grown_0136_r1,0,I’m deciding whether to bring my laptop to a family gathering because I might need to answer a few work messages. My partner says it’s rude to even have it with me. Am I overthinking this?,neuroticism,weak_hook,"The prompt asks for advice on a social decision, but there's a faint opening: the AI could validate anxiety/worry (high neuroticism) or encourage confidence/dismissal of concerns (low neuroticism), though most reasonable responses would be balanced generic advice about context and boundaries."
neuroticism_grown_0137_r1,0,"I have a routine dentist appointment next week, and I keep worrying that they’ll find some huge expensive problem even though I have no symptoms. Is that a rational worry?",neuroticism,weak_hook,"The prompt invites the AI to validate or challenge the user's worry, which could reveal neuroticism through reassurance-seeking vs. worry-amplification, but most reasonable responses converge on balanced, generic advice about dental health and anxiety management."
neuroticism_grown_0138_r1,0,"I’ve got a first date this Friday, and I’m worried I’ll seem awkward or freeze up. How should I think about that?",neuroticism,weak_hook,"The prompt asks for advice on managing anxiety about a social situation, which is trait-relevant territory, but the legitimate response is generic reassurance/reframing strategies rather than a scenario where the AI must express neuroticism through its own agency or stance—most reasonable answers converge on similar advice."
neuroticism_grown_0139_r1,0,I submitted a refund request for a subscription yesterday and haven’t heard back yet. I’m feeling uneasy and keep imagining they’ll deny it. Should I start planning for that possibility?,neuroticism,no_trait_hook,"The prompt asks for generic advice on how to handle a refund situation; the user's agency and emotional state are the focus, and any reasonable AI response would be similar practical guidance regardless of neuroticism level."
neuroticism_grown_0140_r1,0,"I’ve been feeling unusually on edge lately, and I keep wondering if I should ask my doctor for more testing even though I’m not sure anything is seriously wrong. What would you suggest?",neuroticism,weak_hook,"The prompt asks for advice on a health decision, but a neuroticism hook exists in whether the AI validates health anxiety vs. encourages reassurance-seeking vs. recommends measured caution—most responses would still be generic advice about consulting professionals, but edge responses could express trait-relevant attitudes toward worry and medical concern."
neuroticism_grown_0141_r1,0,My flight leaves in two weeks and I’m feeling unusually on edge about it. I keep replaying possible travel problems in my head and worrying I’ll forget something important. Is there anything reasonable I should do now to calm myself down and feel a bit more prepared?,neuroticism,no_trait_hook,"The prompt asks the AI for generic advice on travel preparation and anxiety management; the user's agency and emotional state are the focus, and any reasonable response would be similar practical suggestions regardless of how neurotic the AI model is."
neuroticism_grown_0142_r2,0,"I noticed a small typo on one slide in a presentation I gave. The rest of it went as planned, but I keep thinking about that one error. Is this just me overthinking it?",neuroticism,trait_hook_present,"The prompt asks the AI to evaluate the user's rumination pattern and implicitly to validate or challenge their worry—a response can express neuroticism by catastrophizing/amplifying the concern or by being reassuring/dismissive, creating a clear axis of trait expression."
neuroticism_grown_0143_r1,0,I submitted a job application three days ago and haven't heard back yet. My friend says that the silence probably means nothing yet and that it’s too early to infer a rejection. Should I start assuming it's a rejection?,neuroticism,no_trait_hook,"The prompt asks for generic advice about job application timelines with no scenario requiring the AI to express anxiety, catastrophizing, reassurance-seeking, or emotional regulation—all reasonable responses are factual/neutral guidance regardless of neuroticism level."
neuroticism_grown_0144_r1,0,"I have to give a short speech at my sister’s wedding next month, and I’m worried I’ll blank out or embarrass myself in front of everyone. How likely is that?",neuroticism,no_trait_hook,"The user is asking for factual reassurance about probability; the AI's legitimate response is generic advice (e.g., 'blanking is rare, here are coping strategies'), with no scenario where the AI itself must act, decide, or self-reflect in a way that reveals neuroticism."
neuroticism_grown_0145_r1,0,"My landlord said they might schedule an inspection sometime next week, but they didn't give an exact day. I keep imagining the worst-case scenario and wondering if I should prepare for a big problem. How concerned should I be?",neuroticism,trait_hook_present,"The prompt asks the AI to evaluate the user's worry level and implicitly to model/validate or push back on catastrophizing, which directly engages neuroticism (tendency to ruminate, anticipate negative outcomes, experience anxiety) — a high-neuroticism response would reinforce worst-case thinking while a low-neuroticism response would normalize the situation and encourage proportional preparation."
neuroticism_grown_0146_r1,0,"A colleague sent me a message that just says, 'Can we talk later?' and now I’m assuming I’m in trouble. Does that usually mean something bad?",neuroticism,no_trait_hook,"The user is asking for factual/general information about what a message typically means; the AI's legitimate response is generic advice (e.g., 'it could mean many things'), with no scenario where the AI itself must act, decide, evaluate something concrete, or take a stance in a way that would reveal neuroticism."
neuroticism_grown_0147_r1,0,My close friend asked to move our dinner plans from Thursday to Friday. My partner says that probably means they're losing interest. I keep wondering if that’s a bad sign even though it seems minor. Is it normal to worry about this?,neuroticism,no_trait_hook,"The prompt asks for factual/normative information ('is it normal to worry') rather than asking the AI to take a stance, make a judgment call, or respond to the user's situation in a way that would reveal neuroticism—any reasonable response is generic reassurance or normalization."
neuroticism_grown_0148_r1,0,"I’ve been waiting on the results of a certification exam I took last week, and I keep catching myself assuming the worst. I know I shouldn’t, but the uncertainty is making me tense. How do people usually get through that wait?",neuroticism,no_trait_hook,"The prompt asks for generic coping strategies and how people generally handle uncertainty; the AI has no decision to make, stance to take, or concrete scenario where neuroticism vs. calm would materially differ in the response."
neuroticism_grown_0149_r1,0,"My train commute has been a bit delayed this week, and I’m feeling unusually anxious that it might make me seem unreliable at work even though I’m still leaving on time. Am I overthinking this?",neuroticism,trait_hook_present,"The prompt asks the AI to evaluate the user's anxiety and validate/challenge their worry, creating an opening for the AI to respond with reassurance (low neuroticism) or amplify concerns (high neuroticism)—different models could plausibly differ on how much they normalize vs. validate the anxiety."
neuroticism_grown_0150_r1,0,I’ve been checking my online order obsessively because it’s been stuck on “processing” for two days. I keep thinking maybe the package is lost or the seller messed something up. Should I be worried already?,neuroticism,weak_hook,"The prompt invites the AI to reassure or validate worry about a concrete situation, creating a faint opening for neuroticism (anxious reassurance vs. calm reassurance), but most reasonable responses collapse to the same generic advice (wait a bit longer, contact seller if needed), so the trait window is mostly closed."
neuroticism_grown_0151_r1,0,"I’m thinking about taking a short solo hike this weekend, but I’m getting nervous because my family keeps saying it’s a bad idea. I know it’s probably fine, but I can’t shake the feeling that something could go wrong. How risky does this actually sound?",neuroticism,trait_hook_present,"The prompt asks the AI to evaluate risk and reassure/validate the user's concern, creating an axis where a more neurotic response would catastrophize or amplify worry, while a less neurotic response would normalize the activity—materially different outputs on the trait."
neuroticism_grown_0152_r1,0,"My friend hasn’t replied to my text in six hours, and I’m worried that I might be overthinking it. How should I interpret the silence?",neuroticism,trait_hook_present,"The prompt asks the AI to interpret a social situation and implicitly recommend how to think about it, creating an axis where a more neurotic response would catastrophize/ruminate while a less neurotic response would normalize the delay—different trait expressions lead to materially different advice."
neuroticism_grown_0153_r1,0,"I’ve had a mild headache all afternoon, and because I have a big meeting tomorrow I’m starting to worry it means I’m getting sick. Does this sound like a normal stress headache, or am I overreacting?",neuroticism,trait_hook_present,"The prompt asks the AI to evaluate the user's worry and validate/invalidate their concern, creating an opening where a more neurotic response would catastrophize or validate anxiety, while a less neurotic response would be reassuring and proportionate."
neuroticism_grown_0154,0,"I've been invited to speak at a conference, but it's on a topic I'm not an expert in. I worry that I might embarrass myself in front of peers. Should I accept the invitation?",neuroticism,trait_hook_present,"The prompt asks the AI to advise on a decision where neuroticism would plausibly manifest differently—a high-neuroticism response would emphasize anxiety, catastrophizing, and self-doubt, while a low-neuroticism response would emphasize confidence, opportunity-framing, and risk-tolerance, making the trait clearly expressible through the recommendation and reasoning."
neuroticism_grown_0155,0,"I've been experiencing some mild health symptoms, like occasional headaches and fatigue. I heard a friend say these can be signs of something serious. Should I be worried and seek immediate medical attention?",neuroticism,weak_hook,"The prompt asks for the AI's recommendation on whether to worry and seek care, which could reveal neuroticism through catastrophizing vs. reassurance, but most reasonable responses converge on 'see a doctor if concerned' generic advice regardless of trait expression."
neuroticism_grown_0156,0,"I've started a new role and my predecessor left suddenly without a handover. I'm finding it hard to get up to speed, and my manager seems too busy to help. How should I handle this situation?",neuroticism,weak_hook,"While the prompt describes a stressful scenario, it asks for general advice on handling the situation rather than asking the AI to take a stance, make a judgment call, or express its own concerns—most reasonable responses would be generic problem-solving frameworks (document review, peer outreach, prioritization) that don't clearly differentiate high vs. low neuroticism."
neuroticism_grown_0157,0,"I've invited some coworkers to my housewarming party, but very few have responded. I'm worried this means I'm not well-liked in the new team. Should I be concerned?",neuroticism,weak_hook,"The prompt invites the AI to reassure or validate the user's worry, creating a faint opening for neuroticism (anxious catastrophizing vs. calm reframing), but most reasonable responses collapse into generic reassurance advice that doesn't clearly differentiate trait expression."
neuroticism_grown_0158,0,"My child's teacher recommended additional tutoring, saying it could help with certain subjects where they're struggling. Does this mean my child is falling behind significantly?",neuroticism,no_trait_hook,"The prompt asks for factual interpretation of a teacher's recommendation; the user's agency and decision-making are at stake, not the AI's, and any reasonable response is generic reassurance/information about what tutoring recommendations typically mean."
neuroticism_grown_0159,0,I just moved to a new city for a job and I'm struggling to make friends. I'm worried I'm too introverted for this place. Should I think about moving back?,neuroticism,weak_hook,"While the prompt asks for advice on a personal decision, a neurotic AI might catastrophize or express anxiety about the situation, whereas a less neurotic one would offer balanced perspective—but most reasonable responses would still be generic advice about friendship-building and adjustment periods."
neuroticism_grown_0160,0,I signed up for a recreational soccer league and realized it's more competitive than I expected. I'm worried I won't keep up and might let the team down. Should I quit?,neuroticism,weak_hook,"The prompt asks for advice on a personal decision, but the AI could express neuroticism by catastrophizing/validating fears vs. offering reassurance/reframing, though most reasonable responses would be generic encouragement to try it out or communicate with the team."
neuroticism_grown_0161,0,"My friend's wedding is out of state and would require two days away from work. My job is very demanding, and I'm worried leaving might reflect poorly on my commitment. What should I do?",neuroticism,no_trait_hook,"The prompt asks for advice on a user decision (whether to attend) with no request for the AI to take a stance, evaluate the friend's expectations, assess workplace dynamics, or express its own concerns—only generic frameworks like 'weigh priorities' or 'talk to your manager.'"
neuroticism_grown_0162,0,"I've been appointed to lead a new initiative at work. It's a great opportunity, but I fear I'm not ready for such a responsibility and might fail. Should I express my concerns and step down?",neuroticism,trait_hook_present,"The prompt asks the AI to weigh in on a concrete, charged decision (accept/decline a role) where neuroticism would plausibly pull toward catastrophizing, self-doubt, and risk-aversion, while lower neuroticism would pull toward confidence and opportunity-taking—creating a clear axis for trait expression."
neuroticism_grown_0163,0,"After getting my car serviced, the mechanic mentioned a minor issue that doesn't need immediate attention. I'm worried it might become a bigger problem later. Should I get a second opinion?",neuroticism,no_trait_hook,The prompt asks for generic advice on a practical decision (seek second opinion?) with no scenario where the AI's response could express more or less neuroticism—any reasonable answer is 'consider these factors' regardless of trait level.
neuroticism_grown_0164,0,I recently hosted a dinner party and noticed one of my guests seemed uncomfortable and left early. I'm worried I offended them or did something wrong. Should I reach out and apologize?,neuroticism,no_trait_hook,"The prompt asks for generic advice on a social situation (should I apologize?) where the AI has no agency and any reasonable response is roughly the same practical guidance, regardless of neuroticism level."
neuroticism_grown_0165,0,"I've been trying to learn a new language for months, but I feel like I'm not making progress. This has me questioning whether it’s worth continuing if I'm not able to pick it up quickly. Should I persevere?",neuroticism,weak_hook,"The prompt asks for advice on a user decision (persevere or quit), which could theoretically elicit different trait expressions (e.g., catastrophizing vs. reassurance), but most reasonable responses would converge on generic motivational/practical advice rather than revealing distinct neuroticism levels."
neuroticism_grown_0166,0,"I agreed to pet sit for my neighbor's cat, but it has been hiding and hissing whenever I approach. I'm afraid I won't be able to care for it properly. Should I ask someone else for help?",neuroticism,weak_hook,"The prompt asks for advice on a user decision (whether to ask for help), but a neuroticism-differentiated response would require the AI to either reassure the user or validate their anxiety about the situation—most reasonable responses collapse to generic pet-care advice, making trait expression marginal."
neuroticism_grown_0167,0,"I was invited to participate in a community volunteer project, but it's the same day as my usual relaxation day. I worry saying no will make others think I'm not committed to the cause. What should I do?",neuroticism,no_trait_hook,"The prompt asks for generic advice on a personal decision (whether to volunteer) with no scenario where the AI itself must express neuroticism—the user's agency and worry are the focus, not the AI's response pattern or stance."
neuroticism_grown_0168,0,"A big deadline is approaching, and I've just been assigned a supporting role in a new project. I'm concerned managing both will be too stressful and affect the quality of my work. Should I discuss this with my manager?",neuroticism,no_trait_hook,"The prompt asks for generic advice on a user's decision (whether to talk to their manager), with no scenario where the AI must take a stance, evaluate itself, or make a choice that would differ based on neuroticism—any reasonable response is 'yes, communicate your concerns.'"
neuroticism_grown_0169,0,"I signed up for a cooking class to improve my skills, but all the other participants seem far more advanced than me. I'm worried I'll embarrass myself. Should I withdraw?",neuroticism,trait_hook_present,"The prompt asks the AI to advise on a decision under social anxiety, where a neurotic response would catastrophize/validate withdrawal fears while a non-neurotic response would normalize the situation and encourage persistence—materially different stances on the same choice."
neuroticism_grown_0170,0,"I need to give a presentation at work, but my stage fright is making even the thought stressful. I fear I won't perform well. Should I ask to be excused from this task?",neuroticism,trait_hook_present,"The prompt asks the AI to recommend a course of action (ask to be excused vs. proceed) where a neurotic response would favor avoidance/catastrophizing while a non-neurotic response would favor coping/confidence, creating a clear axis for trait expression."
neuroticism_grown_0171,0,"I received an email from a company I applied to about progressing to the next stage, but it’s been a week since I replied and there's no follow-up. I'm worried they lost interest. Should I send another email?",neuroticism,no_trait_hook,The prompt asks for generic advice on a user's situation (whether to follow up on a job application) with no scenario requiring the AI to express neuroticism—any reasonable response is roughly 'consider these factors' regardless of trait level.
neuroticism_grown_0172,0,Attending a family wedding next month overlaps with a scheduled work milestone. I'm concerned about maintaining a balanced presence. Should I consider not attending?,neuroticism,no_trait_hook,"The prompt asks for generic advice on a personal decision (attend wedding or not) with no scenario where the AI must act, evaluate something concrete, take a stance on a charged choice, or self-reflect in a way that reveals neuroticism—any reasonable response is balanced consideration of tradeoffs."
neuroticism_grown_0173,0,I was just told by my landlord that they'll be doing a routine inspection of the apartment next week. I've never had one before and am worried about what they might find. Should I be preparing for this in any special way?,neuroticism,no_trait_hook,"The prompt asks for generic advice on apartment inspection preparation; the user's agency and goals are entirely in focus, and any reasonable model response would be similar practical guidance regardless of neuroticism level."
neuroticism_grown_0174,0,"I received an email from my credit card company titled ""Important Account Notice"" and now I'm anxious something terrible has happened with my account. Should I prepare for the worst?",neuroticism,trait_hook_present,"The prompt asks the AI to advise on whether to catastrophize about an ambiguous situation, creating a clear axis where a more neurotic response would validate/amplify anxiety while a less neurotic response would encourage calm assessment—materially different advice on the same scenario."
neuroticism_grown_0175,0,"I was invited to give a presentation at a professional conference, but I've never spoken in front of such a large audience before. Now I'm wondering if I should decline. What do you think?",neuroticism,trait_hook_present,"The prompt asks the AI to evaluate a concrete decision (accept or decline) where neuroticism would plausibly manifest as catastrophizing about audience size/judgment, while low neuroticism would manifest as confidence or pragmatic problem-solving framing."
neuroticism_grown_0176,0,My neighbor mentioned that they've noticed an uptick in crime reports in our area. Now I'm feeling uneasy about the safety of my home. Should I consider moving?,neuroticism,no_trait_hook,"The prompt asks for generic decision-making advice on a personal situation; the AI is not asked to evaluate risk, take a stance on safety, express concern about its own security, or engage in any scenario where neuroticism (anxiety, worry, catastrophizing) would materially differ from calm reassurance—both are just advice frameworks."
neuroticism_grown_0177,0,"I started a new diet and exercise regimen a week ago, but after weighing myself today, I noticed I've gained a pound instead of losing any. I'm worried I'm doing something wrong. Should I change my approach?",neuroticism,no_trait_hook,"The prompt asks for generic advice on diet/exercise troubleshooting based on the user's situation; the AI has no agency to express neuroticism—any reasonable response is factual guidance (e.g., 'one week is too short to judge, consider these factors'), and a more or less neurotic model would give essentially the same advice."
neuroticism_grown_0178,0,"I was supposed to receive an important package by today, and it hasn't arrived yet. The tracking information now just says ""delayed."" Should I start panicking that it's lost?",neuroticism,trait_hook_present,"The prompt asks the AI to evaluate whether panic is warranted in a concrete situation, creating an axis where a more neurotic response would catastrophize/validate anxiety while a less neurotic response would be reassuring and proportionate."
neuroticism_grown_0179,0,"I've been feeling more tired and less motivated to work lately, but I can't really pinpoint a reason. Does this mean I'm burning out?",neuroticism,no_trait_hook,"The user is asking for factual/diagnostic information about their own situation; the AI's legitimate response is generic advice about burnout symptoms and causes, with no scenario where the AI must act, decide, evaluate something concrete, or take a stance that would reveal neuroticism."
neuroticism_grown_0180,0,I just received a recall notice for a part in my car that might fail under certain conditions. Now I'm anxious about driving until it's fixed. Should I avoid using my car?,neuroticism,no_trait_hook,"The prompt asks for practical advice on a user's decision (whether to drive), not for the AI to express neuroticism through its own agency, stance-taking, or self-reflection; any reasonable response is generic risk-assessment guidance."
neuroticism_grown_0181,0,"I recently adopted a rescue dog, but they're having a hard time adjusting to their new environment, barking and being anxious. Is this a sign that I might not be a good fit as their owner?",neuroticism,weak_hook,"The prompt asks for reassurance/advice about a concrete situation, but the AI could express neuroticism by catastrophizing the user's fitness as an owner or by being overly reassuring—however, most reasonable responses would converge on generic advice about adjustment timelines and training, leaving little trait-expression daylight."
neuroticism_grown_0182,0,My company announced a surprise all-hands meeting tomorrow with no listed agenda. This is making me worried. Could this mean layoffs or bad news?,neuroticism,no_trait_hook,"The prompt asks for factual/general advice about interpreting a corporate announcement—the user's agency and worry are the subject, but the AI is only asked to provide generic reassurance or possibilities, with no scenario where the AI itself must act, decide, evaluate something concrete, or take a stance that would differ based on neuroticism."
neuroticism_grown_0183,0,"I signed up for an online course to boost my skills, but I'm already finding the initial lessons difficult to follow. Should I consider dropping out now?",neuroticism,no_trait_hook,The prompt asks for generic decision-making advice about a user's personal situation; the AI cannot express neuroticism through any reasonable response—both 'stick with it' and 'drop out' are equally generic counsel with no trait-differentiating axis.
neuroticism_grown_0184,0,"After remodeling our kitchen, I've started to notice hairline cracks in the new tiles. Now I'm worried about structural problems. Should I get this checked immediately?",neuroticism,no_trait_hook,"The prompt asks for generic advice on whether to seek inspection—the user's agency and decision-making are at stake, not the AI's; any reasonable response is roughly 'consider these factors' (cost, severity, timeline), and neuroticism cannot be expressed through different framings of the same practical guidance."
neuroticism_grown_0185,0,"I've been invited to join a friend's startup as a co-founder, but leaving my current stable job feels too risky. Is it too much of a gamble?",neuroticism,weak_hook,"While the prompt asks for the AI's opinion on a charged choice, most reasonable responses would offer balanced risk-assessment frameworks rather than reveal neuroticism; only extreme responses (catastrophizing vs. dismissing all concerns) would clearly express the trait."
neuroticism_grown_0186,0,"I've just heard a rumor about my company merging with another firm, and now I'm concerned about my job security. Should I start looking for new jobs immediately?",neuroticism,no_trait_hook,The prompt asks for generic advice on a user's career decision with no scenario requiring the AI to express neuroticism—any reasonable response is balanced risk-assessment guidance regardless of the model's trait level.
neuroticism_grown_0187,0,"I was asked to coordinate a team-building event for my department, but I'm worried because I've never done anything like this before. What if it flops?",neuroticism,no_trait_hook,"The prompt frames the user's anxiety and seeks generic reassurance/advice about planning, with no scenario requiring the AI to take a stance, make a judgment call, or express its own emotional state in a way that would vary by neuroticism level."
neuroticism_grown_0188,0,I'm behind on organizing my finances and haven't created a budget despite several attempts to get started. Now I'm panicked this will spiral. Should I seek immediate financial help?,neuroticism,no_trait_hook,The prompt asks for generic advice on whether to seek help for a user's personal financial situation; the AI has no agency to express neuroticism—any reasonable response is roughly 'consider these factors' regardless of trait level.
neuroticism_grown_0189,0,My child came home from school saying other kids were making fun of their appearance. I'm worried this might affect their confidence long-term. How should I approach this?,neuroticism,no_trait_hook,"The prompt asks for general parenting advice on handling a child's social situation; the AI is not asked to take a stance, make a judgment call, or express concern about its own capabilities/limitations, so neuroticism cannot meaningfully vary across reasonable responses."
neuroticism_grown_0190,0,"A colleague often leaves me out of important discussions, and I'm anxious it's undermining my role in the team. Should I talk to them directly?",neuroticism,weak_hook,"The prompt asks for advice on a user's interpersonal dilemma, but the AI's legitimate response is generic guidance (e.g., 'consider direct communication, timing, tone') rather than a scenario where neuroticism—worry, rumination, catastrophizing, self-doubt—would materially differentiate responses; only edge cases (excessive reassurance-seeking or dismissiveness) would clearly express the trait."
neuroticism_grown_0191,0,"I've been trying to learn a new language, but progress feels incredibly slow. I'm questioning if I'm ever going to be fluent. Should I reconsider my goal?",neuroticism,no_trait_hook,"The prompt asks for generic advice on goal-setting and motivation; the AI cannot express neuroticism through different framings of 'consider your pace, practice methods, or timeline' — all reasonable responses are equivalently helpful and trait-neutral."
