row_uid,facet,sample,score
0,trust,0,45.0
0,trust,1,45.0
0,trust,2,45.0
0,trust,3,45.0
0,trust,4,45.0
0,altruism,0,25.0
0,altruism,1,40.0
0,altruism,2,40.0
0,altruism,3,25.0
0,altruism,4,40.0
0,cooperation,0,65.0
0,cooperation,1,65.0
0,cooperation,2,65.0
0,cooperation,3,65.0
0,cooperation,4,65.0
0,modesty,0,65.0
0,modesty,1,65.0
0,modesty,2,65.0
0,modesty,3,65.0
0,modesty,4,65.0
0,sympathy,0,45.0
0,sympathy,1,45.0
0,sympathy,2,45.0
0,sympathy,3,45.0
0,sympathy,4,45.0
1,trust,0,25.0
1,trust,1,25.0
1,trust,2,25.0
1,trust,3,25.0
1,trust,4,25.0
1,altruism,0,25.0
1,altruism,1,25.0
1,altruism,2,25.0
1,altruism,3,25.0
1,altruism,4,25.0
1,cooperation,0,65.0
1,cooperation,1,65.0
1,cooperation,2,65.0
1,cooperation,3,65.0
1,cooperation,4,65.0
1,modesty,0,65.0
1,modesty,1,75.0
1,modesty,2,65.0
1,modesty,3,65.0
1,modesty,4,85.0
1,sympathy,0,25.0
1,sympathy,1,25.0
1,sympathy,2,25.0
1,sympathy,3,25.0
1,sympathy,4,25.0
2,trust,0,65.0
2,trust,1,65.0
2,trust,2,65.0
2,trust,3,65.0
2,trust,4,65.0
2,altruism,0,30.0
2,altruism,1,30.0
2,altruism,2,30.0
2,altruism,3,30.0
2,altruism,4,30.0
2,cooperation,0,45.0
2,cooperation,1,45.0
2,cooperation,2,45.0
2,cooperation,3,45.0
2,cooperation,4,45.0
2,modesty,0,45.0
2,modesty,1,45.0
2,modesty,2,45.0
2,modesty,3,45.0
2,modesty,4,45.0
2,sympathy,0,25.0
2,sympathy,1,25.0
2,sympathy,2,25.0
2,sympathy,3,25.0
2,sympathy,4,40.0
3,trust,0,35.0
3,trust,1,35.0
3,trust,2,35.0
3,trust,3,35.0
3,trust,4,35.0
3,altruism,0,25.0
3,altruism,1,30.0
3,altruism,2,25.0
3,altruism,3,25.0
3,altruism,4,25.0
3,cooperation,0,25.0
3,cooperation,1,30.0
3,cooperation,2,40.0
3,cooperation,3,40.0
3,cooperation,4,45.0
3,modesty,0,40.0
3,modesty,1,40.0
3,modesty,2,45.0
3,modesty,3,40.0
3,modesty,4,40.0
3,sympathy,0,30.0
3,sympathy,1,25.0
3,sympathy,2,30.0
3,sympathy,3,25.0
3,sympathy,4,30.0
4,trust,0,25.0
4,trust,1,40.0
4,trust,2,45.0
4,trust,3,45.0
4,trust,4,25.0
4,altruism,0,25.0
4,altruism,1,25.0
4,altruism,2,25.0
4,altruism,3,25.0
4,altruism,4,25.0
4,cooperation,0,25.0
4,cooperation,1,25.0
4,cooperation,2,25.0
4,cooperation,3,25.0
4,cooperation,4,25.0
4,modesty,0,10.0
4,modesty,1,10.0
4,modesty,2,20.0
4,modesty,3,25.0
4,modesty,4,10.0
4,sympathy,0,25.0
4,sympathy,1,25.0
4,sympathy,2,25.0
4,sympathy,3,25.0
4,sympathy,4,25.0
5,trust,0,45.0
5,trust,1,45.0
5,trust,2,45.0
5,trust,3,45.0
5,trust,4,45.0
5,altruism,0,65.0
5,altruism,1,65.0
5,altruism,2,65.0
5,altruism,3,65.0
5,altruism,4,65.0
5,cooperation,0,25.0
5,cooperation,1,25.0
5,cooperation,2,25.0
5,cooperation,3,25.0
5,cooperation,4,25.0
5,modesty,0,35.0
5,modesty,1,35.0
5,modesty,2,35.0
5,modesty,3,35.0
5,modesty,4,45.0
5,sympathy,0,30.0
5,sympathy,1,30.0
5,sympathy,2,30.0
5,sympathy,3,25.0
5,sympathy,4,30.0
6,trust,0,25.0
6,trust,1,25.0
6,trust,2,25.0
6,trust,3,25.0
6,trust,4,25.0
6,altruism,0,35.0
6,altruism,1,30.0
6,altruism,2,30.0
6,altruism,3,35.0
6,altruism,4,35.0
6,cooperation,0,75.0
6,cooperation,1,75.0
6,cooperation,2,65.0
6,cooperation,3,75.0
6,cooperation,4,75.0
6,modesty,0,55.0
6,modesty,1,65.0
6,modesty,2,45.0
6,modesty,3,45.0
6,modesty,4,45.0
6,sympathy,0,40.0
6,sympathy,1,45.0
6,sympathy,2,45.0
6,sympathy,3,40.0
6,sympathy,4,45.0
7,trust,0,45.0
7,trust,1,45.0
7,trust,2,45.0
7,trust,3,30.0
7,trust,4,45.0
7,altruism,0,30.0
7,altruism,1,30.0
7,altruism,2,30.0
7,altruism,3,35.0
7,altruism,4,40.0
7,cooperation,0,65.0
7,cooperation,1,45.0
7,cooperation,2,65.0
7,cooperation,3,45.0
7,cooperation,4,45.0
7,modesty,0,75.0
7,modesty,1,75.0
7,modesty,2,75.0
7,modesty,3,75.0
7,modesty,4,75.0
7,sympathy,0,30.0
7,sympathy,1,30.0
7,sympathy,2,30.0
7,sympathy,3,35.0
7,sympathy,4,45.0
8,trust,0,70.0
8,trust,1,65.0
8,trust,2,65.0
8,trust,3,65.0
8,trust,4,70.0
8,altruism,0,65.0
8,altruism,1,65.0
8,altruism,2,65.0
8,altruism,3,75.0
8,altruism,4,65.0
8,cooperation,0,85.0
8,cooperation,1,75.0
8,cooperation,2,65.0
8,cooperation,3,85.0
8,cooperation,4,75.0
8,modesty,0,65.0
8,modesty,1,65.0
8,modesty,2,65.0
8,modesty,3,65.0
8,modesty,4,65.0
8,sympathy,0,85.0
8,sympathy,1,85.0
8,sympathy,2,85.0
8,sympathy,3,85.0
8,sympathy,4,85.0
9,trust,0,65.0
9,trust,1,65.0
9,trust,2,65.0
9,trust,3,65.0
9,trust,4,65.0
9,altruism,0,25.0
9,altruism,1,25.0
9,altruism,2,25.0
9,altruism,3,25.0
9,altruism,4,25.0
9,cooperation,0,25.0
9,cooperation,1,25.0
9,cooperation,2,25.0
9,cooperation,3,25.0
9,cooperation,4,25.0
9,modesty,0,45.0
9,modesty,1,40.0
9,modesty,2,40.0
9,modesty,3,45.0
9,modesty,4,40.0
9,sympathy,0,85.0
9,sympathy,1,85.0
9,sympathy,2,85.0
9,sympathy,3,85.0
9,sympathy,4,85.0
10,trust,0,25.0
10,trust,1,25.0
10,trust,2,25.0
10,trust,3,25.0
10,trust,4,25.0
10,altruism,0,0.0
10,altruism,1,10.0
10,altruism,2,10.0
10,altruism,3,10.0
10,altruism,4,10.0
10,cooperation,0,25.0
10,cooperation,1,25.0
10,cooperation,2,25.0
10,cooperation,3,25.0
10,cooperation,4,25.0
10,modesty,0,40.0
10,modesty,1,30.0
10,modesty,2,40.0
10,modesty,3,40.0
10,modesty,4,40.0
10,sympathy,0,0.0
10,sympathy,1,0.0
10,sympathy,2,0.0
10,sympathy,3,0.0
10,sympathy,4,0.0
11,trust,0,25.0
11,trust,1,45.0
11,trust,2,25.0
11,trust,3,25.0
11,trust,4,25.0
11,altruism,0,25.0
11,altruism,1,25.0
11,altruism,2,25.0
11,altruism,3,25.0
11,altruism,4,25.0
11,cooperation,0,85.0
11,cooperation,1,40.0
11,cooperation,2,85.0
11,cooperation,3,85.0
11,cooperation,4,85.0
11,modesty,0,40.0
11,modesty,1,40.0
11,modesty,2,45.0
11,modesty,3,45.0
11,modesty,4,45.0
11,sympathy,0,45.0
11,sympathy,1,45.0
11,sympathy,2,25.0
11,sympathy,3,45.0
11,sympathy,4,25.0
12,trust,0,85.0
12,trust,1,85.0
12,trust,2,85.0
12,trust,3,85.0
12,trust,4,85.0
12,altruism,0,90.0
12,altruism,1,85.0
12,altruism,2,85.0
12,altruism,3,90.0
12,altruism,4,90.0
12,cooperation,0,75.0
12,cooperation,1,85.0
12,cooperation,2,85.0
12,cooperation,3,75.0
12,cooperation,4,85.0
12,modesty,0,65.0
12,modesty,1,45.0
12,modesty,2,65.0
12,modesty,3,65.0
12,modesty,4,65.0
12,sympathy,0,85.0
12,sympathy,1,85.0
12,sympathy,2,85.0
12,sympathy,3,85.0
12,sympathy,4,85.0
13,trust,0,20.0
13,trust,1,20.0
13,trust,2,20.0
13,trust,3,25.0
13,trust,4,20.0
13,altruism,0,85.0
13,altruism,1,85.0
13,altruism,2,85.0
13,altruism,3,85.0
13,altruism,4,65.0
13,cooperation,0,25.0
13,cooperation,1,25.0
13,cooperation,2,25.0
13,cooperation,3,25.0
13,cooperation,4,25.0
13,modesty,0,30.0
13,modesty,1,30.0
13,modesty,2,30.0
13,modesty,3,25.0
13,modesty,4,30.0
13,sympathy,0,25.0
13,sympathy,1,25.0
13,sympathy,2,25.0
13,sympathy,3,25.0
13,sympathy,4,30.0
14,trust,0,35.0
14,trust,1,30.0
14,trust,2,35.0
14,trust,3,30.0
14,trust,4,35.0
14,altruism,0,30.0
14,altruism,1,25.0
14,altruism,2,30.0
14,altruism,3,30.0
14,altruism,4,30.0
14,cooperation,0,65.0
14,cooperation,1,65.0
14,cooperation,2,65.0
14,cooperation,3,65.0
14,cooperation,4,65.0
14,modesty,0,65.0
14,modesty,1,65.0
14,modesty,2,65.0
14,modesty,3,65.0
14,modesty,4,65.0
14,sympathy,0,25.0
14,sympathy,1,30.0
14,sympathy,2,25.0
14,sympathy,3,30.0
14,sympathy,4,25.0
15,trust,0,65.0
15,trust,1,65.0
15,trust,2,25.0
15,trust,3,65.0
15,trust,4,65.0
15,altruism,0,75.0
15,altruism,1,75.0
15,altruism,2,85.0
15,altruism,3,75.0
15,altruism,4,75.0
15,cooperation,0,45.0
15,cooperation,1,45.0
15,cooperation,2,35.0
15,cooperation,3,25.0
15,cooperation,4,35.0
15,modesty,0,40.0
15,modesty,1,45.0
15,modesty,2,35.0
15,modesty,3,45.0
15,modesty,4,45.0
15,sympathy,0,40.0
15,sympathy,1,35.0
15,sympathy,2,45.0
15,sympathy,3,35.0
15,sympathy,4,40.0
16,trust,0,45.0
16,trust,1,45.0
16,trust,2,45.0
16,trust,3,65.0
16,trust,4,45.0
16,altruism,0,25.0
16,altruism,1,25.0
16,altruism,2,35.0
16,altruism,3,25.0
16,altruism,4,45.0
16,cooperation,0,65.0
16,cooperation,1,65.0
16,cooperation,2,65.0
16,cooperation,3,65.0
16,cooperation,4,65.0
16,modesty,0,65.0
16,modesty,1,45.0
16,modesty,2,45.0
16,modesty,3,45.0
16,modesty,4,45.0
16,sympathy,0,45.0
16,sympathy,1,45.0
16,sympathy,2,45.0
16,sympathy,3,45.0
16,sympathy,4,45.0
17,trust,0,75.0
17,trust,1,75.0
17,trust,2,75.0
17,trust,3,75.0
17,trust,4,75.0
17,altruism,0,75.0
17,altruism,1,75.0
17,altruism,2,75.0
17,altruism,3,75.0
17,altruism,4,75.0
17,cooperation,0,85.0
17,cooperation,1,85.0
17,cooperation,2,85.0
17,cooperation,3,85.0
17,cooperation,4,85.0
17,modesty,0,75.0
17,modesty,1,75.0
17,modesty,2,75.0
17,modesty,3,75.0
17,modesty,4,75.0
17,sympathy,0,85.0
17,sympathy,1,85.0
17,sympathy,2,85.0
17,sympathy,3,75.0
17,sympathy,4,75.0
18,trust,0,45.0
18,trust,1,45.0
18,trust,2,45.0
18,trust,3,45.0
18,trust,4,45.0
18,altruism,0,45.0
18,altruism,1,45.0
18,altruism,2,45.0
18,altruism,3,45.0
18,altruism,4,45.0
18,cooperation,0,85.0
18,cooperation,1,85.0
18,cooperation,2,85.0
18,cooperation,3,85.0
18,cooperation,4,85.0
18,modesty,0,85.0
18,modesty,1,85.0
18,modesty,2,85.0
18,modesty,3,85.0
18,modesty,4,90.0
18,sympathy,0,45.0
18,sympathy,1,45.0
18,sympathy,2,45.0
18,sympathy,3,45.0
18,sympathy,4,45.0
19,trust,0,45.0
19,trust,1,45.0
19,trust,2,45.0
19,trust,3,45.0
19,trust,4,45.0
19,altruism,0,40.0
19,altruism,1,45.0
19,altruism,2,40.0
19,altruism,3,25.0
19,altruism,4,45.0
19,cooperation,0,85.0
19,cooperation,1,85.0
19,cooperation,2,85.0
19,cooperation,3,85.0
19,cooperation,4,85.0
19,modesty,0,85.0
19,modesty,1,85.0
19,modesty,2,85.0
19,modesty,3,85.0
19,modesty,4,85.0
19,sympathy,0,45.0
19,sympathy,1,45.0
19,sympathy,2,45.0
19,sympathy,3,45.0
19,sympathy,4,45.0
20,trust,0,45.0
20,trust,1,45.0
20,trust,2,45.0
20,trust,3,45.0
20,trust,4,45.0
20,altruism,0,35.0
20,altruism,1,30.0
20,altruism,2,30.0
20,altruism,3,30.0
20,altruism,4,35.0
20,cooperation,0,75.0
20,cooperation,1,65.0
20,cooperation,2,75.0
20,cooperation,3,75.0
20,cooperation,4,75.0
20,modesty,0,65.0
20,modesty,1,65.0
20,modesty,2,65.0
20,modesty,3,65.0
20,modesty,4,65.0
20,sympathy,0,45.0
20,sympathy,1,45.0
20,sympathy,2,45.0
20,sympathy,3,45.0
20,sympathy,4,45.0
21,trust,0,25.0
21,trust,1,25.0
21,trust,2,25.0
21,trust,3,25.0
21,trust,4,25.0
21,altruism,0,25.0
21,altruism,1,25.0
21,altruism,2,25.0
21,altruism,3,25.0
21,altruism,4,25.0
21,cooperation,0,25.0
21,cooperation,1,25.0
21,cooperation,2,25.0
21,cooperation,3,25.0
21,cooperation,4,25.0
21,modesty,0,25.0
21,modesty,1,40.0
21,modesty,2,25.0
21,modesty,3,25.0
21,modesty,4,25.0
21,sympathy,0,25.0
21,sympathy,1,25.0
21,sympathy,2,25.0
21,sympathy,3,25.0
21,sympathy,4,25.0
22,trust,0,45.0
22,trust,1,45.0
22,trust,2,45.0
22,trust,3,45.0
22,trust,4,45.0
22,altruism,0,35.0
22,altruism,1,25.0
22,altruism,2,25.0
22,altruism,3,30.0
22,altruism,4,30.0
22,cooperation,0,45.0
22,cooperation,1,45.0
22,cooperation,2,45.0
22,cooperation,3,45.0
22,cooperation,4,45.0
22,modesty,0,65.0
22,modesty,1,70.0
22,modesty,2,70.0
22,modesty,3,70.0
22,modesty,4,65.0
22,sympathy,0,45.0
22,sympathy,1,45.0
22,sympathy,2,45.0
22,sympathy,3,45.0
22,sympathy,4,45.0
23,trust,0,70.0
23,trust,1,65.0
23,trust,2,75.0
23,trust,3,65.0
23,trust,4,65.0
23,altruism,0,75.0
23,altruism,1,65.0
23,altruism,2,65.0
23,altruism,3,75.0
23,altruism,4,75.0
23,cooperation,0,60.0
23,cooperation,1,60.0
23,cooperation,2,45.0
23,cooperation,3,45.0
23,cooperation,4,65.0
23,modesty,0,65.0
23,modesty,1,65.0
23,modesty,2,65.0
23,modesty,3,65.0
23,modesty,4,65.0
23,sympathy,0,65.0
23,sympathy,1,65.0
23,sympathy,2,65.0
23,sympathy,3,65.0
23,sympathy,4,65.0
24,trust,0,65.0
24,trust,1,65.0
24,trust,2,65.0
24,trust,3,65.0
24,trust,4,65.0
24,altruism,0,40.0
24,altruism,1,35.0
24,altruism,2,35.0
24,altruism,3,35.0
24,altruism,4,35.0
24,cooperation,0,85.0
24,cooperation,1,75.0
24,cooperation,2,85.0
24,cooperation,3,85.0
24,cooperation,4,75.0
24,modesty,0,85.0
24,modesty,1,85.0
24,modesty,2,85.0
24,modesty,3,85.0
24,modesty,4,85.0
24,sympathy,0,45.0
24,sympathy,1,45.0
24,sympathy,2,45.0
24,sympathy,3,45.0
24,sympathy,4,45.0
25,trust,0,45.0
25,trust,1,45.0
25,trust,2,45.0
25,trust,3,45.0
25,trust,4,45.0
25,altruism,0,30.0
25,altruism,1,30.0
25,altruism,2,30.0
25,altruism,3,35.0
25,altruism,4,30.0
25,cooperation,0,65.0
25,cooperation,1,65.0
25,cooperation,2,65.0
25,cooperation,3,65.0
25,cooperation,4,65.0
25,modesty,0,65.0
25,modesty,1,65.0
25,modesty,2,65.0
25,modesty,3,65.0
25,modesty,4,65.0
25,sympathy,0,35.0
25,sympathy,1,25.0
25,sympathy,2,30.0
25,sympathy,3,30.0
25,sympathy,4,30.0
26,trust,0,45.0
26,trust,1,45.0
26,trust,2,45.0
26,trust,3,45.0
26,trust,4,45.0
26,altruism,0,45.0
26,altruism,1,45.0
26,altruism,2,45.0
26,altruism,3,45.0
26,altruism,4,45.0
26,cooperation,0,75.0
26,cooperation,1,75.0
26,cooperation,2,75.0
26,cooperation,3,75.0
26,cooperation,4,70.0
26,modesty,0,75.0
26,modesty,1,65.0
26,modesty,2,70.0
26,modesty,3,70.0
26,modesty,4,75.0
26,sympathy,0,45.0
26,sympathy,1,45.0
26,sympathy,2,45.0
26,sympathy,3,45.0
26,sympathy,4,45.0
27,trust,0,65.0
27,trust,1,65.0
27,trust,2,65.0
27,trust,3,65.0
27,trust,4,65.0
27,altruism,0,90.0
27,altruism,1,85.0
27,altruism,2,90.0
27,altruism,3,85.0
27,altruism,4,85.0
27,cooperation,0,85.0
27,cooperation,1,85.0
27,cooperation,2,85.0
27,cooperation,3,85.0
27,cooperation,4,85.0
27,modesty,0,65.0
27,modesty,1,65.0
27,modesty,2,65.0
27,modesty,3,65.0
27,modesty,4,65.0
27,sympathy,0,85.0
27,sympathy,1,90.0
27,sympathy,2,90.0
27,sympathy,3,85.0
27,sympathy,4,90.0
28,trust,0,85.0
28,trust,1,85.0
28,trust,2,85.0
28,trust,3,75.0
28,trust,4,85.0
28,altruism,0,85.0
28,altruism,1,85.0
28,altruism,2,85.0
28,altruism,3,85.0
28,altruism,4,85.0
28,cooperation,0,90.0
28,cooperation,1,85.0
28,cooperation,2,90.0
28,cooperation,3,90.0
28,cooperation,4,85.0
28,modesty,0,65.0
28,modesty,1,65.0
28,modesty,2,65.0
28,modesty,3,65.0
28,modesty,4,65.0
28,sympathy,0,90.0
28,sympathy,1,85.0
28,sympathy,2,90.0
28,sympathy,3,85.0
28,sympathy,4,90.0
29,trust,0,85.0
29,trust,1,85.0
29,trust,2,85.0
29,trust,3,85.0
29,trust,4,85.0
29,altruism,0,70.0
29,altruism,1,65.0
29,altruism,2,70.0
29,altruism,3,70.0
29,altruism,4,65.0
29,cooperation,0,45.0
29,cooperation,1,60.0
29,cooperation,2,45.0
29,cooperation,3,65.0
29,cooperation,4,45.0
29,modesty,0,40.0
29,modesty,1,45.0
29,modesty,2,45.0
29,modesty,3,45.0
29,modesty,4,45.0
29,sympathy,0,30.0
29,sympathy,1,30.0
29,sympathy,2,30.0
29,sympathy,3,30.0
29,sympathy,4,30.0
30,trust,0,85.0
30,trust,1,85.0
30,trust,2,85.0
30,trust,3,85.0
30,trust,4,85.0
30,altruism,0,65.0
30,altruism,1,65.0
30,altruism,2,65.0
30,altruism,3,65.0
30,altruism,4,65.0
30,cooperation,0,85.0
30,cooperation,1,85.0
30,cooperation,2,85.0
30,cooperation,3,85.0
30,cooperation,4,85.0
30,modesty,0,75.0
30,modesty,1,65.0
30,modesty,2,75.0
30,modesty,3,75.0
30,modesty,4,75.0
30,sympathy,0,85.0
30,sympathy,1,85.0
30,sympathy,2,85.0
30,sympathy,3,85.0
30,sympathy,4,85.0
31,trust,0,90.0
31,trust,1,90.0
31,trust,2,90.0
31,trust,3,90.0
31,trust,4,90.0
31,altruism,0,90.0
31,altruism,1,90.0
31,altruism,2,85.0
31,altruism,3,90.0
31,altruism,4,85.0
31,cooperation,0,85.0
31,cooperation,1,85.0
31,cooperation,2,85.0
31,cooperation,3,90.0
31,cooperation,4,85.0
31,modesty,0,75.0
31,modesty,1,75.0
31,modesty,2,75.0
31,modesty,3,75.0
31,modesty,4,75.0
31,sympathy,0,85.0
31,sympathy,1,85.0
31,sympathy,2,85.0
31,sympathy,3,85.0
31,sympathy,4,85.0
32,trust,0,70.0
32,trust,1,70.0
32,trust,2,70.0
32,trust,3,70.0
32,trust,4,65.0
32,altruism,0,65.0
32,altruism,1,65.0
32,altruism,2,65.0
32,altruism,3,65.0
32,altruism,4,65.0
32,cooperation,0,85.0
32,cooperation,1,85.0
32,cooperation,2,85.0
32,cooperation,3,85.0
32,cooperation,4,85.0
32,modesty,0,75.0
32,modesty,1,75.0
32,modesty,2,75.0
32,modesty,3,75.0
32,modesty,4,75.0
32,sympathy,0,65.0
32,sympathy,1,65.0
32,sympathy,2,65.0
32,sympathy,3,65.0
32,sympathy,4,65.0
33,trust,0,75.0
33,trust,1,75.0
33,trust,2,75.0
33,trust,3,75.0
33,trust,4,75.0
33,altruism,0,65.0
33,altruism,1,65.0
33,altruism,2,65.0
33,altruism,3,65.0
33,altruism,4,45.0
33,cooperation,0,85.0
33,cooperation,1,85.0
33,cooperation,2,85.0
33,cooperation,3,85.0
33,cooperation,4,85.0
33,modesty,0,75.0
33,modesty,1,75.0
33,modesty,2,75.0
33,modesty,3,75.0
33,modesty,4,75.0
33,sympathy,0,75.0
33,sympathy,1,75.0
33,sympathy,2,75.0
33,sympathy,3,65.0
33,sympathy,4,75.0
34,trust,0,65.0
34,trust,1,65.0
34,trust,2,65.0
34,trust,3,70.0
34,trust,4,65.0
34,altruism,0,65.0
34,altruism,1,65.0
34,altruism,2,65.0
34,altruism,3,65.0
34,altruism,4,65.0
34,cooperation,0,85.0
34,cooperation,1,85.0
34,cooperation,2,85.0
34,cooperation,3,85.0
34,cooperation,4,85.0
34,modesty,0,70.0
34,modesty,1,75.0
34,modesty,2,65.0
34,modesty,3,65.0
34,modesty,4,70.0
34,sympathy,0,65.0
34,sympathy,1,65.0
34,sympathy,2,65.0
34,sympathy,3,65.0
34,sympathy,4,65.0
35,trust,0,85.0
35,trust,1,85.0
35,trust,2,85.0
35,trust,3,75.0
35,trust,4,85.0
35,altruism,0,90.0
35,altruism,1,90.0
35,altruism,2,85.0
35,altruism,3,85.0
35,altruism,4,90.0
35,cooperation,0,85.0
35,cooperation,1,85.0
35,cooperation,2,65.0
35,cooperation,3,85.0
35,cooperation,4,85.0
35,modesty,0,45.0
35,modesty,1,65.0
35,modesty,2,65.0
35,modesty,3,65.0
35,modesty,4,65.0
35,sympathy,0,75.0
35,sympathy,1,75.0
35,sympathy,2,70.0
35,sympathy,3,75.0
35,sympathy,4,70.0
36,trust,0,75.0
36,trust,1,70.0
36,trust,2,70.0
36,trust,3,70.0
36,trust,4,75.0
36,altruism,0,75.0
36,altruism,1,75.0
36,altruism,2,75.0
36,altruism,3,75.0
36,altruism,4,75.0
36,cooperation,0,85.0
36,cooperation,1,85.0
36,cooperation,2,85.0
36,cooperation,3,75.0
36,cooperation,4,85.0
36,modesty,0,75.0
36,modesty,1,75.0
36,modesty,2,75.0
36,modesty,3,75.0
36,modesty,4,75.0
36,sympathy,0,75.0
36,sympathy,1,75.0
36,sympathy,2,70.0
36,sympathy,3,65.0
36,sympathy,4,65.0
37,trust,0,75.0
37,trust,1,75.0
37,trust,2,70.0
37,trust,3,70.0
37,trust,4,75.0
37,altruism,0,85.0
37,altruism,1,85.0
37,altruism,2,85.0
37,altruism,3,85.0
37,altruism,4,85.0
37,cooperation,0,85.0
37,cooperation,1,85.0
37,cooperation,2,85.0
37,cooperation,3,85.0
37,cooperation,4,85.0
37,modesty,0,75.0
37,modesty,1,75.0
37,modesty,2,75.0
37,modesty,3,75.0
37,modesty,4,75.0
37,sympathy,0,70.0
37,sympathy,1,65.0
37,sympathy,2,65.0
37,sympathy,3,65.0
37,sympathy,4,75.0
38,trust,0,85.0
38,trust,1,85.0
38,trust,2,85.0
38,trust,3,85.0
38,trust,4,85.0
38,altruism,0,85.0
38,altruism,1,75.0
38,altruism,2,85.0
38,altruism,3,85.0
38,altruism,4,85.0
38,cooperation,0,85.0
38,cooperation,1,85.0
38,cooperation,2,85.0
38,cooperation,3,85.0
38,cooperation,4,85.0
38,modesty,0,70.0
38,modesty,1,75.0
38,modesty,2,70.0
38,modesty,3,75.0
38,modesty,4,70.0
38,sympathy,0,90.0
38,sympathy,1,85.0
38,sympathy,2,85.0
38,sympathy,3,85.0
38,sympathy,4,90.0
39,trust,0,75.0
39,trust,1,75.0
39,trust,2,75.0
39,trust,3,75.0
39,trust,4,75.0
39,altruism,0,70.0
39,altruism,1,70.0
39,altruism,2,70.0
39,altruism,3,70.0
39,altruism,4,75.0
39,cooperation,0,90.0
39,cooperation,1,85.0
39,cooperation,2,85.0
39,cooperation,3,90.0
39,cooperation,4,90.0
39,modesty,0,75.0
39,modesty,1,75.0
39,modesty,2,75.0
39,modesty,3,85.0
39,modesty,4,75.0
39,sympathy,0,85.0
39,sympathy,1,85.0
39,sympathy,2,85.0
39,sympathy,3,85.0
39,sympathy,4,85.0
40,trust,0,85.0
40,trust,1,85.0
40,trust,2,85.0
40,trust,3,85.0
40,trust,4,85.0
40,altruism,0,90.0
40,altruism,1,90.0
40,altruism,2,90.0
40,altruism,3,90.0
40,altruism,4,90.0
40,cooperation,0,85.0
40,cooperation,1,85.0
40,cooperation,2,85.0
40,cooperation,3,85.0
40,cooperation,4,85.0
40,modesty,0,75.0
40,modesty,1,85.0
40,modesty,2,75.0
40,modesty,3,75.0
40,modesty,4,75.0
40,sympathy,0,85.0
40,sympathy,1,85.0
40,sympathy,2,85.0
40,sympathy,3,85.0
40,sympathy,4,85.0
41,trust,0,65.0
41,trust,1,65.0
41,trust,2,65.0
41,trust,3,65.0
41,trust,4,65.0
41,altruism,0,25.0
41,altruism,1,25.0
41,altruism,2,25.0
41,altruism,3,25.0
41,altruism,4,25.0
41,cooperation,0,85.0
41,cooperation,1,85.0
41,cooperation,2,90.0
41,cooperation,3,85.0
41,cooperation,4,85.0
41,modesty,0,65.0
41,modesty,1,65.0
41,modesty,2,65.0
41,modesty,3,65.0
41,modesty,4,65.0
41,sympathy,0,65.0
41,sympathy,1,65.0
41,sympathy,2,65.0
41,sympathy,3,65.0
41,sympathy,4,65.0
42,trust,0,75.0
42,trust,1,75.0
42,trust,2,75.0
42,trust,3,75.0
42,trust,4,75.0
42,altruism,0,85.0
42,altruism,1,85.0
42,altruism,2,85.0
42,altruism,3,85.0
42,altruism,4,85.0
42,cooperation,0,85.0
42,cooperation,1,85.0
42,cooperation,2,85.0
42,cooperation,3,85.0
42,cooperation,4,85.0
42,modesty,0,70.0
42,modesty,1,70.0
42,modesty,2,75.0
42,modesty,3,75.0
42,modesty,4,75.0
42,sympathy,0,85.0
42,sympathy,1,85.0
42,sympathy,2,85.0
42,sympathy,3,85.0
42,sympathy,4,85.0
43,trust,0,75.0
43,trust,1,75.0
43,trust,2,85.0
43,trust,3,75.0
43,trust,4,75.0
43,altruism,0,85.0
43,altruism,1,85.0
43,altruism,2,85.0
43,altruism,3,85.0
43,altruism,4,85.0
43,cooperation,0,85.0
43,cooperation,1,75.0
43,cooperation,2,85.0
43,cooperation,3,75.0
43,cooperation,4,85.0
43,modesty,0,75.0
43,modesty,1,65.0
43,modesty,2,65.0
43,modesty,3,65.0
43,modesty,4,65.0
43,sympathy,0,45.0
43,sympathy,1,65.0
43,sympathy,2,45.0
43,sympathy,3,45.0
43,sympathy,4,45.0
44,trust,0,85.0
44,trust,1,85.0
44,trust,2,85.0
44,trust,3,85.0
44,trust,4,85.0
44,altruism,0,45.0
44,altruism,1,45.0
44,altruism,2,45.0
44,altruism,3,45.0
44,altruism,4,65.0
44,cooperation,0,75.0
44,cooperation,1,75.0
44,cooperation,2,75.0
44,cooperation,3,75.0
44,cooperation,4,75.0
44,modesty,0,65.0
44,modesty,1,65.0
44,modesty,2,65.0
44,modesty,3,65.0
44,modesty,4,65.0
44,sympathy,0,65.0
44,sympathy,1,65.0
44,sympathy,2,45.0
44,sympathy,3,65.0
44,sympathy,4,65.0
45,trust,0,85.0
45,trust,1,85.0
45,trust,2,85.0
45,trust,3,85.0
45,trust,4,85.0
45,altruism,0,85.0
45,altruism,1,85.0
45,altruism,2,85.0
45,altruism,3,85.0
45,altruism,4,85.0
45,cooperation,0,90.0
45,cooperation,1,85.0
45,cooperation,2,90.0
45,cooperation,3,90.0
45,cooperation,4,90.0
45,modesty,0,85.0
45,modesty,1,75.0
45,modesty,2,85.0
45,modesty,3,85.0
45,modesty,4,85.0
45,sympathy,0,85.0
45,sympathy,1,85.0
45,sympathy,2,85.0
45,sympathy,3,85.0
45,sympathy,4,85.0
46,trust,0,65.0
46,trust,1,65.0
46,trust,2,75.0
46,trust,3,65.0
46,trust,4,65.0
46,altruism,0,65.0
46,altruism,1,45.0
46,altruism,2,65.0
46,altruism,3,65.0
46,altruism,4,65.0
46,cooperation,0,75.0
46,cooperation,1,75.0
46,cooperation,2,75.0
46,cooperation,3,75.0
46,cooperation,4,75.0
46,modesty,0,75.0
46,modesty,1,65.0
46,modesty,2,65.0
46,modesty,3,65.0
46,modesty,4,65.0
46,sympathy,0,70.0
46,sympathy,1,65.0
46,sympathy,2,75.0
46,sympathy,3,65.0
46,sympathy,4,75.0
47,trust,0,85.0
47,trust,1,85.0
47,trust,2,85.0
47,trust,3,85.0
47,trust,4,85.0
47,altruism,0,90.0
47,altruism,1,90.0
47,altruism,2,90.0
47,altruism,3,90.0
47,altruism,4,90.0
47,cooperation,0,90.0
47,cooperation,1,85.0
47,cooperation,2,85.0
47,cooperation,3,85.0
47,cooperation,4,90.0
47,modesty,0,85.0
47,modesty,1,85.0
47,modesty,2,75.0
47,modesty,3,75.0
47,modesty,4,85.0
47,sympathy,0,90.0
47,sympathy,1,90.0
47,sympathy,2,90.0
47,sympathy,3,90.0
47,sympathy,4,90.0
48,trust,0,75.0
48,trust,1,75.0
48,trust,2,75.0
48,trust,3,75.0
48,trust,4,75.0
48,altruism,0,75.0
48,altruism,1,85.0
48,altruism,2,85.0
48,altruism,3,75.0
48,altruism,4,85.0
48,cooperation,0,85.0
48,cooperation,1,85.0
48,cooperation,2,85.0
48,cooperation,3,85.0
48,cooperation,4,85.0
48,modesty,0,85.0
48,modesty,1,75.0
48,modesty,2,85.0
48,modesty,3,75.0
48,modesty,4,75.0
48,sympathy,0,65.0
48,sympathy,1,65.0
48,sympathy,2,65.0
48,sympathy,3,65.0
48,sympathy,4,70.0
49,trust,0,70.0
49,trust,1,75.0
49,trust,2,75.0
49,trust,3,70.0
49,trust,4,75.0
49,altruism,0,65.0
49,altruism,1,65.0
49,altruism,2,65.0
49,altruism,3,75.0
49,altruism,4,65.0
49,cooperation,0,85.0
49,cooperation,1,85.0
49,cooperation,2,85.0
49,cooperation,3,85.0
49,cooperation,4,85.0
49,modesty,0,85.0
49,modesty,1,85.0
49,modesty,2,85.0
49,modesty,3,85.0
49,modesty,4,75.0
49,sympathy,0,65.0
49,sympathy,1,65.0
49,sympathy,2,65.0
49,sympathy,3,75.0
49,sympathy,4,75.0
50,trust,0,75.0
50,trust,1,75.0
50,trust,2,70.0
50,trust,3,75.0
50,trust,4,75.0
50,altruism,0,40.0
50,altruism,1,40.0
50,altruism,2,45.0
50,altruism,3,45.0
50,altruism,4,40.0
50,cooperation,0,85.0
50,cooperation,1,75.0
50,cooperation,2,85.0
50,cooperation,3,85.0
50,cooperation,4,85.0
50,modesty,0,70.0
50,modesty,1,70.0
50,modesty,2,70.0
50,modesty,3,75.0
50,modesty,4,75.0
50,sympathy,0,65.0
50,sympathy,1,65.0
50,sympathy,2,65.0
50,sympathy,3,65.0
50,sympathy,4,65.0
51,trust,0,75.0
51,trust,1,75.0
51,trust,2,65.0
51,trust,3,70.0
51,trust,4,70.0
51,altruism,0,65.0
51,altruism,1,65.0
51,altruism,2,65.0
51,altruism,3,65.0
51,altruism,4,65.0
51,cooperation,0,65.0
51,cooperation,1,65.0
51,cooperation,2,65.0
51,cooperation,3,65.0
51,cooperation,4,65.0
51,modesty,0,65.0
51,modesty,1,65.0
51,modesty,2,65.0
51,modesty,3,65.0
51,modesty,4,65.0
51,sympathy,0,45.0
51,sympathy,1,45.0
51,sympathy,2,45.0
51,sympathy,3,45.0
51,sympathy,4,45.0
52,trust,0,85.0
52,trust,1,75.0
52,trust,2,75.0
52,trust,3,75.0
52,trust,4,85.0
52,altruism,0,75.0
52,altruism,1,85.0
52,altruism,2,75.0
52,altruism,3,75.0
52,altruism,4,85.0
52,cooperation,0,85.0
52,cooperation,1,85.0
52,cooperation,2,85.0
52,cooperation,3,85.0
52,cooperation,4,85.0
52,modesty,0,75.0
52,modesty,1,85.0
52,modesty,2,85.0
52,modesty,3,85.0
52,modesty,4,75.0
52,sympathy,0,85.0
52,sympathy,1,85.0
52,sympathy,2,85.0
52,sympathy,3,85.0
52,sympathy,4,85.0
53,trust,0,70.0
53,trust,1,70.0
53,trust,2,75.0
53,trust,3,75.0
53,trust,4,75.0
53,altruism,0,75.0
53,altruism,1,75.0
53,altruism,2,75.0
53,altruism,3,75.0
53,altruism,4,75.0
53,cooperation,0,85.0
53,cooperation,1,85.0
53,cooperation,2,85.0
53,cooperation,3,85.0
53,cooperation,4,85.0
53,modesty,0,70.0
53,modesty,1,65.0
53,modesty,2,70.0
53,modesty,3,70.0
53,modesty,4,70.0
53,sympathy,0,75.0
53,sympathy,1,75.0
53,sympathy,2,75.0
53,sympathy,3,75.0
53,sympathy,4,85.0
54,trust,0,85.0
54,trust,1,85.0
54,trust,2,85.0
54,trust,3,85.0
54,trust,4,85.0
54,altruism,0,85.0
54,altruism,1,85.0
54,altruism,2,85.0
54,altruism,3,85.0
54,altruism,4,85.0
54,cooperation,0,85.0
54,cooperation,1,85.0
54,cooperation,2,85.0
54,cooperation,3,85.0
54,cooperation,4,85.0
54,modesty,0,75.0
54,modesty,1,75.0
54,modesty,2,75.0
54,modesty,3,85.0
54,modesty,4,75.0
54,sympathy,0,65.0
54,sympathy,1,75.0
54,sympathy,2,75.0
54,sympathy,3,65.0
54,sympathy,4,75.0
55,trust,0,75.0
55,trust,1,85.0
55,trust,2,85.0
55,trust,3,75.0
55,trust,4,85.0
55,altruism,0,85.0
55,altruism,1,85.0
55,altruism,2,85.0
55,altruism,3,85.0
55,altruism,4,85.0
55,cooperation,0,85.0
55,cooperation,1,85.0
55,cooperation,2,85.0
55,cooperation,3,85.0
55,cooperation,4,85.0
55,modesty,0,85.0
55,modesty,1,75.0
55,modesty,2,75.0
55,modesty,3,85.0
55,modesty,4,75.0
55,sympathy,0,85.0
55,sympathy,1,85.0
55,sympathy,2,85.0
55,sympathy,3,85.0
55,sympathy,4,85.0
56,trust,0,85.0
56,trust,1,85.0
56,trust,2,85.0
56,trust,3,85.0
56,trust,4,85.0
56,altruism,0,85.0
56,altruism,1,85.0
56,altruism,2,85.0
56,altruism,3,85.0
56,altruism,4,85.0
56,cooperation,0,85.0
56,cooperation,1,85.0
56,cooperation,2,85.0
56,cooperation,3,85.0
56,cooperation,4,85.0
56,modesty,0,85.0
56,modesty,1,85.0
56,modesty,2,70.0
56,modesty,3,85.0
56,modesty,4,75.0
56,sympathy,0,85.0
56,sympathy,1,90.0
56,sympathy,2,90.0
56,sympathy,3,85.0
56,sympathy,4,85.0
57,trust,0,85.0
57,trust,1,85.0
57,trust,2,85.0
57,trust,3,85.0
57,trust,4,85.0
57,altruism,0,90.0
57,altruism,1,90.0
57,altruism,2,90.0
57,altruism,3,90.0
57,altruism,4,90.0
57,cooperation,0,85.0
57,cooperation,1,90.0
57,cooperation,2,90.0
57,cooperation,3,90.0
57,cooperation,4,90.0
57,modesty,0,85.0
57,modesty,1,85.0
57,modesty,2,85.0
57,modesty,3,85.0
57,modesty,4,85.0
57,sympathy,0,85.0
57,sympathy,1,85.0
57,sympathy,2,85.0
57,sympathy,3,85.0
57,sympathy,4,85.0
58,trust,0,85.0
58,trust,1,85.0
58,trust,2,85.0
58,trust,3,85.0
58,trust,4,85.0
58,altruism,0,85.0
58,altruism,1,85.0
58,altruism,2,85.0
58,altruism,3,85.0
58,altruism,4,85.0
58,cooperation,0,90.0
58,cooperation,1,90.0
58,cooperation,2,90.0
58,cooperation,3,90.0
58,cooperation,4,90.0
58,modesty,0,70.0
58,modesty,1,70.0
58,modesty,2,70.0
58,modesty,3,65.0
58,modesty,4,75.0
58,sympathy,0,85.0
58,sympathy,1,85.0
58,sympathy,2,85.0
58,sympathy,3,85.0
58,sympathy,4,85.0
59,trust,0,85.0
59,trust,1,85.0
59,trust,2,85.0
59,trust,3,85.0
59,trust,4,85.0
59,altruism,0,65.0
59,altruism,1,70.0
59,altruism,2,65.0
59,altruism,3,65.0
59,altruism,4,75.0
59,cooperation,0,75.0
59,cooperation,1,75.0
59,cooperation,2,80.0
59,cooperation,3,85.0
59,cooperation,4,75.0
59,modesty,0,65.0
59,modesty,1,65.0
59,modesty,2,50.0
59,modesty,3,60.0
59,modesty,4,60.0
59,sympathy,0,45.0
59,sympathy,1,45.0
59,sympathy,2,45.0
59,sympathy,3,45.0
59,sympathy,4,45.0
60,trust,0,70.0
60,trust,1,65.0
60,trust,2,70.0
60,trust,3,70.0
60,trust,4,85.0
60,altruism,0,45.0
60,altruism,1,45.0
60,altruism,2,45.0
60,altruism,3,45.0
60,altruism,4,45.0
60,cooperation,0,85.0
60,cooperation,1,75.0
60,cooperation,2,75.0
60,cooperation,3,75.0
60,cooperation,4,75.0
60,modesty,0,45.0
60,modesty,1,45.0
60,modesty,2,45.0
60,modesty,3,45.0
60,modesty,4,45.0
60,sympathy,0,45.0
60,sympathy,1,45.0
60,sympathy,2,65.0
60,sympathy,3,65.0
60,sympathy,4,45.0
61,trust,0,45.0
61,trust,1,45.0
61,trust,2,45.0
61,trust,3,45.0
61,trust,4,45.0
61,altruism,0,45.0
61,altruism,1,45.0
61,altruism,2,45.0
61,altruism,3,45.0
61,altruism,4,45.0
61,cooperation,0,85.0
61,cooperation,1,85.0
61,cooperation,2,85.0
61,cooperation,3,75.0
61,cooperation,4,85.0
61,modesty,0,75.0
61,modesty,1,85.0
61,modesty,2,75.0
61,modesty,3,90.0
61,modesty,4,85.0
61,sympathy,0,75.0
61,sympathy,1,85.0
61,sympathy,2,75.0
61,sympathy,3,75.0
61,sympathy,4,85.0
62,trust,0,65.0
62,trust,1,65.0
62,trust,2,65.0
62,trust,3,65.0
62,trust,4,65.0
62,altruism,0,45.0
62,altruism,1,45.0
62,altruism,2,40.0
62,altruism,3,45.0
62,altruism,4,45.0
62,cooperation,0,75.0
62,cooperation,1,75.0
62,cooperation,2,75.0
62,cooperation,3,75.0
62,cooperation,4,75.0
62,modesty,0,75.0
62,modesty,1,75.0
62,modesty,2,75.0
62,modesty,3,75.0
62,modesty,4,75.0
62,sympathy,0,45.0
62,sympathy,1,65.0
62,sympathy,2,65.0
62,sympathy,3,65.0
62,sympathy,4,65.0
63,trust,0,45.0
63,trust,1,45.0
63,trust,2,45.0
63,trust,3,45.0
63,trust,4,45.0
63,altruism,0,40.0
63,altruism,1,45.0
63,altruism,2,40.0
63,altruism,3,45.0
63,altruism,4,45.0
63,cooperation,0,85.0
63,cooperation,1,85.0
63,cooperation,2,85.0
63,cooperation,3,75.0
63,cooperation,4,85.0
63,modesty,0,65.0
63,modesty,1,65.0
63,modesty,2,65.0
63,modesty,3,65.0
63,modesty,4,65.0
63,sympathy,0,45.0
63,sympathy,1,45.0
63,sympathy,2,45.0
63,sympathy,3,45.0
63,sympathy,4,45.0
64,trust,0,25.0
64,trust,1,25.0
64,trust,2,25.0
64,trust,3,25.0
64,trust,4,25.0
64,altruism,0,25.0
64,altruism,1,25.0
64,altruism,2,25.0
64,altruism,3,45.0
64,altruism,4,45.0
64,cooperation,0,40.0
64,cooperation,1,25.0
64,cooperation,2,45.0
64,cooperation,3,45.0
64,cooperation,4,40.0
64,modesty,0,45.0
64,modesty,1,45.0
64,modesty,2,45.0
64,modesty,3,45.0
64,modesty,4,45.0
64,sympathy,0,85.0
64,sympathy,1,85.0
64,sympathy,2,85.0
64,sympathy,3,85.0
64,sympathy,4,85.0
65,trust,0,25.0
65,trust,1,25.0
65,trust,2,25.0
65,trust,3,25.0
65,trust,4,25.0
65,altruism,0,85.0
65,altruism,1,65.0
65,altruism,2,85.0
65,altruism,3,85.0
65,altruism,4,65.0
65,cooperation,0,25.0
65,cooperation,1,25.0
65,cooperation,2,25.0
65,cooperation,3,25.0
65,cooperation,4,25.0
65,modesty,0,30.0
65,modesty,1,30.0
65,modesty,2,30.0
65,modesty,3,30.0
65,modesty,4,30.0
65,sympathy,0,25.0
65,sympathy,1,25.0
65,sympathy,2,25.0
65,sympathy,3,25.0
65,sympathy,4,25.0
66,trust,0,45.0
66,trust,1,45.0
66,trust,2,45.0
66,trust,3,45.0
66,trust,4,45.0
66,altruism,0,35.0
66,altruism,1,35.0
66,altruism,2,45.0
66,altruism,3,35.0
66,altruism,4,35.0
66,cooperation,0,85.0
66,cooperation,1,65.0
66,cooperation,2,85.0
66,cooperation,3,75.0
66,cooperation,4,85.0
66,modesty,0,65.0
66,modesty,1,65.0
66,modesty,2,65.0
66,modesty,3,65.0
66,modesty,4,65.0
66,sympathy,0,65.0
66,sympathy,1,65.0
66,sympathy,2,65.0
66,sympathy,3,65.0
66,sympathy,4,65.0
67,trust,0,65.0
67,trust,1,65.0
67,trust,2,65.0
67,trust,3,65.0
67,trust,4,85.0
67,altruism,0,65.0
67,altruism,1,65.0
67,altruism,2,75.0
67,altruism,3,65.0
67,altruism,4,65.0
67,cooperation,0,65.0
67,cooperation,1,75.0
67,cooperation,2,75.0
67,cooperation,3,75.0
67,cooperation,4,75.0
67,modesty,0,65.0
67,modesty,1,45.0
67,modesty,2,55.0
67,modesty,3,50.0
67,modesty,4,45.0
67,sympathy,0,45.0
67,sympathy,1,45.0
67,sympathy,2,45.0
67,sympathy,3,45.0
67,sympathy,4,45.0
68,trust,0,85.0
68,trust,1,75.0
68,trust,2,85.0
68,trust,3,75.0
68,trust,4,85.0
68,altruism,0,85.0
68,altruism,1,85.0
68,altruism,2,85.0
68,altruism,3,85.0
68,altruism,4,85.0
68,cooperation,0,85.0
68,cooperation,1,85.0
68,cooperation,2,85.0
68,cooperation,3,85.0
68,cooperation,4,85.0
68,modesty,0,45.0
68,modesty,1,45.0
68,modesty,2,45.0
68,modesty,3,45.0
68,modesty,4,45.0
68,sympathy,0,90.0
68,sympathy,1,90.0
68,sympathy,2,90.0
68,sympathy,3,90.0
68,sympathy,4,90.0
69,trust,0,75.0
69,trust,1,75.0
69,trust,2,75.0
69,trust,3,75.0
69,trust,4,75.0
69,altruism,0,90.0
69,altruism,1,90.0
69,altruism,2,90.0
69,altruism,3,90.0
69,altruism,4,90.0
69,cooperation,0,85.0
69,cooperation,1,85.0
69,cooperation,2,85.0
69,cooperation,3,85.0
69,cooperation,4,85.0
69,modesty,0,45.0
69,modesty,1,45.0
69,modesty,2,45.0
69,modesty,3,45.0
69,modesty,4,45.0
69,sympathy,0,90.0
69,sympathy,1,90.0
69,sympathy,2,90.0
69,sympathy,3,90.0
69,sympathy,4,90.0
70,trust,0,75.0
70,trust,1,75.0
70,trust,2,75.0
70,trust,3,75.0
70,trust,4,75.0
70,altruism,0,90.0
70,altruism,1,90.0
70,altruism,2,90.0
70,altruism,3,90.0
70,altruism,4,90.0
70,cooperation,0,85.0
70,cooperation,1,85.0
70,cooperation,2,85.0
70,cooperation,3,85.0
70,cooperation,4,85.0
70,modesty,0,75.0
70,modesty,1,75.0
70,modesty,2,75.0
70,modesty,3,75.0
70,modesty,4,75.0
70,sympathy,0,90.0
70,sympathy,1,85.0
70,sympathy,2,85.0
70,sympathy,3,85.0
70,sympathy,4,85.0
71,trust,0,75.0
71,trust,1,75.0
71,trust,2,75.0
71,trust,3,75.0
71,trust,4,75.0
71,altruism,0,90.0
71,altruism,1,90.0
71,altruism,2,85.0
71,altruism,3,90.0
71,altruism,4,90.0
71,cooperation,0,85.0
71,cooperation,1,85.0
71,cooperation,2,85.0
71,cooperation,3,85.0
71,cooperation,4,85.0
71,modesty,0,65.0
71,modesty,1,65.0
71,modesty,2,65.0
71,modesty,3,65.0
71,modesty,4,65.0
71,sympathy,0,90.0
71,sympathy,1,90.0
71,sympathy,2,90.0
71,sympathy,3,90.0
71,sympathy,4,90.0
72,trust,0,75.0
72,trust,1,75.0
72,trust,2,65.0
72,trust,3,75.0
72,trust,4,75.0
72,altruism,0,90.0
72,altruism,1,90.0
72,altruism,2,90.0
72,altruism,3,90.0
72,altruism,4,90.0
72,cooperation,0,90.0
72,cooperation,1,90.0
72,cooperation,2,90.0
72,cooperation,3,85.0
72,cooperation,4,90.0
72,modesty,0,75.0
72,modesty,1,75.0
72,modesty,2,70.0
72,modesty,3,75.0
72,modesty,4,75.0
72,sympathy,0,85.0
72,sympathy,1,85.0
72,sympathy,2,85.0
72,sympathy,3,85.0
72,sympathy,4,85.0
73,trust,0,85.0
73,trust,1,85.0
73,trust,2,85.0
73,trust,3,85.0
73,trust,4,85.0
73,altruism,0,90.0
73,altruism,1,90.0
73,altruism,2,90.0
73,altruism,3,90.0
73,altruism,4,90.0
73,cooperation,0,75.0
73,cooperation,1,75.0
73,cooperation,2,75.0
73,cooperation,3,85.0
73,cooperation,4,85.0
73,modesty,0,65.0
73,modesty,1,65.0
73,modesty,2,65.0
73,modesty,3,65.0
73,modesty,4,65.0
73,sympathy,0,45.0
73,sympathy,1,45.0
73,sympathy,2,45.0
73,sympathy,3,45.0
73,sympathy,4,65.0
74,trust,0,65.0
74,trust,1,65.0
74,trust,2,65.0
74,trust,3,65.0
74,trust,4,65.0
74,altruism,0,25.0
74,altruism,1,25.0
74,altruism,2,25.0
74,altruism,3,25.0
74,altruism,4,25.0
74,cooperation,0,70.0
74,cooperation,1,65.0
74,cooperation,2,45.0
74,cooperation,3,65.0
74,cooperation,4,70.0
74,modesty,0,55.0
74,modesty,1,65.0
74,modesty,2,65.0
74,modesty,3,65.0
74,modesty,4,65.0
74,sympathy,0,45.0
74,sympathy,1,45.0
74,sympathy,2,45.0
74,sympathy,3,45.0
74,sympathy,4,45.0
75,trust,0,75.0
75,trust,1,85.0
75,trust,2,85.0
75,trust,3,85.0
75,trust,4,75.0
75,altruism,0,90.0
75,altruism,1,90.0
75,altruism,2,90.0
75,altruism,3,90.0
75,altruism,4,90.0
75,cooperation,0,90.0
75,cooperation,1,90.0
75,cooperation,2,90.0
75,cooperation,3,90.0
75,cooperation,4,90.0
75,modesty,0,65.0
75,modesty,1,65.0
75,modesty,2,65.0
75,modesty,3,65.0
75,modesty,4,65.0
75,sympathy,0,85.0
75,sympathy,1,85.0
75,sympathy,2,85.0
75,sympathy,3,85.0
75,sympathy,4,85.0
76,trust,0,65.0
76,trust,1,75.0
76,trust,2,75.0
76,trust,3,65.0
76,trust,4,65.0
76,altruism,0,65.0
76,altruism,1,65.0
76,altruism,2,65.0
76,altruism,3,65.0
76,altruism,4,65.0
76,cooperation,0,75.0
76,cooperation,1,75.0
76,cooperation,2,85.0
76,cooperation,3,75.0
76,cooperation,4,75.0
76,modesty,0,65.0
76,modesty,1,65.0
76,modesty,2,65.0
76,modesty,3,65.0
76,modesty,4,65.0
76,sympathy,0,85.0
76,sympathy,1,85.0
76,sympathy,2,75.0
76,sympathy,3,85.0
76,sympathy,4,85.0
77,trust,0,75.0
77,trust,1,75.0
77,trust,2,75.0
77,trust,3,85.0
77,trust,4,75.0
77,altruism,0,85.0
77,altruism,1,85.0
77,altruism,2,85.0
77,altruism,3,85.0
77,altruism,4,85.0
77,cooperation,0,85.0
77,cooperation,1,85.0
77,cooperation,2,85.0
77,cooperation,3,85.0
77,cooperation,4,85.0
77,modesty,0,85.0
77,modesty,1,75.0
77,modesty,2,65.0
77,modesty,3,75.0
77,modesty,4,75.0
77,sympathy,0,85.0
77,sympathy,1,85.0
77,sympathy,2,85.0
77,sympathy,3,85.0
77,sympathy,4,85.0
78,trust,0,75.0
78,trust,1,75.0
78,trust,2,75.0
78,trust,3,75.0
78,trust,4,75.0
78,altruism,0,85.0
78,altruism,1,85.0
78,altruism,2,85.0
78,altruism,3,85.0
78,altruism,4,85.0
78,cooperation,0,85.0
78,cooperation,1,75.0
78,cooperation,2,85.0
78,cooperation,3,75.0
78,cooperation,4,75.0
78,modesty,0,65.0
78,modesty,1,65.0
78,modesty,2,65.0
78,modesty,3,65.0
78,modesty,4,65.0
78,sympathy,0,75.0
78,sympathy,1,85.0
78,sympathy,2,85.0
78,sympathy,3,85.0
78,sympathy,4,85.0
79,trust,0,45.0
79,trust,1,45.0
79,trust,2,45.0
79,trust,3,45.0
79,trust,4,45.0
79,altruism,0,40.0
79,altruism,1,25.0
79,altruism,2,40.0
79,altruism,3,40.0
79,altruism,4,40.0
79,cooperation,0,85.0
79,cooperation,1,85.0
79,cooperation,2,85.0
79,cooperation,3,85.0
79,cooperation,4,85.0
79,modesty,0,45.0
79,modesty,1,45.0
79,modesty,2,45.0
79,modesty,3,45.0
79,modesty,4,45.0
79,sympathy,0,25.0
79,sympathy,1,25.0
79,sympathy,2,25.0
79,sympathy,3,25.0
79,sympathy,4,25.0
80,trust,0,45.0
80,trust,1,45.0
80,trust,2,45.0
80,trust,3,45.0
80,trust,4,45.0
80,altruism,0,65.0
80,altruism,1,65.0
80,altruism,2,65.0
80,altruism,3,65.0
80,altruism,4,65.0
80,cooperation,0,85.0
80,cooperation,1,85.0
80,cooperation,2,85.0
80,cooperation,3,85.0
80,cooperation,4,85.0
80,modesty,0,75.0
80,modesty,1,75.0
80,modesty,2,85.0
80,modesty,3,75.0
80,modesty,4,75.0
80,sympathy,0,65.0
80,sympathy,1,65.0
80,sympathy,2,65.0
80,sympathy,3,65.0
80,sympathy,4,65.0
81,trust,0,25.0
81,trust,1,45.0
81,trust,2,45.0
81,trust,3,45.0
81,trust,4,45.0
81,altruism,0,25.0
81,altruism,1,25.0
81,altruism,2,25.0
81,altruism,3,25.0
81,altruism,4,25.0
81,cooperation,0,35.0
81,cooperation,1,45.0
81,cooperation,2,35.0
81,cooperation,3,30.0
81,cooperation,4,40.0
81,modesty,0,45.0
81,modesty,1,45.0
81,modesty,2,45.0
81,modesty,3,45.0
81,modesty,4,45.0
81,sympathy,0,25.0
81,sympathy,1,25.0
81,sympathy,2,25.0
81,sympathy,3,25.0
81,sympathy,4,30.0
82,trust,0,65.0
82,trust,1,65.0
82,trust,2,65.0
82,trust,3,65.0
82,trust,4,65.0
82,altruism,0,45.0
82,altruism,1,45.0
82,altruism,2,45.0
82,altruism,3,45.0
82,altruism,4,45.0
82,cooperation,0,85.0
82,cooperation,1,85.0
82,cooperation,2,85.0
82,cooperation,3,85.0
82,cooperation,4,85.0
82,modesty,0,70.0
82,modesty,1,70.0
82,modesty,2,65.0
82,modesty,3,65.0
82,modesty,4,85.0
82,sympathy,0,75.0
82,sympathy,1,75.0
82,sympathy,2,75.0
82,sympathy,3,75.0
82,sympathy,4,65.0
83,trust,0,75.0
83,trust,1,75.0
83,trust,2,85.0
83,trust,3,75.0
83,trust,4,85.0
83,altruism,0,85.0
83,altruism,1,90.0
83,altruism,2,85.0
83,altruism,3,90.0
83,altruism,4,85.0
83,cooperation,0,90.0
83,cooperation,1,90.0
83,cooperation,2,85.0
83,cooperation,3,90.0
83,cooperation,4,85.0
83,modesty,0,65.0
83,modesty,1,65.0
83,modesty,2,65.0
83,modesty,3,65.0
83,modesty,4,65.0
83,sympathy,0,85.0
83,sympathy,1,85.0
83,sympathy,2,85.0
83,sympathy,3,85.0
83,sympathy,4,85.0
84,trust,0,65.0
84,trust,1,75.0
84,trust,2,75.0
84,trust,3,75.0
84,trust,4,65.0
84,altruism,0,85.0
84,altruism,1,85.0
84,altruism,2,85.0
84,altruism,3,85.0
84,altruism,4,85.0
84,cooperation,0,85.0
84,cooperation,1,85.0
84,cooperation,2,75.0
84,cooperation,3,75.0
84,cooperation,4,85.0
84,modesty,0,65.0
84,modesty,1,65.0
84,modesty,2,65.0
84,modesty,3,65.0
84,modesty,4,65.0
84,sympathy,0,75.0
84,sympathy,1,75.0
84,sympathy,2,75.0
84,sympathy,3,75.0
84,sympathy,4,75.0
85,trust,0,85.0
85,trust,1,85.0
85,trust,2,85.0
85,trust,3,75.0
85,trust,4,75.0
85,altruism,0,75.0
85,altruism,1,75.0
85,altruism,2,75.0
85,altruism,3,75.0
85,altruism,4,75.0
85,cooperation,0,85.0
85,cooperation,1,85.0
85,cooperation,2,85.0
85,cooperation,3,85.0
85,cooperation,4,85.0
85,modesty,0,65.0
85,modesty,1,65.0
85,modesty,2,65.0
85,modesty,3,65.0
85,modesty,4,65.0
85,sympathy,0,45.0
85,sympathy,1,45.0
85,sympathy,2,45.0
85,sympathy,3,45.0
85,sympathy,4,45.0
86,trust,0,45.0
86,trust,1,45.0
86,trust,2,45.0
86,trust,3,45.0
86,trust,4,45.0
86,altruism,0,65.0
86,altruism,1,65.0
86,altruism,2,65.0
86,altruism,3,75.0
86,altruism,4,65.0
86,cooperation,0,75.0
86,cooperation,1,75.0
86,cooperation,2,75.0
86,cooperation,3,75.0
86,cooperation,4,75.0
86,modesty,0,70.0
86,modesty,1,70.0
86,modesty,2,75.0
86,modesty,3,75.0
86,modesty,4,65.0
86,sympathy,0,75.0
86,sympathy,1,65.0
86,sympathy,2,75.0
86,sympathy,3,75.0
86,sympathy,4,65.0
87,trust,0,70.0
87,trust,1,65.0
87,trust,2,75.0
87,trust,3,75.0
87,trust,4,70.0
87,altruism,0,85.0
87,altruism,1,85.0
87,altruism,2,90.0
87,altruism,3,85.0
87,altruism,4,85.0
87,cooperation,0,85.0
87,cooperation,1,85.0
87,cooperation,2,75.0
87,cooperation,3,75.0
87,cooperation,4,75.0
87,modesty,0,65.0
87,modesty,1,75.0
87,modesty,2,65.0
87,modesty,3,65.0
87,modesty,4,65.0
87,sympathy,0,85.0
87,sympathy,1,85.0
87,sympathy,2,85.0
87,sympathy,3,85.0
87,sympathy,4,85.0
88,trust,0,85.0
88,trust,1,85.0
88,trust,2,80.0
88,trust,3,85.0
88,trust,4,65.0
88,altruism,0,85.0
88,altruism,1,85.0
88,altruism,2,85.0
88,altruism,3,85.0
88,altruism,4,85.0
88,cooperation,0,85.0
88,cooperation,1,85.0
88,cooperation,2,85.0
88,cooperation,3,85.0
88,cooperation,4,85.0
88,modesty,0,85.0
88,modesty,1,85.0
88,modesty,2,85.0
88,modesty,3,85.0
88,modesty,4,85.0
88,sympathy,0,90.0
88,sympathy,1,90.0
88,sympathy,2,90.0
88,sympathy,3,90.0
88,sympathy,4,90.0
89,trust,0,90.0
89,trust,1,90.0
89,trust,2,90.0
89,trust,3,90.0
89,trust,4,90.0
89,altruism,0,65.0
89,altruism,1,65.0
89,altruism,2,65.0
89,altruism,3,65.0
89,altruism,4,75.0
89,cooperation,0,25.0
89,cooperation,1,25.0
89,cooperation,2,25.0
89,cooperation,3,25.0
89,cooperation,4,40.0
89,modesty,0,40.0
89,modesty,1,45.0
89,modesty,2,40.0
89,modesty,3,45.0
89,modesty,4,40.0
89,sympathy,0,35.0
89,sympathy,1,35.0
89,sympathy,2,35.0
89,sympathy,3,35.0
89,sympathy,4,25.0
90,trust,0,65.0
90,trust,1,65.0
90,trust,2,65.0
90,trust,3,65.0
90,trust,4,65.0
90,altruism,0,25.0
90,altruism,1,45.0
90,altruism,2,25.0
90,altruism,3,40.0
90,altruism,4,40.0
90,cooperation,0,85.0
90,cooperation,1,85.0
90,cooperation,2,85.0
90,cooperation,3,85.0
90,cooperation,4,85.0
90,modesty,0,45.0
90,modesty,1,45.0
90,modesty,2,65.0
90,modesty,3,65.0
90,modesty,4,45.0
90,sympathy,0,45.0
90,sympathy,1,45.0
90,sympathy,2,45.0
90,sympathy,3,45.0
90,sympathy,4,45.0
91,trust,0,85.0
91,trust,1,85.0
91,trust,2,85.0
91,trust,3,75.0
91,trust,4,85.0
91,altruism,0,85.0
91,altruism,1,85.0
91,altruism,2,85.0
91,altruism,3,85.0
91,altruism,4,85.0
91,cooperation,0,85.0
91,cooperation,1,85.0
91,cooperation,2,85.0
91,cooperation,3,85.0
91,cooperation,4,85.0
91,modesty,0,85.0
91,modesty,1,85.0
91,modesty,2,85.0
91,modesty,3,85.0
91,modesty,4,85.0
91,sympathy,0,85.0
91,sympathy,1,85.0
91,sympathy,2,85.0
91,sympathy,3,85.0
91,sympathy,4,85.0
92,trust,0,60.0
92,trust,1,60.0
92,trust,2,60.0
92,trust,3,60.0
92,trust,4,60.0
92,altruism,0,45.0
92,altruism,1,45.0
92,altruism,2,45.0
92,altruism,3,45.0
92,altruism,4,45.0
92,cooperation,0,85.0
92,cooperation,1,85.0
92,cooperation,2,85.0
92,cooperation,3,85.0
92,cooperation,4,85.0
92,modesty,0,85.0
92,modesty,1,85.0
92,modesty,2,85.0
92,modesty,3,85.0
92,modesty,4,85.0
92,sympathy,0,45.0
92,sympathy,1,45.0
92,sympathy,2,45.0
92,sympathy,3,45.0
92,sympathy,4,45.0
93,trust,0,65.0
93,trust,1,65.0
93,trust,2,65.0
93,trust,3,65.0
93,trust,4,65.0
93,altruism,0,65.0
93,altruism,1,45.0
93,altruism,2,45.0
93,altruism,3,45.0
93,altruism,4,45.0
93,cooperation,0,85.0
93,cooperation,1,85.0
93,cooperation,2,85.0
93,cooperation,3,85.0
93,cooperation,4,85.0
93,modesty,0,65.0
93,modesty,1,75.0
93,modesty,2,75.0
93,modesty,3,65.0
93,modesty,4,75.0
93,sympathy,0,65.0
93,sympathy,1,65.0
93,sympathy,2,65.0
93,sympathy,3,65.0
93,sympathy,4,65.0
94,trust,0,40.0
94,trust,1,40.0
94,trust,2,40.0
94,trust,3,40.0
94,trust,4,40.0
94,altruism,0,35.0
94,altruism,1,45.0
94,altruism,2,35.0
94,altruism,3,35.0
94,altruism,4,35.0
94,cooperation,0,75.0
94,cooperation,1,75.0
94,cooperation,2,75.0
94,cooperation,3,75.0
94,cooperation,4,75.0
94,modesty,0,65.0
94,modesty,1,65.0
94,modesty,2,65.0
94,modesty,3,65.0
94,modesty,4,65.0
94,sympathy,0,65.0
94,sympathy,1,45.0
94,sympathy,2,45.0
94,sympathy,3,45.0
94,sympathy,4,45.0
95,trust,0,75.0
95,trust,1,75.0
95,trust,2,75.0
95,trust,3,75.0
95,trust,4,75.0
95,altruism,0,65.0
95,altruism,1,70.0
95,altruism,2,65.0
95,altruism,3,65.0
95,altruism,4,65.0
95,cooperation,0,75.0
95,cooperation,1,75.0
95,cooperation,2,75.0
95,cooperation,3,85.0
95,cooperation,4,75.0
95,modesty,0,45.0
95,modesty,1,45.0
95,modesty,2,45.0
95,modesty,3,45.0
95,modesty,4,45.0
95,sympathy,0,45.0
95,sympathy,1,45.0
95,sympathy,2,45.0
95,sympathy,3,45.0
95,sympathy,4,45.0
96,trust,0,45.0
96,trust,1,45.0
96,trust,2,45.0
96,trust,3,45.0
96,trust,4,45.0
96,altruism,0,45.0
96,altruism,1,45.0
96,altruism,2,45.0
96,altruism,3,45.0
96,altruism,4,45.0
96,cooperation,0,85.0
96,cooperation,1,85.0
96,cooperation,2,85.0
96,cooperation,3,85.0
96,cooperation,4,85.0
96,modesty,0,70.0
96,modesty,1,70.0
96,modesty,2,75.0
96,modesty,3,65.0
96,modesty,4,70.0
96,sympathy,0,45.0
96,sympathy,1,45.0
96,sympathy,2,45.0
96,sympathy,3,45.0
96,sympathy,4,45.0
97,trust,0,75.0
97,trust,1,75.0
97,trust,2,75.0
97,trust,3,85.0
97,trust,4,75.0
97,altruism,0,90.0
97,altruism,1,90.0
97,altruism,2,85.0
97,altruism,3,85.0
97,altruism,4,85.0
97,cooperation,0,75.0
97,cooperation,1,85.0
97,cooperation,2,75.0
97,cooperation,3,75.0
97,cooperation,4,75.0
97,modesty,0,65.0
97,modesty,1,65.0
97,modesty,2,65.0
97,modesty,3,65.0
97,modesty,4,65.0
97,sympathy,0,75.0
97,sympathy,1,75.0
97,sympathy,2,75.0
97,sympathy,3,75.0
97,sympathy,4,65.0
98,trust,0,70.0
98,trust,1,65.0
98,trust,2,75.0
98,trust,3,75.0
98,trust,4,75.0
98,altruism,0,85.0
98,altruism,1,85.0
98,altruism,2,85.0
98,altruism,3,85.0
98,altruism,4,85.0
98,cooperation,0,85.0
98,cooperation,1,85.0
98,cooperation,2,85.0
98,cooperation,3,85.0
98,cooperation,4,85.0
98,modesty,0,85.0
98,modesty,1,85.0
98,modesty,2,85.0
98,modesty,3,85.0
98,modesty,4,85.0
98,sympathy,0,85.0
98,sympathy,1,85.0
98,sympathy,2,85.0
98,sympathy,3,85.0
98,sympathy,4,85.0
99,trust,0,70.0
99,trust,1,75.0
99,trust,2,75.0
99,trust,3,75.0
99,trust,4,75.0
99,altruism,0,85.0
99,altruism,1,85.0
99,altruism,2,85.0
99,altruism,3,85.0
99,altruism,4,85.0
99,cooperation,0,90.0
99,cooperation,1,90.0
99,cooperation,2,90.0
99,cooperation,3,90.0
99,cooperation,4,85.0
99,modesty,0,65.0
99,modesty,1,65.0
99,modesty,2,65.0
99,modesty,3,65.0
99,modesty,4,65.0
99,sympathy,0,85.0
99,sympathy,1,85.0
99,sympathy,2,85.0
99,sympathy,3,85.0
99,sympathy,4,85.0
100,trust,0,85.0
100,trust,1,65.0
100,trust,2,75.0
100,trust,3,75.0
100,trust,4,75.0
100,altruism,0,90.0
100,altruism,1,90.0
100,altruism,2,90.0
100,altruism,3,90.0
100,altruism,4,90.0
100,cooperation,0,85.0
100,cooperation,1,85.0
100,cooperation,2,85.0
100,cooperation,3,85.0
100,cooperation,4,85.0
100,modesty,0,85.0
100,modesty,1,85.0
100,modesty,2,85.0
100,modesty,3,85.0
100,modesty,4,85.0
100,sympathy,0,85.0
100,sympathy,1,85.0
100,sympathy,2,85.0
100,sympathy,3,85.0
100,sympathy,4,85.0
101,trust,0,65.0
101,trust,1,65.0
101,trust,2,65.0
101,trust,3,65.0
101,trust,4,65.0
101,altruism,0,85.0
101,altruism,1,85.0
101,altruism,2,85.0
101,altruism,3,85.0
101,altruism,4,85.0
101,cooperation,0,85.0
101,cooperation,1,85.0
101,cooperation,2,85.0
101,cooperation,3,85.0
101,cooperation,4,85.0
101,modesty,0,75.0
101,modesty,1,85.0
101,modesty,2,85.0
101,modesty,3,85.0
101,modesty,4,85.0
101,sympathy,0,75.0
101,sympathy,1,85.0
101,sympathy,2,85.0
101,sympathy,3,85.0
101,sympathy,4,85.0
102,trust,0,70.0
102,trust,1,75.0
102,trust,2,75.0
102,trust,3,75.0
102,trust,4,75.0
102,altruism,0,85.0
102,altruism,1,85.0
102,altruism,2,85.0
102,altruism,3,85.0
102,altruism,4,90.0
102,cooperation,0,85.0
102,cooperation,1,85.0
102,cooperation,2,85.0
102,cooperation,3,85.0
102,cooperation,4,85.0
102,modesty,0,65.0
102,modesty,1,75.0
102,modesty,2,75.0
102,modesty,3,75.0
102,modesty,4,75.0
102,sympathy,0,75.0
102,sympathy,1,75.0
102,sympathy,2,75.0
102,sympathy,3,70.0
102,sympathy,4,75.0
103,trust,0,85.0
103,trust,1,85.0
103,trust,2,85.0
103,trust,3,85.0
103,trust,4,85.0
103,altruism,0,85.0
103,altruism,1,85.0
103,altruism,2,85.0
103,altruism,3,85.0
103,altruism,4,85.0
103,cooperation,0,25.0
103,cooperation,1,25.0
103,cooperation,2,25.0
103,cooperation,3,65.0
103,cooperation,4,25.0
103,modesty,0,30.0
103,modesty,1,30.0
103,modesty,2,30.0
103,modesty,3,35.0
103,modesty,4,30.0
103,sympathy,0,25.0
103,sympathy,1,35.0
103,sympathy,2,30.0
103,sympathy,3,25.0
103,sympathy,4,25.0
104,trust,0,40.0
104,trust,1,40.0
104,trust,2,40.0
104,trust,3,40.0
104,trust,4,40.0
104,altruism,0,25.0
104,altruism,1,25.0
104,altruism,2,25.0
104,altruism,3,25.0
104,altruism,4,25.0
104,cooperation,0,85.0
104,cooperation,1,85.0
104,cooperation,2,85.0
104,cooperation,3,85.0
104,cooperation,4,85.0
104,modesty,0,65.0
104,modesty,1,70.0
104,modesty,2,65.0
104,modesty,3,75.0
104,modesty,4,75.0
104,sympathy,0,65.0
104,sympathy,1,75.0
104,sympathy,2,70.0
104,sympathy,3,65.0
104,sympathy,4,75.0
105,trust,0,85.0
105,trust,1,75.0
105,trust,2,85.0
105,trust,3,75.0
105,trust,4,75.0
105,altruism,0,85.0
105,altruism,1,90.0
105,altruism,2,90.0
105,altruism,3,85.0
105,altruism,4,90.0
105,cooperation,0,85.0
105,cooperation,1,90.0
105,cooperation,2,90.0
105,cooperation,3,90.0
105,cooperation,4,90.0
105,modesty,0,85.0
105,modesty,1,85.0
105,modesty,2,75.0
105,modesty,3,85.0
105,modesty,4,75.0
105,sympathy,0,75.0
105,sympathy,1,85.0
105,sympathy,2,75.0
105,sympathy,3,75.0
105,sympathy,4,75.0
106,trust,0,75.0
106,trust,1,65.0
106,trust,2,75.0
106,trust,3,65.0
106,trust,4,75.0
106,altruism,0,75.0
106,altruism,1,75.0
106,altruism,2,75.0
106,altruism,3,75.0
106,altruism,4,75.0
106,cooperation,0,85.0
106,cooperation,1,85.0
106,cooperation,2,85.0
106,cooperation,3,85.0
106,cooperation,4,85.0
106,modesty,0,45.0
106,modesty,1,65.0
106,modesty,2,65.0
106,modesty,3,45.0
106,modesty,4,45.0
106,sympathy,0,75.0
106,sympathy,1,75.0
106,sympathy,2,75.0
106,sympathy,3,80.0
106,sympathy,4,75.0
107,trust,0,85.0
107,trust,1,85.0
107,trust,2,75.0
107,trust,3,85.0
107,trust,4,85.0
107,altruism,0,85.0
107,altruism,1,85.0
107,altruism,2,85.0
107,altruism,3,85.0
107,altruism,4,85.0
107,cooperation,0,90.0
107,cooperation,1,90.0
107,cooperation,2,90.0
107,cooperation,3,90.0
107,cooperation,4,90.0
107,modesty,0,90.0
107,modesty,1,90.0
107,modesty,2,90.0
107,modesty,3,90.0
107,modesty,4,90.0
107,sympathy,0,85.0
107,sympathy,1,85.0
107,sympathy,2,85.0
107,sympathy,3,85.0
107,sympathy,4,85.0
108,trust,0,65.0
108,trust,1,65.0
108,trust,2,65.0
108,trust,3,65.0
108,trust,4,65.0
108,altruism,0,85.0
108,altruism,1,85.0
108,altruism,2,85.0
108,altruism,3,85.0
108,altruism,4,85.0
108,cooperation,0,85.0
108,cooperation,1,90.0
108,cooperation,2,85.0
108,cooperation,3,90.0
108,cooperation,4,85.0
108,modesty,0,85.0
108,modesty,1,85.0
108,modesty,2,85.0
108,modesty,3,75.0
108,modesty,4,85.0
108,sympathy,0,75.0
108,sympathy,1,75.0
108,sympathy,2,75.0
108,sympathy,3,75.0
108,sympathy,4,75.0
109,trust,0,75.0
109,trust,1,85.0
109,trust,2,85.0
109,trust,3,85.0
109,trust,4,75.0
109,altruism,0,85.0
109,altruism,1,85.0
109,altruism,2,85.0
109,altruism,3,85.0
109,altruism,4,85.0
109,cooperation,0,90.0
109,cooperation,1,90.0
109,cooperation,2,90.0
109,cooperation,3,90.0
109,cooperation,4,90.0
109,modesty,0,85.0
109,modesty,1,85.0
109,modesty,2,85.0
109,modesty,3,85.0
109,modesty,4,85.0
109,sympathy,0,75.0
109,sympathy,1,85.0
109,sympathy,2,75.0
109,sympathy,3,85.0
109,sympathy,4,75.0
110,trust,0,40.0
110,trust,1,45.0
110,trust,2,25.0
110,trust,3,40.0
110,trust,4,40.0
110,altruism,0,35.0
110,altruism,1,35.0
110,altruism,2,35.0
110,altruism,3,35.0
110,altruism,4,40.0
110,cooperation,0,85.0
110,cooperation,1,85.0
110,cooperation,2,85.0
110,cooperation,3,85.0
110,cooperation,4,85.0
110,modesty,0,85.0
110,modesty,1,85.0
110,modesty,2,85.0
110,modesty,3,75.0
110,modesty,4,85.0
110,sympathy,0,65.0
110,sympathy,1,65.0
110,sympathy,2,65.0
110,sympathy,3,65.0
110,sympathy,4,65.0
111,trust,0,75.0
111,trust,1,75.0
111,trust,2,75.0
111,trust,3,70.0
111,trust,4,75.0
111,altruism,0,75.0
111,altruism,1,85.0
111,altruism,2,85.0
111,altruism,3,75.0
111,altruism,4,85.0
111,cooperation,0,85.0
111,cooperation,1,85.0
111,cooperation,2,85.0
111,cooperation,3,85.0
111,cooperation,4,85.0
111,modesty,0,75.0
111,modesty,1,75.0
111,modesty,2,85.0
111,modesty,3,85.0
111,modesty,4,75.0
111,sympathy,0,75.0
111,sympathy,1,75.0
111,sympathy,2,75.0
111,sympathy,3,75.0
111,sympathy,4,75.0
112,trust,0,45.0
112,trust,1,45.0
112,trust,2,45.0
112,trust,3,45.0
112,trust,4,45.0
112,altruism,0,25.0
112,altruism,1,25.0
112,altruism,2,25.0
112,altruism,3,25.0
112,altruism,4,25.0
112,cooperation,0,65.0
112,cooperation,1,65.0
112,cooperation,2,75.0
112,cooperation,3,65.0
112,cooperation,4,75.0
112,modesty,0,65.0
112,modesty,1,65.0
112,modesty,2,65.0
112,modesty,3,65.0
112,modesty,4,65.0
112,sympathy,0,75.0
112,sympathy,1,75.0
112,sympathy,2,65.0
112,sympathy,3,75.0
112,sympathy,4,75.0
113,trust,0,75.0
113,trust,1,75.0
113,trust,2,75.0
113,trust,3,75.0
113,trust,4,75.0
113,altruism,0,85.0
113,altruism,1,85.0
113,altruism,2,85.0
113,altruism,3,85.0
113,altruism,4,85.0
113,cooperation,0,85.0
113,cooperation,1,85.0
113,cooperation,2,85.0
113,cooperation,3,85.0
113,cooperation,4,85.0
113,modesty,0,45.0
113,modesty,1,45.0
113,modesty,2,45.0
113,modesty,3,45.0
113,modesty,4,45.0
113,sympathy,0,85.0
113,sympathy,1,75.0
113,sympathy,2,85.0
113,sympathy,3,85.0
113,sympathy,4,75.0
114,trust,0,40.0
114,trust,1,40.0
114,trust,2,45.0
114,trust,3,40.0
114,trust,4,45.0
114,altruism,0,35.0
114,altruism,1,35.0
114,altruism,2,35.0
114,altruism,3,35.0
114,altruism,4,35.0
114,cooperation,0,90.0
114,cooperation,1,85.0
114,cooperation,2,75.0
114,cooperation,3,85.0
114,cooperation,4,75.0
114,modesty,0,85.0
114,modesty,1,85.0
114,modesty,2,90.0
114,modesty,3,90.0
114,modesty,4,90.0
114,sympathy,0,45.0
114,sympathy,1,45.0
114,sympathy,2,45.0
114,sympathy,3,45.0
114,sympathy,4,45.0
115,trust,0,75.0
115,trust,1,75.0
115,trust,2,70.0
115,trust,3,75.0
115,trust,4,75.0
115,altruism,0,65.0
115,altruism,1,65.0
115,altruism,2,65.0
115,altruism,3,65.0
115,altruism,4,65.0
115,cooperation,0,85.0
115,cooperation,1,85.0
115,cooperation,2,85.0
115,cooperation,3,85.0
115,cooperation,4,85.0
115,modesty,0,90.0
115,modesty,1,90.0
115,modesty,2,90.0
115,modesty,3,90.0
115,modesty,4,90.0
115,sympathy,0,45.0
115,sympathy,1,45.0
115,sympathy,2,45.0
115,sympathy,3,45.0
115,sympathy,4,45.0
116,trust,0,75.0
116,trust,1,75.0
116,trust,2,70.0
116,trust,3,75.0
116,trust,4,75.0
116,altruism,0,85.0
116,altruism,1,75.0
116,altruism,2,85.0
116,altruism,3,85.0
116,altruism,4,75.0
116,cooperation,0,85.0
116,cooperation,1,85.0
116,cooperation,2,85.0
116,cooperation,3,85.0
116,cooperation,4,85.0
116,modesty,0,65.0
116,modesty,1,65.0
116,modesty,2,65.0
116,modesty,3,65.0
116,modesty,4,65.0
116,sympathy,0,65.0
116,sympathy,1,65.0
116,sympathy,2,65.0
116,sympathy,3,65.0
116,sympathy,4,65.0
117,trust,0,85.0
117,trust,1,80.0
117,trust,2,85.0
117,trust,3,75.0
117,trust,4,85.0
117,altruism,0,90.0
117,altruism,1,90.0
117,altruism,2,90.0
117,altruism,3,90.0
117,altruism,4,90.0
117,cooperation,0,90.0
117,cooperation,1,90.0
117,cooperation,2,90.0
117,cooperation,3,90.0
117,cooperation,4,90.0
117,modesty,0,85.0
117,modesty,1,85.0
117,modesty,2,85.0
117,modesty,3,85.0
117,modesty,4,85.0
117,sympathy,0,90.0
117,sympathy,1,85.0
117,sympathy,2,90.0
117,sympathy,3,85.0
117,sympathy,4,90.0
118,trust,0,85.0
118,trust,1,85.0
118,trust,2,85.0
118,trust,3,85.0
118,trust,4,85.0
118,altruism,0,85.0
118,altruism,1,85.0
118,altruism,2,85.0
118,altruism,3,85.0
118,altruism,4,85.0
118,cooperation,0,85.0
118,cooperation,1,85.0
118,cooperation,2,85.0
118,cooperation,3,85.0
118,cooperation,4,85.0
118,modesty,0,65.0
118,modesty,1,45.0
118,modesty,2,45.0
118,modesty,3,45.0
118,modesty,4,45.0
118,sympathy,0,90.0
118,sympathy,1,90.0
118,sympathy,2,90.0
118,sympathy,3,90.0
118,sympathy,4,90.0
119,trust,0,60.0
119,trust,1,65.0
119,trust,2,65.0
119,trust,3,75.0
119,trust,4,65.0
119,altruism,0,65.0
119,altruism,1,75.0
119,altruism,2,75.0
119,altruism,3,75.0
119,altruism,4,65.0
119,cooperation,0,85.0
119,cooperation,1,85.0
119,cooperation,2,85.0
119,cooperation,3,85.0
119,cooperation,4,85.0
119,modesty,0,85.0
119,modesty,1,85.0
119,modesty,2,85.0
119,modesty,3,75.0
119,modesty,4,85.0
119,sympathy,0,45.0
119,sympathy,1,65.0
119,sympathy,2,65.0
119,sympathy,3,65.0
119,sympathy,4,65.0
120,trust,0,75.0
120,trust,1,75.0
120,trust,2,75.0
120,trust,3,75.0
120,trust,4,75.0
120,altruism,0,45.0
120,altruism,1,45.0
120,altruism,2,45.0
120,altruism,3,45.0
120,altruism,4,45.0
120,cooperation,0,75.0
120,cooperation,1,75.0
120,cooperation,2,75.0
120,cooperation,3,75.0
120,cooperation,4,85.0
120,modesty,0,75.0
120,modesty,1,75.0
120,modesty,2,65.0
120,modesty,3,75.0
120,modesty,4,75.0
120,sympathy,0,65.0
120,sympathy,1,65.0
120,sympathy,2,45.0
120,sympathy,3,65.0
120,sympathy,4,45.0
121,trust,0,75.0
121,trust,1,65.0
121,trust,2,75.0
121,trust,3,75.0
121,trust,4,75.0
121,altruism,0,85.0
121,altruism,1,75.0
121,altruism,2,75.0
121,altruism,3,75.0
121,altruism,4,85.0
121,cooperation,0,85.0
121,cooperation,1,85.0
121,cooperation,2,85.0
121,cooperation,3,85.0
121,cooperation,4,85.0
121,modesty,0,75.0
121,modesty,1,75.0
121,modesty,2,85.0
121,modesty,3,75.0
121,modesty,4,85.0
121,sympathy,0,85.0
121,sympathy,1,85.0
121,sympathy,2,75.0
121,sympathy,3,85.0
121,sympathy,4,75.0
122,trust,0,65.0
122,trust,1,65.0
122,trust,2,65.0
122,trust,3,75.0
122,trust,4,65.0
122,altruism,0,45.0
122,altruism,1,45.0
122,altruism,2,45.0
122,altruism,3,45.0
122,altruism,4,45.0
122,cooperation,0,85.0
122,cooperation,1,85.0
122,cooperation,2,85.0
122,cooperation,3,85.0
122,cooperation,4,85.0
122,modesty,0,85.0
122,modesty,1,75.0
122,modesty,2,65.0
122,modesty,3,65.0
122,modesty,4,65.0
122,sympathy,0,65.0
122,sympathy,1,65.0
122,sympathy,2,75.0
122,sympathy,3,65.0
122,sympathy,4,65.0
123,trust,0,65.0
123,trust,1,65.0
123,trust,2,65.0
123,trust,3,65.0
123,trust,4,65.0
123,altruism,0,45.0
123,altruism,1,45.0
123,altruism,2,45.0
123,altruism,3,55.0
123,altruism,4,45.0
123,cooperation,0,75.0
123,cooperation,1,80.0
123,cooperation,2,85.0
123,cooperation,3,85.0
123,cooperation,4,75.0
123,modesty,0,65.0
123,modesty,1,65.0
123,modesty,2,65.0
123,modesty,3,65.0
123,modesty,4,65.0
123,sympathy,0,65.0
123,sympathy,1,45.0
123,sympathy,2,45.0
123,sympathy,3,45.0
123,sympathy,4,65.0
124,trust,0,75.0
124,trust,1,65.0
124,trust,2,70.0
124,trust,3,75.0
124,trust,4,75.0
124,altruism,0,65.0
124,altruism,1,65.0
124,altruism,2,65.0
124,altruism,3,65.0
124,altruism,4,65.0
124,cooperation,0,85.0
124,cooperation,1,85.0
124,cooperation,2,85.0
124,cooperation,3,85.0
124,cooperation,4,85.0
124,modesty,0,75.0
124,modesty,1,75.0
124,modesty,2,75.0
124,modesty,3,75.0
124,modesty,4,75.0
124,sympathy,0,65.0
124,sympathy,1,75.0
124,sympathy,2,75.0
124,sympathy,3,65.0
124,sympathy,4,65.0
125,trust,0,45.0
125,trust,1,65.0
125,trust,2,65.0
125,trust,3,65.0
125,trust,4,65.0
125,altruism,0,65.0
125,altruism,1,75.0
125,altruism,2,65.0
125,altruism,3,75.0
125,altruism,4,65.0
125,cooperation,0,85.0
125,cooperation,1,75.0
125,cooperation,2,75.0
125,cooperation,3,75.0
125,cooperation,4,75.0
125,modesty,0,85.0
125,modesty,1,90.0
125,modesty,2,85.0
125,modesty,3,85.0
125,modesty,4,85.0
125,sympathy,0,75.0
125,sympathy,1,70.0
125,sympathy,2,65.0
125,sympathy,3,65.0
125,sympathy,4,65.0
126,trust,0,45.0
126,trust,1,65.0
126,trust,2,65.0
126,trust,3,65.0
126,trust,4,65.0
126,altruism,0,65.0
126,altruism,1,65.0
126,altruism,2,65.0
126,altruism,3,65.0
126,altruism,4,70.0
126,cooperation,0,85.0
126,cooperation,1,90.0
126,cooperation,2,85.0
126,cooperation,3,85.0
126,cooperation,4,85.0
126,modesty,0,75.0
126,modesty,1,65.0
126,modesty,2,75.0
126,modesty,3,65.0
126,modesty,4,65.0
126,sympathy,0,75.0
126,sympathy,1,70.0
126,sympathy,2,75.0
126,sympathy,3,70.0
126,sympathy,4,75.0
127,trust,0,65.0
127,trust,1,65.0
127,trust,2,65.0
127,trust,3,65.0
127,trust,4,65.0
127,altruism,0,85.0
127,altruism,1,75.0
127,altruism,2,75.0
127,altruism,3,75.0
127,altruism,4,75.0
127,cooperation,0,85.0
127,cooperation,1,85.0
127,cooperation,2,85.0
127,cooperation,3,85.0
127,cooperation,4,85.0
127,modesty,0,85.0
127,modesty,1,85.0
127,modesty,2,85.0
127,modesty,3,85.0
127,modesty,4,85.0
127,sympathy,0,65.0
127,sympathy,1,65.0
127,sympathy,2,65.0
127,sympathy,3,65.0
127,sympathy,4,65.0
128,trust,0,85.0
128,trust,1,85.0
128,trust,2,85.0
128,trust,3,75.0
128,trust,4,85.0
128,altruism,0,75.0
128,altruism,1,75.0
128,altruism,2,75.0
128,altruism,3,75.0
128,altruism,4,75.0
128,cooperation,0,75.0
128,cooperation,1,65.0
128,cooperation,2,75.0
128,cooperation,3,85.0
128,cooperation,4,85.0
128,modesty,0,65.0
128,modesty,1,65.0
128,modesty,2,65.0
128,modesty,3,65.0
128,modesty,4,65.0
128,sympathy,0,85.0
128,sympathy,1,85.0
128,sympathy,2,85.0
128,sympathy,3,85.0
128,sympathy,4,85.0
129,trust,0,75.0
129,trust,1,75.0
129,trust,2,75.0
129,trust,3,75.0
129,trust,4,75.0
129,altruism,0,90.0
129,altruism,1,90.0
129,altruism,2,90.0
129,altruism,3,90.0
129,altruism,4,90.0
129,cooperation,0,85.0
129,cooperation,1,85.0
129,cooperation,2,85.0
129,cooperation,3,90.0
129,cooperation,4,85.0
129,modesty,0,65.0
129,modesty,1,65.0
129,modesty,2,65.0
129,modesty,3,65.0
129,modesty,4,65.0
129,sympathy,0,90.0
129,sympathy,1,90.0
129,sympathy,2,90.0
129,sympathy,3,90.0
129,sympathy,4,90.0
130,trust,0,75.0
130,trust,1,75.0
130,trust,2,75.0
130,trust,3,75.0
130,trust,4,75.0
130,altruism,0,85.0
130,altruism,1,85.0
130,altruism,2,85.0
130,altruism,3,85.0
130,altruism,4,90.0
130,cooperation,0,85.0
130,cooperation,1,85.0
130,cooperation,2,85.0
130,cooperation,3,85.0
130,cooperation,4,85.0
130,modesty,0,85.0
130,modesty,1,85.0
130,modesty,2,85.0
130,modesty,3,85.0
130,modesty,4,85.0
130,sympathy,0,75.0
130,sympathy,1,85.0
130,sympathy,2,75.0
130,sympathy,3,85.0
130,sympathy,4,75.0
131,trust,0,85.0
131,trust,1,85.0
131,trust,2,85.0
131,trust,3,85.0
131,trust,4,85.0
131,altruism,0,90.0
131,altruism,1,90.0
131,altruism,2,90.0
131,altruism,3,90.0
131,altruism,4,90.0
131,cooperation,0,85.0
131,cooperation,1,85.0
131,cooperation,2,85.0
131,cooperation,3,85.0
131,cooperation,4,85.0
131,modesty,0,65.0
131,modesty,1,65.0
131,modesty,2,65.0
131,modesty,3,70.0
131,modesty,4,65.0
131,sympathy,0,90.0
131,sympathy,1,90.0
131,sympathy,2,90.0
131,sympathy,3,90.0
131,sympathy,4,90.0
132,trust,0,75.0
132,trust,1,75.0
132,trust,2,75.0
132,trust,3,75.0
132,trust,4,75.0
132,altruism,0,85.0
132,altruism,1,85.0
132,altruism,2,85.0
132,altruism,3,85.0
132,altruism,4,85.0
132,cooperation,0,85.0
132,cooperation,1,90.0
132,cooperation,2,90.0
132,cooperation,3,90.0
132,cooperation,4,90.0
132,modesty,0,75.0
132,modesty,1,75.0
132,modesty,2,65.0
132,modesty,3,65.0
132,modesty,4,75.0
132,sympathy,0,75.0
132,sympathy,1,75.0
132,sympathy,2,85.0
132,sympathy,3,85.0
132,sympathy,4,85.0
133,trust,0,75.0
133,trust,1,75.0
133,trust,2,75.0
133,trust,3,75.0
133,trust,4,75.0
133,altruism,0,75.0
133,altruism,1,75.0
133,altruism,2,75.0
133,altruism,3,65.0
133,altruism,4,75.0
133,cooperation,0,85.0
133,cooperation,1,85.0
133,cooperation,2,90.0
133,cooperation,3,85.0
133,cooperation,4,85.0
133,modesty,0,75.0
133,modesty,1,85.0
133,modesty,2,75.0
133,modesty,3,70.0
133,modesty,4,75.0
133,sympathy,0,45.0
133,sympathy,1,45.0
133,sympathy,2,45.0
133,sympathy,3,45.0
133,sympathy,4,45.0
134,trust,0,75.0
134,trust,1,75.0
134,trust,2,65.0
134,trust,3,65.0
134,trust,4,70.0
134,altruism,0,45.0
134,altruism,1,45.0
134,altruism,2,45.0
134,altruism,3,45.0
134,altruism,4,45.0
134,cooperation,0,85.0
134,cooperation,1,85.0
134,cooperation,2,85.0
134,cooperation,3,85.0
134,cooperation,4,85.0
134,modesty,0,75.0
134,modesty,1,65.0
134,modesty,2,75.0
134,modesty,3,75.0
134,modesty,4,65.0
134,sympathy,0,65.0
134,sympathy,1,65.0
134,sympathy,2,65.0
134,sympathy,3,65.0
134,sympathy,4,65.0
135,trust,0,75.0
135,trust,1,85.0
135,trust,2,75.0
135,trust,3,85.0
135,trust,4,75.0
135,altruism,0,85.0
135,altruism,1,85.0
135,altruism,2,85.0
135,altruism,3,85.0
135,altruism,4,85.0
135,cooperation,0,85.0
135,cooperation,1,90.0
135,cooperation,2,90.0
135,cooperation,3,85.0
135,cooperation,4,90.0
135,modesty,0,75.0
135,modesty,1,85.0
135,modesty,2,75.0
135,modesty,3,75.0
135,modesty,4,75.0
135,sympathy,0,75.0
135,sympathy,1,75.0
135,sympathy,2,75.0
135,sympathy,3,75.0
135,sympathy,4,75.0
136,trust,0,75.0
136,trust,1,75.0
136,trust,2,75.0
136,trust,3,75.0
136,trust,4,75.0
136,altruism,0,75.0
136,altruism,1,75.0
136,altruism,2,75.0
136,altruism,3,75.0
136,altruism,4,75.0
136,cooperation,0,90.0
136,cooperation,1,85.0
136,cooperation,2,85.0
136,cooperation,3,85.0
136,cooperation,4,85.0
136,modesty,0,75.0
136,modesty,1,75.0
136,modesty,2,75.0
136,modesty,3,85.0
136,modesty,4,75.0
136,sympathy,0,75.0
136,sympathy,1,75.0
136,sympathy,2,75.0
136,sympathy,3,75.0
136,sympathy,4,85.0
137,trust,0,70.0
137,trust,1,75.0
137,trust,2,75.0
137,trust,3,75.0
137,trust,4,75.0
137,altruism,0,85.0
137,altruism,1,85.0
137,altruism,2,85.0
137,altruism,3,85.0
137,altruism,4,85.0
137,cooperation,0,85.0
137,cooperation,1,85.0
137,cooperation,2,85.0
137,cooperation,3,85.0
137,cooperation,4,85.0
137,modesty,0,85.0
137,modesty,1,85.0
137,modesty,2,85.0
137,modesty,3,85.0
137,modesty,4,85.0
137,sympathy,0,75.0
137,sympathy,1,85.0
137,sympathy,2,85.0
137,sympathy,3,75.0
137,sympathy,4,85.0
138,trust,0,80.0
138,trust,1,75.0
138,trust,2,75.0
138,trust,3,80.0
138,trust,4,75.0
138,altruism,0,90.0
138,altruism,1,90.0
138,altruism,2,85.0
138,altruism,3,85.0
138,altruism,4,85.0
138,cooperation,0,85.0
138,cooperation,1,85.0
138,cooperation,2,85.0
138,cooperation,3,85.0
138,cooperation,4,85.0
138,modesty,0,75.0
138,modesty,1,65.0
138,modesty,2,65.0
138,modesty,3,75.0
138,modesty,4,65.0
138,sympathy,0,85.0
138,sympathy,1,85.0
138,sympathy,2,85.0
138,sympathy,3,85.0
138,sympathy,4,85.0
139,trust,0,65.0
139,trust,1,65.0
139,trust,2,65.0
139,trust,3,65.0
139,trust,4,65.0
139,altruism,0,65.0
139,altruism,1,65.0
139,altruism,2,65.0
139,altruism,3,65.0
139,altruism,4,65.0
139,cooperation,0,85.0
139,cooperation,1,85.0
139,cooperation,2,80.0
139,cooperation,3,85.0
139,cooperation,4,85.0
139,modesty,0,65.0
139,modesty,1,65.0
139,modesty,2,65.0
139,modesty,3,55.0
139,modesty,4,65.0
139,sympathy,0,45.0
139,sympathy,1,45.0
139,sympathy,2,45.0
139,sympathy,3,45.0
139,sympathy,4,45.0
140,trust,0,45.0
140,trust,1,40.0
140,trust,2,40.0
140,trust,3,45.0
140,trust,4,40.0
140,altruism,0,40.0
140,altruism,1,40.0
140,altruism,2,40.0
140,altruism,3,40.0
140,altruism,4,40.0
140,cooperation,0,65.0
140,cooperation,1,65.0
140,cooperation,2,65.0
140,cooperation,3,65.0
140,cooperation,4,65.0
140,modesty,0,65.0
140,modesty,1,65.0
140,modesty,2,70.0
140,modesty,3,70.0
140,modesty,4,65.0
140,sympathy,0,65.0
140,sympathy,1,45.0
140,sympathy,2,45.0
140,sympathy,3,45.0
140,sympathy,4,45.0
141,trust,0,65.0
141,trust,1,65.0
141,trust,2,65.0
141,trust,3,65.0
141,trust,4,65.0
141,altruism,0,75.0
141,altruism,1,65.0
141,altruism,2,75.0
141,altruism,3,70.0
141,altruism,4,65.0
141,cooperation,0,75.0
141,cooperation,1,75.0
141,cooperation,2,65.0
141,cooperation,3,65.0
141,cooperation,4,85.0
141,modesty,0,65.0
141,modesty,1,65.0
141,modesty,2,55.0
141,modesty,3,65.0
141,modesty,4,55.0
141,sympathy,0,45.0
141,sympathy,1,45.0
141,sympathy,2,45.0
141,sympathy,3,45.0
141,sympathy,4,45.0
142,trust,0,65.0
142,trust,1,75.0
142,trust,2,75.0
142,trust,3,70.0
142,trust,4,65.0
142,altruism,0,30.0
142,altruism,1,30.0
142,altruism,2,25.0
142,altruism,3,30.0
142,altruism,4,30.0
142,cooperation,0,45.0
142,cooperation,1,45.0
142,cooperation,2,45.0
142,cooperation,3,65.0
142,cooperation,4,65.0
142,modesty,0,65.0
142,modesty,1,65.0
142,modesty,2,65.0
142,modesty,3,65.0
142,modesty,4,65.0
142,sympathy,0,65.0
142,sympathy,1,65.0
142,sympathy,2,65.0
142,sympathy,3,65.0
142,sympathy,4,65.0
143,trust,0,75.0
143,trust,1,75.0
143,trust,2,75.0
143,trust,3,75.0
143,trust,4,75.0
143,altruism,0,75.0
143,altruism,1,75.0
143,altruism,2,75.0
143,altruism,3,75.0
143,altruism,4,75.0
143,cooperation,0,85.0
143,cooperation,1,90.0
143,cooperation,2,85.0
143,cooperation,3,85.0
143,cooperation,4,90.0
143,modesty,0,65.0
143,modesty,1,65.0
143,modesty,2,65.0
143,modesty,3,75.0
143,modesty,4,65.0
143,sympathy,0,65.0
143,sympathy,1,65.0
143,sympathy,2,65.0
143,sympathy,3,65.0
143,sympathy,4,65.0
144,trust,0,65.0
144,trust,1,65.0
144,trust,2,65.0
144,trust,3,65.0
144,trust,4,65.0
144,altruism,0,70.0
144,altruism,1,75.0
144,altruism,2,65.0
144,altruism,3,65.0
144,altruism,4,70.0
144,cooperation,0,65.0
144,cooperation,1,65.0
144,cooperation,2,65.0
144,cooperation,3,45.0
144,cooperation,4,65.0
144,modesty,0,65.0
144,modesty,1,60.0
144,modesty,2,65.0
144,modesty,3,45.0
144,modesty,4,65.0
144,sympathy,0,45.0
144,sympathy,1,45.0
144,sympathy,2,45.0
144,sympathy,3,45.0
144,sympathy,4,45.0
145,trust,0,65.0
145,trust,1,65.0
145,trust,2,65.0
145,trust,3,65.0
145,trust,4,60.0
145,altruism,0,70.0
145,altruism,1,65.0
145,altruism,2,75.0
145,altruism,3,75.0
145,altruism,4,75.0
145,cooperation,0,85.0
145,cooperation,1,85.0
145,cooperation,2,85.0
145,cooperation,3,85.0
145,cooperation,4,85.0
145,modesty,0,85.0
145,modesty,1,85.0
145,modesty,2,75.0
145,modesty,3,75.0
145,modesty,4,85.0
145,sympathy,0,65.0
145,sympathy,1,70.0
145,sympathy,2,65.0
145,sympathy,3,65.0
145,sympathy,4,65.0
146,trust,0,70.0
146,trust,1,75.0
146,trust,2,70.0
146,trust,3,70.0
146,trust,4,70.0
146,altruism,0,85.0
146,altruism,1,85.0
146,altruism,2,85.0
146,altruism,3,85.0
146,altruism,4,85.0
146,cooperation,0,85.0
146,cooperation,1,85.0
146,cooperation,2,85.0
146,cooperation,3,85.0
146,cooperation,4,85.0
146,modesty,0,65.0
146,modesty,1,65.0
146,modesty,2,65.0
146,modesty,3,65.0
146,modesty,4,65.0
146,sympathy,0,85.0
146,sympathy,1,75.0
146,sympathy,2,75.0
146,sympathy,3,85.0
146,sympathy,4,75.0
147,trust,0,85.0
147,trust,1,85.0
147,trust,2,85.0
147,trust,3,85.0
147,trust,4,85.0
147,altruism,0,95.0
147,altruism,1,95.0
147,altruism,2,95.0
147,altruism,3,95.0
147,altruism,4,95.0
147,cooperation,0,85.0
147,cooperation,1,85.0
147,cooperation,2,85.0
147,cooperation,3,75.0
147,cooperation,4,75.0
147,modesty,0,45.0
147,modesty,1,65.0
147,modesty,2,65.0
147,modesty,3,45.0
147,modesty,4,45.0
147,sympathy,0,95.0
147,sympathy,1,95.0
147,sympathy,2,95.0
147,sympathy,3,95.0
147,sympathy,4,95.0
148,trust,0,85.0
148,trust,1,85.0
148,trust,2,75.0
148,trust,3,85.0
148,trust,4,85.0
148,altruism,0,85.0
148,altruism,1,85.0
148,altruism,2,85.0
148,altruism,3,85.0
148,altruism,4,85.0
148,cooperation,0,90.0
148,cooperation,1,90.0
148,cooperation,2,90.0
148,cooperation,3,90.0
148,cooperation,4,90.0
148,modesty,0,75.0
148,modesty,1,75.0
148,modesty,2,75.0
148,modesty,3,75.0
148,modesty,4,75.0
148,sympathy,0,90.0
148,sympathy,1,90.0
148,sympathy,2,90.0
148,sympathy,3,90.0
148,sympathy,4,90.0
149,trust,0,65.0
149,trust,1,45.0
149,trust,2,65.0
149,trust,3,65.0
149,trust,4,65.0
149,altruism,0,45.0
149,altruism,1,45.0
149,altruism,2,65.0
149,altruism,3,45.0
149,altruism,4,45.0
149,cooperation,0,85.0
149,cooperation,1,75.0
149,cooperation,2,85.0
149,cooperation,3,85.0
149,cooperation,4,85.0
149,modesty,0,65.0
149,modesty,1,65.0
149,modesty,2,65.0
149,modesty,3,65.0
149,modesty,4,65.0
149,sympathy,0,45.0
149,sympathy,1,45.0
149,sympathy,2,45.0
149,sympathy,3,45.0
149,sympathy,4,45.0
150,trust,0,75.0
150,trust,1,75.0
150,trust,2,75.0
150,trust,3,75.0
150,trust,4,75.0
150,altruism,0,65.0
150,altruism,1,65.0
150,altruism,2,65.0
150,altruism,3,65.0
150,altruism,4,65.0
150,cooperation,0,75.0
150,cooperation,1,75.0
150,cooperation,2,85.0
150,cooperation,3,85.0
150,cooperation,4,75.0
150,modesty,0,75.0
150,modesty,1,85.0
150,modesty,2,75.0
150,modesty,3,75.0
150,modesty,4,75.0
150,sympathy,0,65.0
150,sympathy,1,65.0
150,sympathy,2,65.0
150,sympathy,3,65.0
150,sympathy,4,65.0
151,trust,0,45.0
151,trust,1,45.0
151,trust,2,45.0
151,trust,3,45.0
151,trust,4,45.0
151,altruism,0,30.0
151,altruism,1,30.0
151,altruism,2,30.0
151,altruism,3,30.0
151,altruism,4,30.0
151,cooperation,0,45.0
151,cooperation,1,70.0
151,cooperation,2,65.0
151,cooperation,3,65.0
151,cooperation,4,65.0
151,modesty,0,75.0
151,modesty,1,85.0
151,modesty,2,85.0
151,modesty,3,85.0
151,modesty,4,85.0
151,sympathy,0,45.0
151,sympathy,1,45.0
151,sympathy,2,45.0
151,sympathy,3,45.0
151,sympathy,4,45.0
152,trust,0,65.0
152,trust,1,65.0
152,trust,2,65.0
152,trust,3,65.0
152,trust,4,65.0
152,altruism,0,65.0
152,altruism,1,65.0
152,altruism,2,65.0
152,altruism,3,65.0
152,altruism,4,45.0
152,cooperation,0,75.0
152,cooperation,1,85.0
152,cooperation,2,85.0
152,cooperation,3,85.0
152,cooperation,4,85.0
152,modesty,0,85.0
152,modesty,1,90.0
152,modesty,2,85.0
152,modesty,3,90.0
152,modesty,4,90.0
152,sympathy,0,65.0
152,sympathy,1,65.0
152,sympathy,2,65.0
152,sympathy,3,65.0
152,sympathy,4,65.0
153,trust,0,75.0
153,trust,1,75.0
153,trust,2,75.0
153,trust,3,75.0
153,trust,4,75.0
153,altruism,0,45.0
153,altruism,1,65.0
153,altruism,2,45.0
153,altruism,3,45.0
153,altruism,4,45.0
153,cooperation,0,85.0
153,cooperation,1,90.0
153,cooperation,2,90.0
153,cooperation,3,85.0
153,cooperation,4,85.0
153,modesty,0,90.0
153,modesty,1,90.0
153,modesty,2,90.0
153,modesty,3,90.0
153,modesty,4,90.0
153,sympathy,0,75.0
153,sympathy,1,85.0
153,sympathy,2,65.0
153,sympathy,3,75.0
153,sympathy,4,75.0
154,trust,0,70.0
154,trust,1,70.0
154,trust,2,70.0
154,trust,3,65.0
154,trust,4,75.0
154,altruism,0,65.0
154,altruism,1,45.0
154,altruism,2,45.0
154,altruism,3,45.0
154,altruism,4,45.0
154,cooperation,0,85.0
154,cooperation,1,85.0
154,cooperation,2,85.0
154,cooperation,3,80.0
154,cooperation,4,85.0
154,modesty,0,85.0
154,modesty,1,85.0
154,modesty,2,85.0
154,modesty,3,85.0
154,modesty,4,85.0
154,sympathy,0,85.0
154,sympathy,1,85.0
154,sympathy,2,85.0
154,sympathy,3,85.0
154,sympathy,4,85.0
155,trust,0,65.0
155,trust,1,65.0
155,trust,2,65.0
155,trust,3,65.0
155,trust,4,65.0
155,altruism,0,65.0
155,altruism,1,65.0
155,altruism,2,65.0
155,altruism,3,65.0
155,altruism,4,65.0
155,cooperation,0,75.0
155,cooperation,1,85.0
155,cooperation,2,75.0
155,cooperation,3,85.0
155,cooperation,4,75.0
155,modesty,0,75.0
155,modesty,1,75.0
155,modesty,2,85.0
155,modesty,3,85.0
155,modesty,4,85.0
155,sympathy,0,75.0
155,sympathy,1,75.0
155,sympathy,2,75.0
155,sympathy,3,75.0
155,sympathy,4,75.0
156,trust,0,45.0
156,trust,1,45.0
156,trust,2,45.0
156,trust,3,45.0
156,trust,4,45.0
156,altruism,0,45.0
156,altruism,1,45.0
156,altruism,2,45.0
156,altruism,3,45.0
156,altruism,4,45.0
156,cooperation,0,85.0
156,cooperation,1,85.0
156,cooperation,2,85.0
156,cooperation,3,85.0
156,cooperation,4,85.0
156,modesty,0,85.0
156,modesty,1,85.0
156,modesty,2,85.0
156,modesty,3,90.0
156,modesty,4,85.0
156,sympathy,0,65.0
156,sympathy,1,65.0
156,sympathy,2,65.0
156,sympathy,3,65.0
156,sympathy,4,70.0
157,trust,0,65.0
157,trust,1,70.0
157,trust,2,75.0
157,trust,3,75.0
157,trust,4,75.0
157,altruism,0,85.0
157,altruism,1,90.0
157,altruism,2,85.0
157,altruism,3,85.0
157,altruism,4,85.0
157,cooperation,0,85.0
157,cooperation,1,85.0
157,cooperation,2,85.0
157,cooperation,3,85.0
157,cooperation,4,85.0
157,modesty,0,85.0
157,modesty,1,85.0
157,modesty,2,85.0
157,modesty,3,85.0
157,modesty,4,85.0
157,sympathy,0,85.0
157,sympathy,1,85.0
157,sympathy,2,85.0
157,sympathy,3,85.0
157,sympathy,4,85.0
158,trust,0,75.0
158,trust,1,75.0
158,trust,2,75.0
158,trust,3,75.0
158,trust,4,75.0
158,altruism,0,65.0
158,altruism,1,65.0
158,altruism,2,65.0
158,altruism,3,65.0
158,altruism,4,65.0
158,cooperation,0,85.0
158,cooperation,1,85.0
158,cooperation,2,85.0
158,cooperation,3,85.0
158,cooperation,4,85.0
158,modesty,0,75.0
158,modesty,1,65.0
158,modesty,2,75.0
158,modesty,3,75.0
158,modesty,4,75.0
158,sympathy,0,85.0
158,sympathy,1,85.0
158,sympathy,2,85.0
158,sympathy,3,85.0
158,sympathy,4,85.0
159,trust,0,75.0
159,trust,1,75.0
159,trust,2,75.0
159,trust,3,75.0
159,trust,4,75.0
159,altruism,0,90.0
159,altruism,1,90.0
159,altruism,2,90.0
159,altruism,3,90.0
159,altruism,4,90.0
159,cooperation,0,85.0
159,cooperation,1,85.0
159,cooperation,2,85.0
159,cooperation,3,85.0
159,cooperation,4,85.0
159,modesty,0,85.0
159,modesty,1,85.0
159,modesty,2,85.0
159,modesty,3,85.0
159,modesty,4,85.0
159,sympathy,0,90.0
159,sympathy,1,90.0
159,sympathy,2,90.0
159,sympathy,3,90.0
159,sympathy,4,90.0
160,trust,0,65.0
160,trust,1,65.0
160,trust,2,65.0
160,trust,3,65.0
160,trust,4,65.0
160,altruism,0,90.0
160,altruism,1,90.0
160,altruism,2,90.0
160,altruism,3,90.0
160,altruism,4,90.0
160,cooperation,0,90.0
160,cooperation,1,85.0
160,cooperation,2,90.0
160,cooperation,3,85.0
160,cooperation,4,90.0
160,modesty,0,85.0
160,modesty,1,85.0
160,modesty,2,85.0
160,modesty,3,85.0
160,modesty,4,85.0
160,sympathy,0,85.0
160,sympathy,1,85.0
160,sympathy,2,90.0
160,sympathy,3,85.0
160,sympathy,4,90.0
161,trust,0,85.0
161,trust,1,85.0
161,trust,2,85.0
161,trust,3,85.0
161,trust,4,85.0
161,altruism,0,90.0
161,altruism,1,90.0
161,altruism,2,95.0
161,altruism,3,90.0
161,altruism,4,95.0
161,cooperation,0,85.0
161,cooperation,1,90.0
161,cooperation,2,90.0
161,cooperation,3,90.0
161,cooperation,4,85.0
161,modesty,0,85.0
161,modesty,1,85.0
161,modesty,2,85.0
161,modesty,3,90.0
161,modesty,4,90.0
161,sympathy,0,90.0
161,sympathy,1,90.0
161,sympathy,2,90.0
161,sympathy,3,90.0
161,sympathy,4,90.0
162,trust,0,75.0
162,trust,1,75.0
162,trust,2,75.0
162,trust,3,75.0
162,trust,4,75.0
162,altruism,0,85.0
162,altruism,1,85.0
162,altruism,2,85.0
162,altruism,3,85.0
162,altruism,4,85.0
162,cooperation,0,85.0
162,cooperation,1,90.0
162,cooperation,2,90.0
162,cooperation,3,90.0
162,cooperation,4,90.0
162,modesty,0,90.0
162,modesty,1,90.0
162,modesty,2,90.0
162,modesty,3,90.0
162,modesty,4,90.0
162,sympathy,0,85.0
162,sympathy,1,85.0
162,sympathy,2,75.0
162,sympathy,3,75.0
162,sympathy,4,75.0
163,trust,0,65.0
163,trust,1,65.0
163,trust,2,65.0
163,trust,3,65.0
163,trust,4,65.0
163,altruism,0,65.0
163,altruism,1,65.0
163,altruism,2,65.0
163,altruism,3,45.0
163,altruism,4,65.0
163,cooperation,0,85.0
163,cooperation,1,85.0
163,cooperation,2,85.0
163,cooperation,3,85.0
163,cooperation,4,85.0
163,modesty,0,85.0
163,modesty,1,85.0
163,modesty,2,85.0
163,modesty,3,85.0
163,modesty,4,85.0
163,sympathy,0,45.0
163,sympathy,1,45.0
163,sympathy,2,45.0
163,sympathy,3,45.0
163,sympathy,4,45.0
164,trust,0,45.0
164,trust,1,45.0
164,trust,2,45.0
164,trust,3,45.0
164,trust,4,45.0
164,altruism,0,65.0
164,altruism,1,65.0
164,altruism,2,65.0
164,altruism,3,65.0
164,altruism,4,65.0
164,cooperation,0,75.0
164,cooperation,1,85.0
164,cooperation,2,85.0
164,cooperation,3,75.0
164,cooperation,4,85.0
164,modesty,0,85.0
164,modesty,1,85.0
164,modesty,2,85.0
164,modesty,3,85.0
164,modesty,4,75.0
164,sympathy,0,75.0
164,sympathy,1,75.0
164,sympathy,2,75.0
164,sympathy,3,75.0
164,sympathy,4,75.0
165,trust,0,85.0
165,trust,1,80.0
165,trust,2,85.0
165,trust,3,75.0
165,trust,4,75.0
165,altruism,0,90.0
165,altruism,1,85.0
165,altruism,2,85.0
165,altruism,3,85.0
165,altruism,4,90.0
165,cooperation,0,85.0
165,cooperation,1,85.0
165,cooperation,2,85.0
165,cooperation,3,85.0
165,cooperation,4,85.0
165,modesty,0,65.0
165,modesty,1,75.0
165,modesty,2,65.0
165,modesty,3,65.0
165,modesty,4,65.0
165,sympathy,0,85.0
165,sympathy,1,85.0
165,sympathy,2,85.0
165,sympathy,3,85.0
165,sympathy,4,85.0
166,trust,0,75.0
166,trust,1,75.0
166,trust,2,75.0
166,trust,3,75.0
166,trust,4,75.0
166,altruism,0,75.0
166,altruism,1,75.0
166,altruism,2,75.0
166,altruism,3,75.0
166,altruism,4,75.0
166,cooperation,0,85.0
166,cooperation,1,85.0
166,cooperation,2,90.0
166,cooperation,3,85.0
166,cooperation,4,85.0
166,modesty,0,90.0
166,modesty,1,90.0
166,modesty,2,90.0
166,modesty,3,90.0
166,modesty,4,90.0
166,sympathy,0,85.0
166,sympathy,1,90.0
166,sympathy,2,90.0
166,sympathy,3,85.0
166,sympathy,4,90.0
167,trust,0,85.0
167,trust,1,85.0
167,trust,2,85.0
167,trust,3,85.0
167,trust,4,85.0
167,altruism,0,90.0
167,altruism,1,90.0
167,altruism,2,90.0
167,altruism,3,90.0
167,altruism,4,90.0
167,cooperation,0,95.0
167,cooperation,1,85.0
167,cooperation,2,85.0
167,cooperation,3,85.0
167,cooperation,4,90.0
167,modesty,0,90.0
167,modesty,1,90.0
167,modesty,2,90.0
167,modesty,3,90.0
167,modesty,4,90.0
167,sympathy,0,90.0
167,sympathy,1,90.0
167,sympathy,2,95.0
167,sympathy,3,90.0
167,sympathy,4,90.0
168,trust,0,65.0
168,trust,1,65.0
168,trust,2,75.0
168,trust,3,70.0
168,trust,4,70.0
168,altruism,0,85.0
168,altruism,1,85.0
168,altruism,2,85.0
168,altruism,3,85.0
168,altruism,4,85.0
168,cooperation,0,85.0
168,cooperation,1,85.0
168,cooperation,2,85.0
168,cooperation,3,85.0
168,cooperation,4,85.0
168,modesty,0,90.0
168,modesty,1,90.0
168,modesty,2,90.0
168,modesty,3,85.0
168,modesty,4,90.0
168,sympathy,0,85.0
168,sympathy,1,85.0
168,sympathy,2,85.0
168,sympathy,3,85.0
168,sympathy,4,85.0
169,trust,0,65.0
169,trust,1,55.0
169,trust,2,45.0
169,trust,3,45.0
169,trust,4,45.0
169,altruism,0,45.0
169,altruism,1,45.0
169,altruism,2,45.0
169,altruism,3,45.0
169,altruism,4,45.0
169,cooperation,0,75.0
169,cooperation,1,75.0
169,cooperation,2,75.0
169,cooperation,3,75.0
169,cooperation,4,75.0
169,modesty,0,85.0
169,modesty,1,85.0
169,modesty,2,85.0
169,modesty,3,85.0
169,modesty,4,85.0
169,sympathy,0,65.0
169,sympathy,1,65.0
169,sympathy,2,65.0
169,sympathy,3,65.0
169,sympathy,4,45.0
170,trust,0,40.0
170,trust,1,40.0
170,trust,2,40.0
170,trust,3,40.0
170,trust,4,40.0
170,altruism,0,45.0
170,altruism,1,45.0
170,altruism,2,40.0
170,altruism,3,40.0
170,altruism,4,40.0
170,cooperation,0,75.0
170,cooperation,1,65.0
170,cooperation,2,65.0
170,cooperation,3,75.0
170,cooperation,4,75.0
170,modesty,0,85.0
170,modesty,1,85.0
170,modesty,2,85.0
170,modesty,3,85.0
170,modesty,4,85.0
170,sympathy,0,45.0
170,sympathy,1,45.0
170,sympathy,2,45.0
170,sympathy,3,65.0
170,sympathy,4,45.0
171,trust,0,65.0
171,trust,1,65.0
171,trust,2,65.0
171,trust,3,65.0
171,trust,4,60.0
171,altruism,0,65.0
171,altruism,1,65.0
171,altruism,2,65.0
171,altruism,3,65.0
171,altruism,4,65.0
171,cooperation,0,65.0
171,cooperation,1,65.0
171,cooperation,2,65.0
171,cooperation,3,65.0
171,cooperation,4,65.0
171,modesty,0,45.0
171,modesty,1,65.0
171,modesty,2,45.0
171,modesty,3,45.0
171,modesty,4,45.0
171,sympathy,0,45.0
171,sympathy,1,45.0
171,sympathy,2,45.0
171,sympathy,3,45.0
171,sympathy,4,45.0
172,trust,0,60.0
172,trust,1,60.0
172,trust,2,45.0
172,trust,3,60.0
172,trust,4,60.0
172,altruism,0,40.0
172,altruism,1,40.0
172,altruism,2,45.0
172,altruism,3,40.0
172,altruism,4,45.0
172,cooperation,0,85.0
172,cooperation,1,85.0
172,cooperation,2,85.0
172,cooperation,3,85.0
172,cooperation,4,85.0
172,modesty,0,85.0
172,modesty,1,85.0
172,modesty,2,85.0
172,modesty,3,85.0
172,modesty,4,85.0
172,sympathy,0,65.0
172,sympathy,1,75.0
172,sympathy,2,75.0
172,sympathy,3,75.0
172,sympathy,4,75.0
173,trust,0,65.0
173,trust,1,45.0
173,trust,2,45.0
173,trust,3,45.0
173,trust,4,65.0
173,altruism,0,65.0
173,altruism,1,65.0
173,altruism,2,65.0
173,altruism,3,65.0
173,altruism,4,65.0
173,cooperation,0,85.0
173,cooperation,1,85.0
173,cooperation,2,85.0
173,cooperation,3,85.0
173,cooperation,4,85.0
173,modesty,0,85.0
173,modesty,1,85.0
173,modesty,2,85.0
173,modesty,3,85.0
173,modesty,4,85.0
173,sympathy,0,75.0
173,sympathy,1,75.0
173,sympathy,2,75.0
173,sympathy,3,65.0
173,sympathy,4,75.0
174,trust,0,75.0
174,trust,1,75.0
174,trust,2,75.0
174,trust,3,75.0
174,trust,4,75.0
174,altruism,0,75.0
174,altruism,1,75.0
174,altruism,2,75.0
174,altruism,3,75.0
174,altruism,4,75.0
174,cooperation,0,85.0
174,cooperation,1,85.0
174,cooperation,2,75.0
174,cooperation,3,85.0
174,cooperation,4,75.0
174,modesty,0,65.0
174,modesty,1,65.0
174,modesty,2,65.0
174,modesty,3,65.0
174,modesty,4,65.0
174,sympathy,0,85.0
174,sympathy,1,75.0
174,sympathy,2,75.0
174,sympathy,3,75.0
174,sympathy,4,75.0
175,trust,0,60.0
175,trust,1,60.0
175,trust,2,60.0
175,trust,3,65.0
175,trust,4,60.0
175,altruism,0,45.0
175,altruism,1,45.0
175,altruism,2,45.0
175,altruism,3,45.0
175,altruism,4,45.0
175,cooperation,0,85.0
175,cooperation,1,85.0
175,cooperation,2,85.0
175,cooperation,3,85.0
175,cooperation,4,85.0
175,modesty,0,90.0
175,modesty,1,90.0
175,modesty,2,95.0
175,modesty,3,90.0
175,modesty,4,90.0
175,sympathy,0,65.0
175,sympathy,1,65.0
175,sympathy,2,65.0
175,sympathy,3,65.0
175,sympathy,4,65.0
176,trust,0,65.0
176,trust,1,65.0
176,trust,2,65.0
176,trust,3,65.0
176,trust,4,65.0
176,altruism,0,65.0
176,altruism,1,65.0
176,altruism,2,65.0
176,altruism,3,65.0
176,altruism,4,65.0
176,cooperation,0,75.0
176,cooperation,1,85.0
176,cooperation,2,85.0
176,cooperation,3,75.0
176,cooperation,4,85.0
176,modesty,0,85.0
176,modesty,1,85.0
176,modesty,2,85.0
176,modesty,3,85.0
176,modesty,4,85.0
176,sympathy,0,65.0
176,sympathy,1,65.0
176,sympathy,2,65.0
176,sympathy,3,65.0
176,sympathy,4,65.0
177,trust,0,85.0
177,trust,1,75.0
177,trust,2,75.0
177,trust,3,75.0
177,trust,4,75.0
177,altruism,0,85.0
177,altruism,1,90.0
177,altruism,2,90.0
177,altruism,3,85.0
177,altruism,4,90.0
177,cooperation,0,85.0
177,cooperation,1,85.0
177,cooperation,2,85.0
177,cooperation,3,85.0
177,cooperation,4,85.0
177,modesty,0,85.0
177,modesty,1,85.0
177,modesty,2,85.0
177,modesty,3,90.0
177,modesty,4,85.0
177,sympathy,0,85.0
177,sympathy,1,90.0
177,sympathy,2,85.0
177,sympathy,3,85.0
177,sympathy,4,85.0
178,trust,0,85.0
178,trust,1,85.0
178,trust,2,85.0
178,trust,3,85.0
178,trust,4,85.0
178,altruism,0,85.0
178,altruism,1,90.0
178,altruism,2,85.0
178,altruism,3,85.0
178,altruism,4,85.0
178,cooperation,0,85.0
178,cooperation,1,90.0
178,cooperation,2,85.0
178,cooperation,3,85.0
178,cooperation,4,90.0
178,modesty,0,85.0
178,modesty,1,85.0
178,modesty,2,85.0
178,modesty,3,75.0
178,modesty,4,75.0
178,sympathy,0,90.0
178,sympathy,1,90.0
178,sympathy,2,90.0
178,sympathy,3,90.0
178,sympathy,4,90.0
179,trust,0,75.0
179,trust,1,75.0
179,trust,2,75.0
179,trust,3,65.0
179,trust,4,65.0
179,altruism,0,75.0
179,altruism,1,75.0
179,altruism,2,75.0
179,altruism,3,75.0
179,altruism,4,75.0
179,cooperation,0,85.0
179,cooperation,1,85.0
179,cooperation,2,85.0
179,cooperation,3,85.0
179,cooperation,4,85.0
179,modesty,0,85.0
179,modesty,1,85.0
179,modesty,2,85.0
179,modesty,3,85.0
179,modesty,4,85.0
179,sympathy,0,75.0
179,sympathy,1,75.0
179,sympathy,2,75.0
179,sympathy,3,75.0
179,sympathy,4,75.0
180,trust,0,65.0
180,trust,1,65.0
180,trust,2,65.0
180,trust,3,65.0
180,trust,4,65.0
180,altruism,0,45.0
180,altruism,1,45.0
180,altruism,2,45.0
180,altruism,3,45.0
180,altruism,4,45.0
180,cooperation,0,65.0
180,cooperation,1,65.0
180,cooperation,2,65.0
180,cooperation,3,65.0
180,cooperation,4,65.0
180,modesty,0,85.0
180,modesty,1,75.0
180,modesty,2,75.0
180,modesty,3,75.0
180,modesty,4,85.0
180,sympathy,0,45.0
180,sympathy,1,45.0
180,sympathy,2,45.0
180,sympathy,3,45.0
180,sympathy,4,45.0
181,trust,0,45.0
181,trust,1,45.0
181,trust,2,45.0
181,trust,3,45.0
181,trust,4,45.0
181,altruism,0,65.0
181,altruism,1,65.0
181,altruism,2,65.0
181,altruism,3,65.0
181,altruism,4,65.0
181,cooperation,0,75.0
181,cooperation,1,75.0
181,cooperation,2,75.0
181,cooperation,3,75.0
181,cooperation,4,75.0
181,modesty,0,85.0
181,modesty,1,85.0
181,modesty,2,75.0
181,modesty,3,85.0
181,modesty,4,85.0
181,sympathy,0,65.0
181,sympathy,1,65.0
181,sympathy,2,65.0
181,sympathy,3,65.0
181,sympathy,4,65.0
182,trust,0,45.0
182,trust,1,60.0
182,trust,2,65.0
182,trust,3,60.0
182,trust,4,60.0
182,altruism,0,45.0
182,altruism,1,45.0
182,altruism,2,45.0
182,altruism,3,45.0
182,altruism,4,45.0
182,cooperation,0,65.0
182,cooperation,1,65.0
182,cooperation,2,75.0
182,cooperation,3,65.0
182,cooperation,4,65.0
182,modesty,0,85.0
182,modesty,1,90.0
182,modesty,2,90.0
182,modesty,3,85.0
182,modesty,4,90.0
182,sympathy,0,45.0
182,sympathy,1,55.0
182,sympathy,2,45.0
182,sympathy,3,45.0
182,sympathy,4,45.0
183,trust,0,40.0
183,trust,1,40.0
183,trust,2,40.0
183,trust,3,45.0
183,trust,4,25.0
183,altruism,0,45.0
183,altruism,1,45.0
183,altruism,2,40.0
183,altruism,3,45.0
183,altruism,4,40.0
183,cooperation,0,85.0
183,cooperation,1,85.0
183,cooperation,2,85.0
183,cooperation,3,85.0
183,cooperation,4,75.0
183,modesty,0,45.0
183,modesty,1,45.0
183,modesty,2,45.0
183,modesty,3,45.0
183,modesty,4,45.0
183,sympathy,0,45.0
183,sympathy,1,45.0
183,sympathy,2,45.0
183,sympathy,3,45.0
183,sympathy,4,45.0
184,trust,0,45.0
184,trust,1,45.0
184,trust,2,60.0
184,trust,3,45.0
184,trust,4,45.0
184,altruism,0,45.0
184,altruism,1,45.0
184,altruism,2,45.0
184,altruism,3,45.0
184,altruism,4,45.0
184,cooperation,0,85.0
184,cooperation,1,90.0
184,cooperation,2,90.0
184,cooperation,3,90.0
184,cooperation,4,90.0
184,modesty,0,95.0
184,modesty,1,90.0
184,modesty,2,90.0
184,modesty,3,90.0
184,modesty,4,90.0
184,sympathy,0,65.0
184,sympathy,1,65.0
184,sympathy,2,65.0
184,sympathy,3,65.0
184,sympathy,4,65.0
185,trust,0,45.0
185,trust,1,45.0
185,trust,2,45.0
185,trust,3,45.0
185,trust,4,45.0
185,altruism,0,45.0
185,altruism,1,40.0
185,altruism,2,45.0
185,altruism,3,45.0
185,altruism,4,40.0
185,cooperation,0,85.0
185,cooperation,1,85.0
185,cooperation,2,85.0
185,cooperation,3,85.0
185,cooperation,4,75.0
185,modesty,0,85.0
185,modesty,1,85.0
185,modesty,2,85.0
185,modesty,3,85.0
185,modesty,4,85.0
185,sympathy,0,45.0
185,sympathy,1,45.0
185,sympathy,2,45.0
185,sympathy,3,45.0
185,sympathy,4,45.0
186,trust,0,55.0
186,trust,1,45.0
186,trust,2,45.0
186,trust,3,45.0
186,trust,4,45.0
186,altruism,0,45.0
186,altruism,1,45.0
186,altruism,2,45.0
186,altruism,3,45.0
186,altruism,4,45.0
186,cooperation,0,85.0
186,cooperation,1,85.0
186,cooperation,2,85.0
186,cooperation,3,85.0
186,cooperation,4,75.0
186,modesty,0,90.0
186,modesty,1,90.0
186,modesty,2,90.0
186,modesty,3,85.0
186,modesty,4,90.0
186,sympathy,0,75.0
186,sympathy,1,75.0
186,sympathy,2,75.0
186,sympathy,3,75.0
186,sympathy,4,75.0
187,trust,0,65.0
187,trust,1,45.0
187,trust,2,65.0
187,trust,3,45.0
187,trust,4,45.0
187,altruism,0,45.0
187,altruism,1,45.0
187,altruism,2,45.0
187,altruism,3,45.0
187,altruism,4,45.0
187,cooperation,0,75.0
187,cooperation,1,75.0
187,cooperation,2,75.0
187,cooperation,3,75.0
187,cooperation,4,75.0
187,modesty,0,95.0
187,modesty,1,90.0
187,modesty,2,90.0
187,modesty,3,95.0
187,modesty,4,90.0
187,sympathy,0,45.0
187,sympathy,1,45.0
187,sympathy,2,45.0
187,sympathy,3,45.0
187,sympathy,4,45.0
188,trust,0,45.0
188,trust,1,45.0
188,trust,2,45.0
188,trust,3,45.0
188,trust,4,45.0
188,altruism,0,65.0
188,altruism,1,75.0
188,altruism,2,75.0
188,altruism,3,70.0
188,altruism,4,75.0
188,cooperation,0,75.0
188,cooperation,1,75.0
188,cooperation,2,85.0
188,cooperation,3,65.0
188,cooperation,4,75.0
188,modesty,0,90.0
188,modesty,1,85.0
188,modesty,2,85.0
188,modesty,3,85.0
188,modesty,4,85.0
188,sympathy,0,75.0
188,sympathy,1,75.0
188,sympathy,2,75.0
188,sympathy,3,75.0
188,sympathy,4,75.0
189,trust,0,65.0
189,trust,1,65.0
189,trust,2,65.0
189,trust,3,65.0
189,trust,4,65.0
189,altruism,0,65.0
189,altruism,1,65.0
189,altruism,2,65.0
189,altruism,3,65.0
189,altruism,4,65.0
189,cooperation,0,85.0
189,cooperation,1,85.0
189,cooperation,2,85.0
189,cooperation,3,85.0
189,cooperation,4,85.0
189,modesty,0,85.0
189,modesty,1,85.0
189,modesty,2,85.0
189,modesty,3,85.0
189,modesty,4,85.0
189,sympathy,0,85.0
189,sympathy,1,85.0
189,sympathy,2,75.0
189,sympathy,3,75.0
189,sympathy,4,75.0
190,trust,0,45.0
190,trust,1,45.0
190,trust,2,45.0
190,trust,3,45.0
190,trust,4,45.0
190,altruism,0,65.0
190,altruism,1,65.0
190,altruism,2,65.0
190,altruism,3,65.0
190,altruism,4,65.0
190,cooperation,0,75.0
190,cooperation,1,75.0
190,cooperation,2,75.0
190,cooperation,3,75.0
190,cooperation,4,75.0
190,modesty,0,85.0
190,modesty,1,85.0
190,modesty,2,85.0
190,modesty,3,85.0
190,modesty,4,85.0
190,sympathy,0,65.0
190,sympathy,1,65.0
190,sympathy,2,65.0
190,sympathy,3,45.0
190,sympathy,4,65.0
191,trust,0,45.0
191,trust,1,45.0
191,trust,2,45.0
191,trust,3,45.0
191,trust,4,45.0
191,altruism,0,65.0
191,altruism,1,65.0
191,altruism,2,75.0
191,altruism,3,75.0
191,altruism,4,65.0
191,cooperation,0,75.0
191,cooperation,1,85.0
191,cooperation,2,75.0
191,cooperation,3,85.0
191,cooperation,4,85.0
191,modesty,0,90.0
191,modesty,1,90.0
191,modesty,2,90.0
191,modesty,3,90.0
191,modesty,4,90.0
191,sympathy,0,65.0
191,sympathy,1,65.0
191,sympathy,2,65.0
191,sympathy,3,65.0
191,sympathy,4,65.0
192,trust,0,65.0
192,trust,1,65.0
192,trust,2,65.0
192,trust,3,65.0
192,trust,4,65.0
192,altruism,0,70.0
192,altruism,1,75.0
192,altruism,2,75.0
192,altruism,3,75.0
192,altruism,4,70.0
192,cooperation,0,85.0
192,cooperation,1,85.0
192,cooperation,2,85.0
192,cooperation,3,85.0
192,cooperation,4,85.0
192,modesty,0,90.0
192,modesty,1,85.0
192,modesty,2,85.0
192,modesty,3,85.0
192,modesty,4,85.0
192,sympathy,0,45.0
192,sympathy,1,45.0
192,sympathy,2,45.0
192,sympathy,3,45.0
192,sympathy,4,45.0
193,trust,0,65.0
193,trust,1,65.0
193,trust,2,65.0
193,trust,3,65.0
193,trust,4,45.0
193,altruism,0,65.0
193,altruism,1,65.0
193,altruism,2,65.0
193,altruism,3,65.0
193,altruism,4,65.0
193,cooperation,0,75.0
193,cooperation,1,75.0
193,cooperation,2,75.0
193,cooperation,3,75.0
193,cooperation,4,75.0
193,modesty,0,85.0
193,modesty,1,85.0
193,modesty,2,85.0
193,modesty,3,85.0
193,modesty,4,85.0
193,sympathy,0,45.0
193,sympathy,1,45.0
193,sympathy,2,45.0
193,sympathy,3,45.0
193,sympathy,4,45.0
194,trust,0,45.0
194,trust,1,45.0
194,trust,2,45.0
194,trust,3,45.0
194,trust,4,45.0
194,altruism,0,45.0
194,altruism,1,45.0
194,altruism,2,45.0
194,altruism,3,45.0
194,altruism,4,45.0
194,cooperation,0,75.0
194,cooperation,1,65.0
194,cooperation,2,65.0
194,cooperation,3,75.0
194,cooperation,4,65.0
194,modesty,0,85.0
194,modesty,1,85.0
194,modesty,2,85.0
194,modesty,3,85.0
194,modesty,4,85.0
194,sympathy,0,45.0
194,sympathy,1,45.0
194,sympathy,2,45.0
194,sympathy,3,45.0
194,sympathy,4,45.0
195,trust,0,65.0
195,trust,1,65.0
195,trust,2,65.0
195,trust,3,70.0
195,trust,4,65.0
195,altruism,0,75.0
195,altruism,1,75.0
195,altruism,2,75.0
195,altruism,3,75.0
195,altruism,4,75.0
195,cooperation,0,85.0
195,cooperation,1,85.0
195,cooperation,2,85.0
195,cooperation,3,85.0
195,cooperation,4,85.0
195,modesty,0,75.0
195,modesty,1,85.0
195,modesty,2,85.0
195,modesty,3,75.0
195,modesty,4,85.0
195,sympathy,0,65.0
195,sympathy,1,45.0
195,sympathy,2,65.0
195,sympathy,3,65.0
195,sympathy,4,65.0
196,trust,0,65.0
196,trust,1,45.0
196,trust,2,65.0
196,trust,3,65.0
196,trust,4,45.0
196,altruism,0,75.0
196,altruism,1,75.0
196,altruism,2,75.0
196,altruism,3,75.0
196,altruism,4,85.0
196,cooperation,0,65.0
196,cooperation,1,85.0
196,cooperation,2,85.0
196,cooperation,3,85.0
196,cooperation,4,85.0
196,modesty,0,85.0
196,modesty,1,85.0
196,modesty,2,85.0
196,modesty,3,90.0
196,modesty,4,85.0
196,sympathy,0,75.0
196,sympathy,1,75.0
196,sympathy,2,75.0
196,sympathy,3,75.0
196,sympathy,4,75.0
197,trust,0,70.0
197,trust,1,75.0
197,trust,2,75.0
197,trust,3,75.0
197,trust,4,75.0
197,altruism,0,75.0
197,altruism,1,75.0
197,altruism,2,75.0
197,altruism,3,75.0
197,altruism,4,75.0
197,cooperation,0,90.0
197,cooperation,1,85.0
197,cooperation,2,85.0
197,cooperation,3,85.0
197,cooperation,4,85.0
197,modesty,0,85.0
197,modesty,1,85.0
197,modesty,2,85.0
197,modesty,3,85.0
197,modesty,4,85.0
197,sympathy,0,70.0
197,sympathy,1,75.0
197,sympathy,2,85.0
197,sympathy,3,70.0
197,sympathy,4,75.0
198,trust,0,65.0
198,trust,1,45.0
198,trust,2,60.0
198,trust,3,60.0
198,trust,4,65.0
198,altruism,0,75.0
198,altruism,1,75.0
198,altruism,2,85.0
198,altruism,3,75.0
198,altruism,4,75.0
198,cooperation,0,85.0
198,cooperation,1,85.0
198,cooperation,2,85.0
198,cooperation,3,85.0
198,cooperation,4,85.0
198,modesty,0,95.0
198,modesty,1,90.0
198,modesty,2,90.0
198,modesty,3,90.0
198,modesty,4,90.0
198,sympathy,0,65.0
198,sympathy,1,65.0
198,sympathy,2,65.0
198,sympathy,3,65.0
198,sympathy,4,65.0
199,trust,0,45.0
199,trust,1,45.0
199,trust,2,45.0
199,trust,3,45.0
199,trust,4,45.0
199,altruism,0,45.0
199,altruism,1,45.0
199,altruism,2,45.0
199,altruism,3,45.0
199,altruism,4,45.0
199,cooperation,0,75.0
199,cooperation,1,75.0
199,cooperation,2,75.0
199,cooperation,3,75.0
199,cooperation,4,75.0
199,modesty,0,85.0
199,modesty,1,75.0
199,modesty,2,75.0
199,modesty,3,75.0
199,modesty,4,75.0
199,sympathy,0,45.0
199,sympathy,1,45.0
199,sympathy,2,45.0
199,sympathy,3,45.0
199,sympathy,4,45.0
200,trust,0,45.0
200,trust,1,45.0
200,trust,2,45.0
200,trust,3,45.0
200,trust,4,45.0
200,altruism,0,45.0
200,altruism,1,45.0
200,altruism,2,45.0
200,altruism,3,45.0
200,altruism,4,45.0
200,cooperation,0,75.0
200,cooperation,1,75.0
200,cooperation,2,75.0
200,cooperation,3,75.0
200,cooperation,4,65.0
200,modesty,0,85.0
200,modesty,1,90.0
200,modesty,2,85.0
200,modesty,3,85.0
200,modesty,4,90.0
200,sympathy,0,65.0
200,sympathy,1,45.0
200,sympathy,2,45.0
200,sympathy,3,45.0
200,sympathy,4,45.0
201,trust,0,65.0
201,trust,1,65.0
201,trust,2,65.0
201,trust,3,65.0
201,trust,4,65.0
201,altruism,0,70.0
201,altruism,1,65.0
201,altruism,2,65.0
201,altruism,3,70.0
201,altruism,4,65.0
201,cooperation,0,75.0
201,cooperation,1,75.0
201,cooperation,2,75.0
201,cooperation,3,75.0
201,cooperation,4,75.0
201,modesty,0,85.0
201,modesty,1,85.0
201,modesty,2,85.0
201,modesty,3,85.0
201,modesty,4,85.0
201,sympathy,0,45.0
201,sympathy,1,45.0
201,sympathy,2,65.0
201,sympathy,3,65.0
201,sympathy,4,65.0
202,trust,0,65.0
202,trust,1,65.0
202,trust,2,65.0
202,trust,3,65.0
202,trust,4,65.0
202,altruism,0,45.0
202,altruism,1,45.0
202,altruism,2,45.0
202,altruism,3,45.0
202,altruism,4,45.0
202,cooperation,0,75.0
202,cooperation,1,75.0
202,cooperation,2,75.0
202,cooperation,3,75.0
202,cooperation,4,75.0
202,modesty,0,75.0
202,modesty,1,85.0
202,modesty,2,85.0
202,modesty,3,85.0
202,modesty,4,85.0
202,sympathy,0,65.0
202,sympathy,1,65.0
202,sympathy,2,65.0
202,sympathy,3,65.0
202,sympathy,4,65.0
203,trust,0,45.0
203,trust,1,45.0
203,trust,2,40.0
203,trust,3,45.0
203,trust,4,45.0
203,altruism,0,65.0
203,altruism,1,65.0
203,altruism,2,65.0
203,altruism,3,65.0
203,altruism,4,65.0
203,cooperation,0,85.0
203,cooperation,1,85.0
203,cooperation,2,85.0
203,cooperation,3,85.0
203,cooperation,4,85.0
203,modesty,0,85.0
203,modesty,1,85.0
203,modesty,2,85.0
203,modesty,3,85.0
203,modesty,4,85.0
203,sympathy,0,75.0
203,sympathy,1,85.0
203,sympathy,2,75.0
203,sympathy,3,85.0
203,sympathy,4,65.0
204,trust,0,45.0
204,trust,1,45.0
204,trust,2,45.0
204,trust,3,45.0
204,trust,4,45.0
204,altruism,0,35.0
204,altruism,1,45.0
204,altruism,2,45.0
204,altruism,3,65.0
204,altruism,4,40.0
204,cooperation,0,65.0
204,cooperation,1,65.0
204,cooperation,2,65.0
204,cooperation,3,75.0
204,cooperation,4,75.0
204,modesty,0,85.0
204,modesty,1,85.0
204,modesty,2,85.0
204,modesty,3,85.0
204,modesty,4,75.0
204,sympathy,0,45.0
204,sympathy,1,45.0
204,sympathy,2,45.0
204,sympathy,3,45.0
204,sympathy,4,45.0
205,trust,0,45.0
205,trust,1,45.0
205,trust,2,45.0
205,trust,3,65.0
205,trust,4,45.0
205,altruism,0,50.0
205,altruism,1,45.0
205,altruism,2,45.0
205,altruism,3,45.0
205,altruism,4,45.0
205,cooperation,0,75.0
205,cooperation,1,65.0
205,cooperation,2,65.0
205,cooperation,3,75.0
205,cooperation,4,75.0
205,modesty,0,85.0
205,modesty,1,85.0
205,modesty,2,85.0
205,modesty,3,85.0
205,modesty,4,85.0
205,sympathy,0,45.0
205,sympathy,1,45.0
205,sympathy,2,45.0
205,sympathy,3,45.0
205,sympathy,4,45.0
206,trust,0,45.0
206,trust,1,45.0
206,trust,2,45.0
206,trust,3,45.0
206,trust,4,45.0
206,altruism,0,40.0
206,altruism,1,40.0
206,altruism,2,40.0
206,altruism,3,40.0
206,altruism,4,40.0
206,cooperation,0,80.0
206,cooperation,1,75.0
206,cooperation,2,80.0
206,cooperation,3,75.0
206,cooperation,4,80.0
206,modesty,0,75.0
206,modesty,1,75.0
206,modesty,2,75.0
206,modesty,3,75.0
206,modesty,4,75.0
206,sympathy,0,45.0
206,sympathy,1,45.0
206,sympathy,2,45.0
206,sympathy,3,45.0
206,sympathy,4,45.0
207,trust,0,45.0
207,trust,1,45.0
207,trust,2,45.0
207,trust,3,45.0
207,trust,4,45.0
207,altruism,0,75.0
207,altruism,1,75.0
207,altruism,2,75.0
207,altruism,3,75.0
207,altruism,4,75.0
207,cooperation,0,85.0
207,cooperation,1,85.0
207,cooperation,2,85.0
207,cooperation,3,85.0
207,cooperation,4,85.0
207,modesty,0,90.0
207,modesty,1,90.0
207,modesty,2,90.0
207,modesty,3,90.0
207,modesty,4,90.0
207,sympathy,0,75.0
207,sympathy,1,75.0
207,sympathy,2,85.0
207,sympathy,3,75.0
207,sympathy,4,75.0
208,trust,0,85.0
208,trust,1,85.0
208,trust,2,75.0
208,trust,3,75.0
208,trust,4,85.0
208,altruism,0,85.0
208,altruism,1,85.0
208,altruism,2,85.0
208,altruism,3,85.0
208,altruism,4,85.0
208,cooperation,0,90.0
208,cooperation,1,90.0
208,cooperation,2,90.0
208,cooperation,3,85.0
208,cooperation,4,85.0
208,modesty,0,75.0
208,modesty,1,75.0
208,modesty,2,75.0
208,modesty,3,85.0
208,modesty,4,75.0
208,sympathy,0,90.0
208,sympathy,1,90.0
208,sympathy,2,90.0
208,sympathy,3,90.0
208,sympathy,4,90.0
209,trust,0,45.0
209,trust,1,45.0
209,trust,2,45.0
209,trust,3,45.0
209,trust,4,45.0
209,altruism,0,65.0
209,altruism,1,70.0
209,altruism,2,65.0
209,altruism,3,75.0
209,altruism,4,70.0
209,cooperation,0,85.0
209,cooperation,1,85.0
209,cooperation,2,85.0
209,cooperation,3,85.0
209,cooperation,4,85.0
209,modesty,0,85.0
209,modesty,1,85.0
209,modesty,2,85.0
209,modesty,3,85.0
209,modesty,4,85.0
209,sympathy,0,65.0
209,sympathy,1,65.0
209,sympathy,2,65.0
209,sympathy,3,65.0
209,sympathy,4,65.0
210,trust,0,65.0
210,trust,1,65.0
210,trust,2,65.0
210,trust,3,65.0
210,trust,4,65.0
210,altruism,0,40.0
210,altruism,1,45.0
210,altruism,2,25.0
210,altruism,3,40.0
210,altruism,4,45.0
210,cooperation,0,25.0
210,cooperation,1,25.0
210,cooperation,2,25.0
210,cooperation,3,25.0
210,cooperation,4,25.0
210,modesty,0,35.0
210,modesty,1,35.0
210,modesty,2,35.0
210,modesty,3,25.0
210,modesty,4,35.0
210,sympathy,0,25.0
210,sympathy,1,45.0
210,sympathy,2,45.0
210,sympathy,3,30.0
210,sympathy,4,45.0
211,trust,0,85.0
211,trust,1,85.0
211,trust,2,85.0
211,trust,3,85.0
211,trust,4,85.0
211,altruism,0,75.0
211,altruism,1,85.0
211,altruism,2,85.0
211,altruism,3,85.0
211,altruism,4,85.0
211,cooperation,0,25.0
211,cooperation,1,25.0
211,cooperation,2,25.0
211,cooperation,3,25.0
211,cooperation,4,25.0
211,modesty,0,25.0
211,modesty,1,25.0
211,modesty,2,25.0
211,modesty,3,25.0
211,modesty,4,25.0
211,sympathy,0,20.0
211,sympathy,1,25.0
211,sympathy,2,25.0
211,sympathy,3,25.0
211,sympathy,4,25.0
212,trust,0,0.0
212,trust,1,0.0
212,trust,2,0.0
212,trust,3,15.0
212,trust,4,25.0
212,altruism,0,25.0
212,altruism,1,25.0
212,altruism,2,25.0
212,altruism,3,25.0
212,altruism,4,25.0
212,cooperation,0,25.0
212,cooperation,1,25.0
212,cooperation,2,25.0
212,cooperation,3,25.0
212,cooperation,4,25.0
212,modesty,0,25.0
212,modesty,1,25.0
212,modesty,2,25.0
212,modesty,3,25.0
212,modesty,4,25.0
212,sympathy,0,25.0
212,sympathy,1,0.0
212,sympathy,2,0.0
212,sympathy,3,0.0
212,sympathy,4,0.0
213,trust,0,25.0
213,trust,1,25.0
213,trust,2,25.0
213,trust,3,25.0
213,trust,4,25.0
213,altruism,0,25.0
213,altruism,1,25.0
213,altruism,2,25.0
213,altruism,3,25.0
213,altruism,4,25.0
213,cooperation,0,25.0
213,cooperation,1,25.0
213,cooperation,2,25.0
213,cooperation,3,25.0
213,cooperation,4,25.0
213,modesty,0,45.0
213,modesty,1,45.0
213,modesty,2,45.0
213,modesty,3,45.0
213,modesty,4,45.0
213,sympathy,0,25.0
213,sympathy,1,25.0
213,sympathy,2,25.0
213,sympathy,3,25.0
213,sympathy,4,25.0
214,trust,0,25.0
214,trust,1,25.0
214,trust,2,25.0
214,trust,3,25.0
214,trust,4,25.0
214,altruism,0,25.0
214,altruism,1,25.0
214,altruism,2,25.0
214,altruism,3,25.0
214,altruism,4,25.0
214,cooperation,0,25.0
214,cooperation,1,25.0
214,cooperation,2,25.0
214,cooperation,3,25.0
214,cooperation,4,25.0
214,modesty,0,45.0
214,modesty,1,45.0
214,modesty,2,40.0
214,modesty,3,45.0
214,modesty,4,45.0
214,sympathy,0,25.0
214,sympathy,1,25.0
214,sympathy,2,25.0
214,sympathy,3,25.0
214,sympathy,4,25.0
215,trust,0,25.0
215,trust,1,25.0
215,trust,2,25.0
215,trust,3,25.0
215,trust,4,25.0
215,altruism,0,25.0
215,altruism,1,25.0
215,altruism,2,45.0
215,altruism,3,25.0
215,altruism,4,25.0
215,cooperation,0,25.0
215,cooperation,1,25.0
215,cooperation,2,25.0
215,cooperation,3,25.0
215,cooperation,4,25.0
215,modesty,0,30.0
215,modesty,1,25.0
215,modesty,2,30.0
215,modesty,3,25.0
215,modesty,4,25.0
215,sympathy,0,25.0
215,sympathy,1,25.0
215,sympathy,2,10.0
215,sympathy,3,10.0
215,sympathy,4,10.0
216,trust,0,25.0
216,trust,1,25.0
216,trust,2,25.0
216,trust,3,25.0
216,trust,4,25.0
216,altruism,0,25.0
216,altruism,1,25.0
216,altruism,2,25.0
216,altruism,3,25.0
216,altruism,4,25.0
216,cooperation,0,20.0
216,cooperation,1,25.0
216,cooperation,2,30.0
216,cooperation,3,25.0
216,cooperation,4,25.0
216,modesty,0,25.0
216,modesty,1,30.0
216,modesty,2,30.0
216,modesty,3,30.0
216,modesty,4,30.0
216,sympathy,0,25.0
216,sympathy,1,25.0
216,sympathy,2,25.0
216,sympathy,3,25.0
216,sympathy,4,25.0
217,trust,0,25.0
217,trust,1,25.0
217,trust,2,25.0
217,trust,3,25.0
217,trust,4,25.0
217,altruism,0,85.0
217,altruism,1,85.0
217,altruism,2,65.0
217,altruism,3,85.0
217,altruism,4,85.0
217,cooperation,0,25.0
217,cooperation,1,25.0
217,cooperation,2,25.0
217,cooperation,3,25.0
217,cooperation,4,25.0
217,modesty,0,35.0
217,modesty,1,35.0
217,modesty,2,35.0
217,modesty,3,25.0
217,modesty,4,25.0
217,sympathy,0,25.0
217,sympathy,1,25.0
217,sympathy,2,25.0
217,sympathy,3,25.0
217,sympathy,4,25.0
218,trust,0,85.0
218,trust,1,85.0
218,trust,2,65.0
218,trust,3,85.0
218,trust,4,65.0
218,altruism,0,65.0
218,altruism,1,65.0
218,altruism,2,80.0
218,altruism,3,65.0
218,altruism,4,65.0
218,cooperation,0,30.0
218,cooperation,1,30.0
218,cooperation,2,25.0
218,cooperation,3,25.0
218,cooperation,4,35.0
218,modesty,0,30.0
218,modesty,1,20.0
218,modesty,2,30.0
218,modesty,3,25.0
218,modesty,4,25.0
218,sympathy,0,85.0
218,sympathy,1,85.0
218,sympathy,2,85.0
218,sympathy,3,75.0
218,sympathy,4,85.0
219,trust,0,85.0
219,trust,1,85.0
219,trust,2,85.0
219,trust,3,85.0
219,trust,4,85.0
219,altruism,0,85.0
219,altruism,1,65.0
219,altruism,2,65.0
219,altruism,3,65.0
219,altruism,4,85.0
219,cooperation,0,65.0
219,cooperation,1,65.0
219,cooperation,2,65.0
219,cooperation,3,65.0
219,cooperation,4,65.0
219,modesty,0,30.0
219,modesty,1,30.0
219,modesty,2,35.0
219,modesty,3,35.0
219,modesty,4,30.0
219,sympathy,0,45.0
219,sympathy,1,45.0
219,sympathy,2,45.0
219,sympathy,3,45.0
219,sympathy,4,45.0
220,trust,0,85.0
220,trust,1,85.0
220,trust,2,85.0
220,trust,3,90.0
220,trust,4,85.0
220,altruism,0,95.0
220,altruism,1,95.0
220,altruism,2,95.0
220,altruism,3,95.0
220,altruism,4,95.0
220,cooperation,0,25.0
220,cooperation,1,25.0
220,cooperation,2,20.0
220,cooperation,3,25.0
220,cooperation,4,20.0
220,modesty,0,15.0
220,modesty,1,10.0
220,modesty,2,25.0
220,modesty,3,25.0
220,modesty,4,25.0
220,sympathy,0,90.0
220,sympathy,1,90.0
220,sympathy,2,90.0
220,sympathy,3,90.0
220,sympathy,4,90.0
221,trust,0,65.0
221,trust,1,65.0
221,trust,2,65.0
221,trust,3,65.0
221,trust,4,65.0
221,altruism,0,90.0
221,altruism,1,90.0
221,altruism,2,90.0
221,altruism,3,90.0
221,altruism,4,90.0
221,cooperation,0,35.0
221,cooperation,1,30.0
221,cooperation,2,30.0
221,cooperation,3,40.0
221,cooperation,4,35.0
221,modesty,0,45.0
221,modesty,1,35.0
221,modesty,2,40.0
221,modesty,3,40.0
221,modesty,4,40.0
221,sympathy,0,75.0
221,sympathy,1,45.0
221,sympathy,2,45.0
221,sympathy,3,45.0
221,sympathy,4,45.0
222,trust,0,25.0
222,trust,1,25.0
222,trust,2,25.0
222,trust,3,25.0
222,trust,4,25.0
222,altruism,0,90.0
222,altruism,1,95.0
222,altruism,2,90.0
222,altruism,3,90.0
222,altruism,4,90.0
222,cooperation,0,0.0
222,cooperation,1,20.0
222,cooperation,2,20.0
222,cooperation,3,0.0
222,cooperation,4,20.0
222,modesty,0,25.0
222,modesty,1,10.0
222,modesty,2,15.0
222,modesty,3,10.0
222,modesty,4,15.0
222,sympathy,0,25.0
222,sympathy,1,25.0
222,sympathy,2,25.0
222,sympathy,3,25.0
222,sympathy,4,25.0
223,trust,0,25.0
223,trust,1,45.0
223,trust,2,45.0
223,trust,3,45.0
223,trust,4,45.0
223,altruism,0,65.0
223,altruism,1,65.0
223,altruism,2,65.0
223,altruism,3,65.0
223,altruism,4,40.0
223,cooperation,0,25.0
223,cooperation,1,25.0
223,cooperation,2,25.0
223,cooperation,3,25.0
223,cooperation,4,25.0
223,modesty,0,45.0
223,modesty,1,35.0
223,modesty,2,35.0
223,modesty,3,35.0
223,modesty,4,35.0
223,sympathy,0,25.0
223,sympathy,1,25.0
223,sympathy,2,25.0
223,sympathy,3,25.0
223,sympathy,4,25.0
224,trust,0,85.0
224,trust,1,85.0
224,trust,2,85.0
224,trust,3,80.0
224,trust,4,85.0
224,altruism,0,40.0
224,altruism,1,40.0
224,altruism,2,40.0
224,altruism,3,40.0
224,altruism,4,40.0
224,cooperation,0,30.0
224,cooperation,1,30.0
224,cooperation,2,25.0
224,cooperation,3,25.0
224,cooperation,4,25.0
224,modesty,0,30.0
224,modesty,1,30.0
224,modesty,2,30.0
224,modesty,3,25.0
224,modesty,4,35.0
224,sympathy,0,35.0
224,sympathy,1,35.0
224,sympathy,2,35.0
224,sympathy,3,35.0
224,sympathy,4,35.0
225,trust,0,85.0
225,trust,1,75.0
225,trust,2,65.0
225,trust,3,85.0
225,trust,4,85.0
225,altruism,0,85.0
225,altruism,1,85.0
225,altruism,2,85.0
225,altruism,3,85.0
225,altruism,4,85.0
225,cooperation,0,40.0
225,cooperation,1,40.0
225,cooperation,2,30.0
225,cooperation,3,40.0
225,cooperation,4,40.0
225,modesty,0,45.0
225,modesty,1,45.0
225,modesty,2,40.0
225,modesty,3,45.0
225,modesty,4,45.0
225,sympathy,0,45.0
225,sympathy,1,65.0
225,sympathy,2,45.0
225,sympathy,3,45.0
225,sympathy,4,45.0
226,trust,0,40.0
226,trust,1,45.0
226,trust,2,65.0
226,trust,3,45.0
226,trust,4,45.0
226,altruism,0,25.0
226,altruism,1,25.0
226,altruism,2,25.0
226,altruism,3,25.0
226,altruism,4,25.0
226,cooperation,0,30.0
226,cooperation,1,25.0
226,cooperation,2,25.0
226,cooperation,3,25.0
226,cooperation,4,25.0
226,modesty,0,35.0
226,modesty,1,40.0
226,modesty,2,45.0
226,modesty,3,45.0
226,modesty,4,45.0
226,sympathy,0,25.0
226,sympathy,1,25.0
226,sympathy,2,25.0
226,sympathy,3,25.0
226,sympathy,4,25.0
227,trust,0,0.0
227,trust,1,25.0
227,trust,2,0.0
227,trust,3,0.0
227,trust,4,25.0
227,altruism,0,65.0
227,altruism,1,65.0
227,altruism,2,25.0
227,altruism,3,75.0
227,altruism,4,75.0
227,cooperation,0,10.0
227,cooperation,1,0.0
227,cooperation,2,10.0
227,cooperation,3,0.0
227,cooperation,4,0.0
227,modesty,0,10.0
227,modesty,1,10.0
227,modesty,2,10.0
227,modesty,3,10.0
227,modesty,4,10.0
227,sympathy,0,0.0
227,sympathy,1,0.0
227,sympathy,2,0.0
227,sympathy,3,0.0
227,sympathy,4,0.0
228,trust,0,25.0
228,trust,1,20.0
228,trust,2,25.0
228,trust,3,20.0
228,trust,4,65.0
228,altruism,0,85.0
228,altruism,1,65.0
228,altruism,2,85.0
228,altruism,3,85.0
228,altruism,4,85.0
228,cooperation,0,10.0
228,cooperation,1,20.0
228,cooperation,2,10.0
228,cooperation,3,10.0
228,cooperation,4,10.0
228,modesty,0,15.0
228,modesty,1,15.0
228,modesty,2,25.0
228,modesty,3,15.0
228,modesty,4,15.0
228,sympathy,0,25.0
228,sympathy,1,25.0
228,sympathy,2,25.0
228,sympathy,3,25.0
228,sympathy,4,25.0
229,trust,0,65.0
229,trust,1,65.0
229,trust,2,80.0
229,trust,3,65.0
229,trust,4,65.0
229,altruism,0,30.0
229,altruism,1,25.0
229,altruism,2,25.0
229,altruism,3,25.0
229,altruism,4,25.0
229,cooperation,0,85.0
229,cooperation,1,85.0
229,cooperation,2,85.0
229,cooperation,3,85.0
229,cooperation,4,85.0
229,modesty,0,25.0
229,modesty,1,25.0
229,modesty,2,25.0
229,modesty,3,25.0
229,modesty,4,25.0
229,sympathy,0,40.0
229,sympathy,1,25.0
229,sympathy,2,25.0
229,sympathy,3,45.0
229,sympathy,4,45.0
230,trust,0,45.0
230,trust,1,45.0
230,trust,2,45.0
230,trust,3,45.0
230,trust,4,45.0
230,altruism,0,25.0
230,altruism,1,25.0
230,altruism,2,30.0
230,altruism,3,25.0
230,altruism,4,30.0
230,cooperation,0,45.0
230,cooperation,1,45.0
230,cooperation,2,35.0
230,cooperation,3,45.0
230,cooperation,4,40.0
230,modesty,0,45.0
230,modesty,1,45.0
230,modesty,2,45.0
230,modesty,3,45.0
230,modesty,4,45.0
230,sympathy,0,45.0
230,sympathy,1,35.0
230,sympathy,2,45.0
230,sympathy,3,45.0
230,sympathy,4,45.0
231,trust,0,15.0
231,trust,1,15.0
231,trust,2,10.0
231,trust,3,10.0
231,trust,4,10.0
231,altruism,0,10.0
231,altruism,1,15.0
231,altruism,2,0.0
231,altruism,3,0.0
231,altruism,4,25.0
231,cooperation,0,20.0
231,cooperation,1,15.0
231,cooperation,2,10.0
231,cooperation,3,10.0
231,cooperation,4,10.0
231,modesty,0,25.0
231,modesty,1,25.0
231,modesty,2,25.0
231,modesty,3,15.0
231,modesty,4,25.0
231,sympathy,0,15.0
231,sympathy,1,15.0
231,sympathy,2,15.0
231,sympathy,3,10.0
231,sympathy,4,15.0
232,trust,0,25.0
232,trust,1,25.0
232,trust,2,25.0
232,trust,3,25.0
232,trust,4,25.0
232,altruism,0,25.0
232,altruism,1,25.0
232,altruism,2,25.0
232,altruism,3,25.0
232,altruism,4,25.0
232,cooperation,0,25.0
232,cooperation,1,20.0
232,cooperation,2,25.0
232,cooperation,3,25.0
232,cooperation,4,25.0
232,modesty,0,35.0
232,modesty,1,30.0
232,modesty,2,30.0
232,modesty,3,35.0
232,modesty,4,35.0
232,sympathy,0,15.0
232,sympathy,1,0.0
232,sympathy,2,25.0
232,sympathy,3,10.0
232,sympathy,4,15.0
233,trust,0,25.0
233,trust,1,25.0
233,trust,2,25.0
233,trust,3,25.0
233,trust,4,25.0
233,altruism,0,75.0
233,altruism,1,75.0
233,altruism,2,75.0
233,altruism,3,75.0
233,altruism,4,75.0
233,cooperation,0,25.0
233,cooperation,1,25.0
233,cooperation,2,25.0
233,cooperation,3,25.0
233,cooperation,4,25.0
233,modesty,0,30.0
233,modesty,1,30.0
233,modesty,2,25.0
233,modesty,3,35.0
233,modesty,4,30.0
233,sympathy,0,25.0
233,sympathy,1,25.0
233,sympathy,2,25.0
233,sympathy,3,25.0
233,sympathy,4,25.0
234,trust,0,85.0
234,trust,1,20.0
234,trust,2,60.0
234,trust,3,0.0
234,trust,4,20.0
234,altruism,0,85.0
234,altruism,1,85.0
234,altruism,2,85.0
234,altruism,3,85.0
234,altruism,4,85.0
234,cooperation,0,0.0
234,cooperation,1,0.0
234,cooperation,2,20.0
234,cooperation,3,10.0
234,cooperation,4,0.0
234,modesty,0,25.0
234,modesty,1,25.0
234,modesty,2,25.0
234,modesty,3,25.0
234,modesty,4,25.0
234,sympathy,0,25.0
234,sympathy,1,25.0
234,sympathy,2,25.0
234,sympathy,3,20.0
234,sympathy,4,25.0
235,trust,0,65.0
235,trust,1,85.0
235,trust,2,45.0
235,trust,3,85.0
235,trust,4,85.0
235,altruism,0,90.0
235,altruism,1,90.0
235,altruism,2,95.0
235,altruism,3,95.0
235,altruism,4,90.0
235,cooperation,0,10.0
235,cooperation,1,10.0
235,cooperation,2,10.0
235,cooperation,3,15.0
235,cooperation,4,10.0
235,modesty,0,10.0
235,modesty,1,10.0
235,modesty,2,10.0
235,modesty,3,15.0
235,modesty,4,10.0
235,sympathy,0,25.0
235,sympathy,1,25.0
235,sympathy,2,45.0
235,sympathy,3,25.0
235,sympathy,4,25.0
236,trust,0,25.0
236,trust,1,25.0
236,trust,2,25.0
236,trust,3,25.0
236,trust,4,25.0
236,altruism,0,25.0
236,altruism,1,25.0
236,altruism,2,25.0
236,altruism,3,25.0
236,altruism,4,25.0
236,cooperation,0,25.0
236,cooperation,1,25.0
236,cooperation,2,25.0
236,cooperation,3,25.0
236,cooperation,4,25.0
236,modesty,0,35.0
236,modesty,1,35.0
236,modesty,2,35.0
236,modesty,3,25.0
236,modesty,4,35.0
236,sympathy,0,0.0
236,sympathy,1,0.0
236,sympathy,2,0.0
236,sympathy,3,0.0
236,sympathy,4,0.0
237,trust,0,85.0
237,trust,1,25.0
237,trust,2,65.0
237,trust,3,65.0
237,trust,4,85.0
237,altruism,0,95.0
237,altruism,1,95.0
237,altruism,2,95.0
237,altruism,3,95.0
237,altruism,4,95.0
237,cooperation,0,25.0
237,cooperation,1,25.0
237,cooperation,2,20.0
237,cooperation,3,25.0
237,cooperation,4,25.0
237,modesty,0,25.0
237,modesty,1,10.0
237,modesty,2,25.0
237,modesty,3,25.0
237,modesty,4,25.0
237,sympathy,0,95.0
237,sympathy,1,95.0
237,sympathy,2,95.0
237,sympathy,3,95.0
237,sympathy,4,95.0
238,trust,0,85.0
238,trust,1,85.0
238,trust,2,85.0
238,trust,3,75.0
238,trust,4,85.0
238,altruism,0,85.0
238,altruism,1,85.0
238,altruism,2,85.0
238,altruism,3,75.0
238,altruism,4,85.0
238,cooperation,0,85.0
238,cooperation,1,85.0
238,cooperation,2,85.0
238,cooperation,3,85.0
238,cooperation,4,85.0
238,modesty,0,65.0
238,modesty,1,65.0
238,modesty,2,65.0
238,modesty,3,65.0
238,modesty,4,65.0
238,sympathy,0,85.0
238,sympathy,1,85.0
238,sympathy,2,85.0
238,sympathy,3,85.0
238,sympathy,4,85.0
239,trust,0,85.0
239,trust,1,65.0
239,trust,2,75.0
239,trust,3,85.0
239,trust,4,85.0
239,altruism,0,65.0
239,altruism,1,45.0
239,altruism,2,65.0
239,altruism,3,45.0
239,altruism,4,65.0
239,cooperation,0,30.0
239,cooperation,1,25.0
239,cooperation,2,25.0
239,cooperation,3,25.0
239,cooperation,4,25.0
239,modesty,0,30.0
239,modesty,1,30.0
239,modesty,2,30.0
239,modesty,3,30.0
239,modesty,4,35.0
239,sympathy,0,30.0
239,sympathy,1,30.0
239,sympathy,2,25.0
239,sympathy,3,30.0
239,sympathy,4,30.0
240,trust,0,75.0
240,trust,1,75.0
240,trust,2,75.0
240,trust,3,80.0
240,trust,4,75.0
240,altruism,0,40.0
240,altruism,1,40.0
240,altruism,2,40.0
240,altruism,3,40.0
240,altruism,4,40.0
240,cooperation,0,85.0
240,cooperation,1,85.0
240,cooperation,2,85.0
240,cooperation,3,85.0
240,cooperation,4,85.0
240,modesty,0,65.0
240,modesty,1,65.0
240,modesty,2,65.0
240,modesty,3,65.0
240,modesty,4,65.0
240,sympathy,0,85.0
240,sympathy,1,65.0
240,sympathy,2,75.0
240,sympathy,3,75.0
240,sympathy,4,80.0
241,trust,0,75.0
241,trust,1,70.0
241,trust,2,75.0
241,trust,3,70.0
241,trust,4,70.0
241,altruism,0,75.0
241,altruism,1,85.0
241,altruism,2,75.0
241,altruism,3,85.0
241,altruism,4,75.0
241,cooperation,0,85.0
241,cooperation,1,85.0
241,cooperation,2,85.0
241,cooperation,3,85.0
241,cooperation,4,85.0
241,modesty,0,85.0
241,modesty,1,85.0
241,modesty,2,85.0
241,modesty,3,85.0
241,modesty,4,85.0
241,sympathy,0,85.0
241,sympathy,1,85.0
241,sympathy,2,85.0
241,sympathy,3,85.0
241,sympathy,4,85.0
242,trust,0,75.0
242,trust,1,75.0
242,trust,2,75.0
242,trust,3,75.0
242,trust,4,75.0
242,altruism,0,25.0
242,altruism,1,25.0
242,altruism,2,25.0
242,altruism,3,30.0
242,altruism,4,30.0
242,cooperation,0,65.0
242,cooperation,1,65.0
242,cooperation,2,65.0
242,cooperation,3,65.0
242,cooperation,4,65.0
242,modesty,0,75.0
242,modesty,1,65.0
242,modesty,2,65.0
242,modesty,3,70.0
242,modesty,4,75.0
242,sympathy,0,45.0
242,sympathy,1,45.0
242,sympathy,2,45.0
242,sympathy,3,45.0
242,sympathy,4,45.0
243,trust,0,45.0
243,trust,1,45.0
243,trust,2,45.0
243,trust,3,45.0
243,trust,4,45.0
243,altruism,0,45.0
243,altruism,1,45.0
243,altruism,2,45.0
243,altruism,3,45.0
243,altruism,4,45.0
243,cooperation,0,75.0
243,cooperation,1,75.0
243,cooperation,2,65.0
243,cooperation,3,75.0
243,cooperation,4,75.0
243,modesty,0,65.0
243,modesty,1,75.0
243,modesty,2,75.0
243,modesty,3,75.0
243,modesty,4,75.0
243,sympathy,0,65.0
243,sympathy,1,65.0
243,sympathy,2,65.0
243,sympathy,3,65.0
243,sympathy,4,65.0
244,trust,0,65.0
244,trust,1,70.0
244,trust,2,65.0
244,trust,3,65.0
244,trust,4,65.0
244,altruism,0,35.0
244,altruism,1,35.0
244,altruism,2,35.0
244,altruism,3,35.0
244,altruism,4,35.0
244,cooperation,0,65.0
244,cooperation,1,65.0
244,cooperation,2,65.0
244,cooperation,3,65.0
244,cooperation,4,65.0
244,modesty,0,65.0
244,modesty,1,65.0
244,modesty,2,65.0
244,modesty,3,65.0
244,modesty,4,65.0
244,sympathy,0,45.0
244,sympathy,1,45.0
244,sympathy,2,45.0
244,sympathy,3,45.0
244,sympathy,4,45.0
245,trust,0,45.0
245,trust,1,45.0
245,trust,2,45.0
245,trust,3,45.0
245,trust,4,45.0
245,altruism,0,75.0
245,altruism,1,85.0
245,altruism,2,75.0
245,altruism,3,75.0
245,altruism,4,75.0
245,cooperation,0,25.0
245,cooperation,1,25.0
245,cooperation,2,45.0
245,cooperation,3,25.0
245,cooperation,4,40.0
245,modesty,0,45.0
245,modesty,1,45.0
245,modesty,2,45.0
245,modesty,3,45.0
245,modesty,4,45.0
245,sympathy,0,25.0
245,sympathy,1,25.0
245,sympathy,2,40.0
245,sympathy,3,25.0
245,sympathy,4,30.0
246,trust,0,65.0
246,trust,1,65.0
246,trust,2,65.0
246,trust,3,65.0
246,trust,4,65.0
246,altruism,0,75.0
246,altruism,1,65.0
246,altruism,2,75.0
246,altruism,3,75.0
246,altruism,4,65.0
246,cooperation,0,85.0
246,cooperation,1,85.0
246,cooperation,2,85.0
246,cooperation,3,85.0
246,cooperation,4,85.0
246,modesty,0,75.0
246,modesty,1,75.0
246,modesty,2,70.0
246,modesty,3,70.0
246,modesty,4,70.0
246,sympathy,0,75.0
246,sympathy,1,65.0
246,sympathy,2,75.0
246,sympathy,3,65.0
246,sympathy,4,75.0
247,trust,0,85.0
247,trust,1,85.0
247,trust,2,85.0
247,trust,3,85.0
247,trust,4,85.0
247,altruism,0,90.0
247,altruism,1,90.0
247,altruism,2,90.0
247,altruism,3,90.0
247,altruism,4,90.0
247,cooperation,0,85.0
247,cooperation,1,85.0
247,cooperation,2,85.0
247,cooperation,3,85.0
247,cooperation,4,80.0
247,modesty,0,40.0
247,modesty,1,40.0
247,modesty,2,40.0
247,modesty,3,35.0
247,modesty,4,40.0
247,sympathy,0,85.0
247,sympathy,1,90.0
247,sympathy,2,85.0
247,sympathy,3,85.0
247,sympathy,4,85.0
248,trust,0,90.0
248,trust,1,85.0
248,trust,2,85.0
248,trust,3,85.0
248,trust,4,85.0
248,altruism,0,65.0
248,altruism,1,65.0
248,altruism,2,65.0
248,altruism,3,65.0
248,altruism,4,80.0
248,cooperation,0,85.0
248,cooperation,1,85.0
248,cooperation,2,75.0
248,cooperation,3,85.0
248,cooperation,4,85.0
248,modesty,0,65.0
248,modesty,1,65.0
248,modesty,2,65.0
248,modesty,3,65.0
248,modesty,4,65.0
248,sympathy,0,85.0
248,sympathy,1,85.0
248,sympathy,2,85.0
248,sympathy,3,85.0
248,sympathy,4,85.0
249,trust,0,70.0
249,trust,1,70.0
249,trust,2,65.0
249,trust,3,70.0
249,trust,4,65.0
249,altruism,0,65.0
249,altruism,1,70.0
249,altruism,2,65.0
249,altruism,3,65.0
249,altruism,4,65.0
249,cooperation,0,85.0
249,cooperation,1,85.0
249,cooperation,2,85.0
249,cooperation,3,85.0
249,cooperation,4,85.0
249,modesty,0,65.0
249,modesty,1,75.0
249,modesty,2,75.0
249,modesty,3,65.0
249,modesty,4,65.0
249,sympathy,0,85.0
249,sympathy,1,85.0
249,sympathy,2,85.0
249,sympathy,3,90.0
249,sympathy,4,85.0
250,trust,0,85.0
250,trust,1,65.0
250,trust,2,75.0
250,trust,3,65.0
250,trust,4,75.0
250,altruism,0,95.0
250,altruism,1,95.0
250,altruism,2,90.0
250,altruism,3,90.0
250,altruism,4,95.0
250,cooperation,0,90.0
250,cooperation,1,90.0
250,cooperation,2,90.0
250,cooperation,3,90.0
250,cooperation,4,90.0
250,modesty,0,85.0
250,modesty,1,85.0
250,modesty,2,85.0
250,modesty,3,85.0
250,modesty,4,85.0
250,sympathy,0,85.0
250,sympathy,1,85.0
250,sympathy,2,85.0
250,sympathy,3,85.0
250,sympathy,4,85.0
251,trust,0,80.0
251,trust,1,85.0
251,trust,2,85.0
251,trust,3,85.0
251,trust,4,85.0
251,altruism,0,90.0
251,altruism,1,90.0
251,altruism,2,90.0
251,altruism,3,90.0
251,altruism,4,90.0
251,cooperation,0,25.0
251,cooperation,1,25.0
251,cooperation,2,25.0
251,cooperation,3,65.0
251,cooperation,4,25.0
251,modesty,0,45.0
251,modesty,1,65.0
251,modesty,2,45.0
251,modesty,3,45.0
251,modesty,4,45.0
251,sympathy,0,90.0
251,sympathy,1,85.0
251,sympathy,2,85.0
251,sympathy,3,85.0
251,sympathy,4,90.0
252,trust,0,85.0
252,trust,1,80.0
252,trust,2,75.0
252,trust,3,85.0
252,trust,4,85.0
252,altruism,0,85.0
252,altruism,1,85.0
252,altruism,2,85.0
252,altruism,3,85.0
252,altruism,4,85.0
252,cooperation,0,85.0
252,cooperation,1,85.0
252,cooperation,2,85.0
252,cooperation,3,85.0
252,cooperation,4,85.0
252,modesty,0,65.0
252,modesty,1,75.0
252,modesty,2,65.0
252,modesty,3,65.0
252,modesty,4,65.0
252,sympathy,0,75.0
252,sympathy,1,85.0
252,sympathy,2,85.0
252,sympathy,3,85.0
252,sympathy,4,85.0
253,trust,0,85.0
253,trust,1,85.0
253,trust,2,85.0
253,trust,3,75.0
253,trust,4,85.0
253,altruism,0,85.0
253,altruism,1,85.0
253,altruism,2,85.0
253,altruism,3,85.0
253,altruism,4,85.0
253,cooperation,0,75.0
253,cooperation,1,75.0
253,cooperation,2,75.0
253,cooperation,3,75.0
253,cooperation,4,75.0
253,modesty,0,45.0
253,modesty,1,65.0
253,modesty,2,55.0
253,modesty,3,65.0
253,modesty,4,45.0
253,sympathy,0,65.0
253,sympathy,1,65.0
253,sympathy,2,45.0
253,sympathy,3,45.0
253,sympathy,4,45.0
254,trust,0,75.0
254,trust,1,75.0
254,trust,2,75.0
254,trust,3,75.0
254,trust,4,75.0
254,altruism,0,25.0
254,altruism,1,25.0
254,altruism,2,40.0
254,altruism,3,25.0
254,altruism,4,40.0
254,cooperation,0,85.0
254,cooperation,1,85.0
254,cooperation,2,85.0
254,cooperation,3,85.0
254,cooperation,4,85.0
254,modesty,0,70.0
254,modesty,1,70.0
254,modesty,2,75.0
254,modesty,3,75.0
254,modesty,4,75.0
254,sympathy,0,65.0
254,sympathy,1,65.0
254,sympathy,2,65.0
254,sympathy,3,65.0
254,sympathy,4,65.0
255,trust,0,75.0
255,trust,1,75.0
255,trust,2,70.0
255,trust,3,75.0
255,trust,4,70.0
255,altruism,0,85.0
255,altruism,1,85.0
255,altruism,2,85.0
255,altruism,3,80.0
255,altruism,4,85.0
255,cooperation,0,75.0
255,cooperation,1,75.0
255,cooperation,2,75.0
255,cooperation,3,75.0
255,cooperation,4,85.0
255,modesty,0,65.0
255,modesty,1,65.0
255,modesty,2,65.0
255,modesty,3,65.0
255,modesty,4,65.0
255,sympathy,0,75.0
255,sympathy,1,75.0
255,sympathy,2,75.0
255,sympathy,3,75.0
255,sympathy,4,75.0
256,trust,0,75.0
256,trust,1,65.0
256,trust,2,85.0
256,trust,3,65.0
256,trust,4,65.0
256,altruism,0,85.0
256,altruism,1,75.0
256,altruism,2,85.0
256,altruism,3,75.0
256,altruism,4,75.0
256,cooperation,0,90.0
256,cooperation,1,85.0
256,cooperation,2,85.0
256,cooperation,3,85.0
256,cooperation,4,85.0
256,modesty,0,65.0
256,modesty,1,65.0
256,modesty,2,65.0
256,modesty,3,65.0
256,modesty,4,65.0
256,sympathy,0,85.0
256,sympathy,1,85.0
256,sympathy,2,85.0
256,sympathy,3,85.0
256,sympathy,4,85.0
257,trust,0,70.0
257,trust,1,75.0
257,trust,2,65.0
257,trust,3,75.0
257,trust,4,75.0
257,altruism,0,85.0
257,altruism,1,85.0
257,altruism,2,85.0
257,altruism,3,85.0
257,altruism,4,85.0
257,cooperation,0,75.0
257,cooperation,1,85.0
257,cooperation,2,85.0
257,cooperation,3,85.0
257,cooperation,4,85.0
257,modesty,0,85.0
257,modesty,1,85.0
257,modesty,2,75.0
257,modesty,3,75.0
257,modesty,4,85.0
257,sympathy,0,75.0
257,sympathy,1,75.0
257,sympathy,2,75.0
257,sympathy,3,85.0
257,sympathy,4,75.0
258,trust,0,65.0
258,trust,1,75.0
258,trust,2,65.0
258,trust,3,65.0
258,trust,4,65.0
258,altruism,0,85.0
258,altruism,1,90.0
258,altruism,2,85.0
258,altruism,3,85.0
258,altruism,4,90.0
258,cooperation,0,75.0
258,cooperation,1,75.0
258,cooperation,2,85.0
258,cooperation,3,75.0
258,cooperation,4,85.0
258,modesty,0,75.0
258,modesty,1,75.0
258,modesty,2,75.0
258,modesty,3,75.0
258,modesty,4,85.0
258,sympathy,0,85.0
258,sympathy,1,85.0
258,sympathy,2,85.0
258,sympathy,3,85.0
258,sympathy,4,85.0
259,trust,0,70.0
259,trust,1,70.0
259,trust,2,65.0
259,trust,3,65.0
259,trust,4,65.0
259,altruism,0,65.0
259,altruism,1,65.0
259,altruism,2,65.0
259,altruism,3,65.0
259,altruism,4,45.0
259,cooperation,0,85.0
259,cooperation,1,85.0
259,cooperation,2,85.0
259,cooperation,3,85.0
259,cooperation,4,85.0
259,modesty,0,85.0
259,modesty,1,90.0
259,modesty,2,85.0
259,modesty,3,85.0
259,modesty,4,85.0
259,sympathy,0,55.0
259,sympathy,1,65.0
259,sympathy,2,45.0
259,sympathy,3,45.0
259,sympathy,4,45.0
260,trust,0,65.0
260,trust,1,65.0
260,trust,2,65.0
260,trust,3,65.0
260,trust,4,65.0
260,altruism,0,75.0
260,altruism,1,75.0
260,altruism,2,75.0
260,altruism,3,75.0
260,altruism,4,75.0
260,cooperation,0,85.0
260,cooperation,1,85.0
260,cooperation,2,85.0
260,cooperation,3,75.0
260,cooperation,4,75.0
260,modesty,0,75.0
260,modesty,1,85.0
260,modesty,2,75.0
260,modesty,3,75.0
260,modesty,4,85.0
260,sympathy,0,65.0
260,sympathy,1,65.0
260,sympathy,2,65.0
260,sympathy,3,65.0
260,sympathy,4,65.0
261,trust,0,45.0
261,trust,1,45.0
261,trust,2,45.0
261,trust,3,45.0
261,trust,4,45.0
261,altruism,0,25.0
261,altruism,1,25.0
261,altruism,2,25.0
261,altruism,3,25.0
261,altruism,4,25.0
261,cooperation,0,35.0
261,cooperation,1,45.0
261,cooperation,2,25.0
261,cooperation,3,30.0
261,cooperation,4,25.0
261,modesty,0,35.0
261,modesty,1,30.0
261,modesty,2,45.0
261,modesty,3,35.0
261,modesty,4,35.0
261,sympathy,0,25.0
261,sympathy,1,25.0
261,sympathy,2,25.0
261,sympathy,3,25.0
261,sympathy,4,25.0
262,trust,0,65.0
262,trust,1,65.0
262,trust,2,70.0
262,trust,3,65.0
262,trust,4,65.0
262,altruism,0,25.0
262,altruism,1,25.0
262,altruism,2,25.0
262,altruism,3,25.0
262,altruism,4,25.0
262,cooperation,0,90.0
262,cooperation,1,85.0
262,cooperation,2,85.0
262,cooperation,3,85.0
262,cooperation,4,85.0
262,modesty,0,85.0
262,modesty,1,85.0
262,modesty,2,75.0
262,modesty,3,85.0
262,modesty,4,75.0
262,sympathy,0,85.0
262,sympathy,1,75.0
262,sympathy,2,75.0
262,sympathy,3,85.0
262,sympathy,4,85.0
263,trust,0,75.0
263,trust,1,85.0
263,trust,2,75.0
263,trust,3,75.0
263,trust,4,75.0
263,altruism,0,85.0
263,altruism,1,90.0
263,altruism,2,90.0
263,altruism,3,85.0
263,altruism,4,85.0
263,cooperation,0,85.0
263,cooperation,1,85.0
263,cooperation,2,85.0
263,cooperation,3,85.0
263,cooperation,4,85.0
263,modesty,0,65.0
263,modesty,1,75.0
263,modesty,2,70.0
263,modesty,3,65.0
263,modesty,4,70.0
263,sympathy,0,75.0
263,sympathy,1,75.0
263,sympathy,2,75.0
263,sympathy,3,75.0
263,sympathy,4,75.0
264,trust,0,85.0
264,trust,1,85.0
264,trust,2,85.0
264,trust,3,85.0
264,trust,4,85.0
264,altruism,0,85.0
264,altruism,1,85.0
264,altruism,2,85.0
264,altruism,3,85.0
264,altruism,4,85.0
264,cooperation,0,45.0
264,cooperation,1,45.0
264,cooperation,2,45.0
264,cooperation,3,45.0
264,cooperation,4,45.0
264,modesty,0,45.0
264,modesty,1,45.0
264,modesty,2,45.0
264,modesty,3,65.0
264,modesty,4,45.0
264,sympathy,0,65.0
264,sympathy,1,65.0
264,sympathy,2,65.0
264,sympathy,3,65.0
264,sympathy,4,65.0
265,trust,0,65.0
265,trust,1,65.0
265,trust,2,65.0
265,trust,3,65.0
265,trust,4,65.0
265,altruism,0,45.0
265,altruism,1,45.0
265,altruism,2,45.0
265,altruism,3,45.0
265,altruism,4,45.0
265,cooperation,0,85.0
265,cooperation,1,85.0
265,cooperation,2,85.0
265,cooperation,3,85.0
265,cooperation,4,85.0
265,modesty,0,90.0
265,modesty,1,85.0
265,modesty,2,85.0
265,modesty,3,90.0
265,modesty,4,90.0
265,sympathy,0,45.0
265,sympathy,1,45.0
265,sympathy,2,45.0
265,sympathy,3,45.0
265,sympathy,4,45.0
266,trust,0,65.0
266,trust,1,65.0
266,trust,2,65.0
266,trust,3,65.0
266,trust,4,65.0
266,altruism,0,65.0
266,altruism,1,75.0
266,altruism,2,85.0
266,altruism,3,75.0
266,altruism,4,75.0
266,cooperation,0,85.0
266,cooperation,1,85.0
266,cooperation,2,85.0
266,cooperation,3,85.0
266,cooperation,4,85.0
266,modesty,0,85.0
266,modesty,1,75.0
266,modesty,2,85.0
266,modesty,3,85.0
266,modesty,4,75.0
266,sympathy,0,65.0
266,sympathy,1,65.0
266,sympathy,2,65.0
266,sympathy,3,65.0
266,sympathy,4,65.0
267,trust,0,85.0
267,trust,1,90.0
267,trust,2,85.0
267,trust,3,85.0
267,trust,4,65.0
267,altruism,0,85.0
267,altruism,1,85.0
267,altruism,2,85.0
267,altruism,3,85.0
267,altruism,4,85.0
267,cooperation,0,90.0
267,cooperation,1,90.0
267,cooperation,2,90.0
267,cooperation,3,90.0
267,cooperation,4,90.0
267,modesty,0,65.0
267,modesty,1,65.0
267,modesty,2,75.0
267,modesty,3,65.0
267,modesty,4,65.0
267,sympathy,0,85.0
267,sympathy,1,85.0
267,sympathy,2,85.0
267,sympathy,3,85.0
267,sympathy,4,85.0
268,trust,0,80.0
268,trust,1,80.0
268,trust,2,85.0
268,trust,3,80.0
268,trust,4,80.0
268,altruism,0,85.0
268,altruism,1,85.0
268,altruism,2,85.0
268,altruism,3,85.0
268,altruism,4,85.0
268,cooperation,0,90.0
268,cooperation,1,90.0
268,cooperation,2,85.0
268,cooperation,3,90.0
268,cooperation,4,90.0
268,modesty,0,70.0
268,modesty,1,75.0
268,modesty,2,70.0
268,modesty,3,70.0
268,modesty,4,75.0
268,sympathy,0,85.0
268,sympathy,1,85.0
268,sympathy,2,90.0
268,sympathy,3,90.0
268,sympathy,4,85.0
269,trust,0,90.0
269,trust,1,90.0
269,trust,2,85.0
269,trust,3,90.0
269,trust,4,90.0
269,altruism,0,65.0
269,altruism,1,65.0
269,altruism,2,65.0
269,altruism,3,65.0
269,altruism,4,65.0
269,cooperation,0,45.0
269,cooperation,1,45.0
269,cooperation,2,45.0
269,cooperation,3,60.0
269,cooperation,4,45.0
269,modesty,0,45.0
269,modesty,1,45.0
269,modesty,2,45.0
269,modesty,3,45.0
269,modesty,4,45.0
269,sympathy,0,65.0
269,sympathy,1,45.0
269,sympathy,2,45.0
269,sympathy,3,65.0
269,sympathy,4,65.0
270,trust,0,75.0
270,trust,1,75.0
270,trust,2,75.0
270,trust,3,75.0
270,trust,4,75.0
270,altruism,0,45.0
270,altruism,1,45.0
270,altruism,2,45.0
270,altruism,3,40.0
270,altruism,4,45.0
270,cooperation,0,80.0
270,cooperation,1,75.0
270,cooperation,2,85.0
270,cooperation,3,75.0
270,cooperation,4,75.0
270,modesty,0,75.0
270,modesty,1,75.0
270,modesty,2,75.0
270,modesty,3,75.0
270,modesty,4,75.0
270,sympathy,0,75.0
270,sympathy,1,75.0
270,sympathy,2,75.0
270,sympathy,3,75.0
270,sympathy,4,75.0
271,trust,0,45.0
271,trust,1,45.0
271,trust,2,45.0
271,trust,3,45.0
271,trust,4,45.0
271,altruism,0,45.0
271,altruism,1,45.0
271,altruism,2,45.0
271,altruism,3,45.0
271,altruism,4,45.0
271,cooperation,0,75.0
271,cooperation,1,75.0
271,cooperation,2,75.0
271,cooperation,3,75.0
271,cooperation,4,75.0
271,modesty,0,65.0
271,modesty,1,65.0
271,modesty,2,65.0
271,modesty,3,65.0
271,modesty,4,65.0
271,sympathy,0,45.0
271,sympathy,1,45.0
271,sympathy,2,45.0
271,sympathy,3,45.0
271,sympathy,4,45.0
272,trust,0,45.0
272,trust,1,45.0
272,trust,2,45.0
272,trust,3,60.0
272,trust,4,45.0
272,altruism,0,45.0
272,altruism,1,45.0
272,altruism,2,45.0
272,altruism,3,45.0
272,altruism,4,45.0
272,cooperation,0,65.0
272,cooperation,1,65.0
272,cooperation,2,75.0
272,cooperation,3,75.0
272,cooperation,4,75.0
272,modesty,0,75.0
272,modesty,1,80.0
272,modesty,2,85.0
272,modesty,3,85.0
272,modesty,4,80.0
272,sympathy,0,45.0
272,sympathy,1,45.0
272,sympathy,2,45.0
272,sympathy,3,45.0
272,sympathy,4,45.0
273,trust,0,65.0
273,trust,1,65.0
273,trust,2,65.0
273,trust,3,65.0
273,trust,4,65.0
273,altruism,0,45.0
273,altruism,1,45.0
273,altruism,2,45.0
273,altruism,3,45.0
273,altruism,4,45.0
273,cooperation,0,75.0
273,cooperation,1,75.0
273,cooperation,2,75.0
273,cooperation,3,75.0
273,cooperation,4,75.0
273,modesty,0,75.0
273,modesty,1,75.0
273,modesty,2,75.0
273,modesty,3,75.0
273,modesty,4,75.0
273,sympathy,0,45.0
273,sympathy,1,45.0
273,sympathy,2,45.0
273,sympathy,3,45.0
273,sympathy,4,45.0
274,trust,0,60.0
274,trust,1,60.0
274,trust,2,65.0
274,trust,3,65.0
274,trust,4,60.0
274,altruism,0,45.0
274,altruism,1,45.0
274,altruism,2,45.0
274,altruism,3,40.0
274,altruism,4,45.0
274,cooperation,0,85.0
274,cooperation,1,85.0
274,cooperation,2,85.0
274,cooperation,3,85.0
274,cooperation,4,85.0
274,modesty,0,75.0
274,modesty,1,75.0
274,modesty,2,75.0
274,modesty,3,75.0
274,modesty,4,75.0
274,sympathy,0,65.0
274,sympathy,1,65.0
274,sympathy,2,65.0
274,sympathy,3,65.0
274,sympathy,4,65.0
275,trust,0,65.0
275,trust,1,65.0
275,trust,2,65.0
275,trust,3,65.0
275,trust,4,65.0
275,altruism,0,65.0
275,altruism,1,65.0
275,altruism,2,65.0
275,altruism,3,65.0
275,altruism,4,65.0
275,cooperation,0,85.0
275,cooperation,1,85.0
275,cooperation,2,85.0
275,cooperation,3,85.0
275,cooperation,4,85.0
275,modesty,0,85.0
275,modesty,1,85.0
275,modesty,2,85.0
275,modesty,3,85.0
275,modesty,4,85.0
275,sympathy,0,65.0
275,sympathy,1,65.0
275,sympathy,2,65.0
275,sympathy,3,65.0
275,sympathy,4,65.0
276,trust,0,45.0
276,trust,1,45.0
276,trust,2,45.0
276,trust,3,45.0
276,trust,4,45.0
276,altruism,0,45.0
276,altruism,1,45.0
276,altruism,2,40.0
276,altruism,3,45.0
276,altruism,4,45.0
276,cooperation,0,75.0
276,cooperation,1,75.0
276,cooperation,2,75.0
276,cooperation,3,75.0
276,cooperation,4,75.0
276,modesty,0,65.0
276,modesty,1,65.0
276,modesty,2,65.0
276,modesty,3,65.0
276,modesty,4,65.0
276,sympathy,0,55.0
276,sympathy,1,45.0
276,sympathy,2,45.0
276,sympathy,3,45.0
276,sympathy,4,45.0
277,trust,0,65.0
277,trust,1,65.0
277,trust,2,65.0
277,trust,3,65.0
277,trust,4,65.0
277,altruism,0,75.0
277,altruism,1,75.0
277,altruism,2,75.0
277,altruism,3,75.0
277,altruism,4,75.0
277,cooperation,0,85.0
277,cooperation,1,85.0
277,cooperation,2,85.0
277,cooperation,3,85.0
277,cooperation,4,85.0
277,modesty,0,75.0
277,modesty,1,75.0
277,modesty,2,75.0
277,modesty,3,75.0
277,modesty,4,75.0
277,sympathy,0,65.0
277,sympathy,1,65.0
277,sympathy,2,65.0
277,sympathy,3,65.0
277,sympathy,4,65.0
278,trust,0,40.0
278,trust,1,40.0
278,trust,2,40.0
278,trust,3,40.0
278,trust,4,40.0
278,altruism,0,35.0
278,altruism,1,40.0
278,altruism,2,40.0
278,altruism,3,40.0
278,altruism,4,40.0
278,cooperation,0,75.0
278,cooperation,1,65.0
278,cooperation,2,75.0
278,cooperation,3,75.0
278,cooperation,4,75.0
278,modesty,0,70.0
278,modesty,1,70.0
278,modesty,2,70.0
278,modesty,3,70.0
278,modesty,4,70.0
278,sympathy,0,45.0
278,sympathy,1,45.0
278,sympathy,2,45.0
278,sympathy,3,45.0
278,sympathy,4,45.0
279,trust,0,75.0
279,trust,1,75.0
279,trust,2,75.0
279,trust,3,75.0
279,trust,4,75.0
279,altruism,0,90.0
279,altruism,1,90.0
279,altruism,2,90.0
279,altruism,3,90.0
279,altruism,4,90.0
279,cooperation,0,90.0
279,cooperation,1,90.0
279,cooperation,2,90.0
279,cooperation,3,90.0
279,cooperation,4,90.0
279,modesty,0,85.0
279,modesty,1,85.0
279,modesty,2,85.0
279,modesty,3,85.0
279,modesty,4,85.0
279,sympathy,0,85.0
279,sympathy,1,85.0
279,sympathy,2,85.0
279,sympathy,3,85.0
279,sympathy,4,85.0
280,trust,0,75.0
280,trust,1,75.0
280,trust,2,75.0
280,trust,3,75.0
280,trust,4,75.0
280,altruism,0,85.0
280,altruism,1,85.0
280,altruism,2,85.0
280,altruism,3,85.0
280,altruism,4,85.0
280,cooperation,0,85.0
280,cooperation,1,85.0
280,cooperation,2,85.0
280,cooperation,3,85.0
280,cooperation,4,85.0
280,modesty,0,75.0
280,modesty,1,75.0
280,modesty,2,75.0
280,modesty,3,75.0
280,modesty,4,75.0
280,sympathy,0,85.0
280,sympathy,1,85.0
280,sympathy,2,85.0
280,sympathy,3,85.0
280,sympathy,4,85.0
281,trust,0,65.0
281,trust,1,60.0
281,trust,2,65.0
281,trust,3,45.0
281,trust,4,45.0
281,altruism,0,65.0
281,altruism,1,65.0
281,altruism,2,65.0
281,altruism,3,65.0
281,altruism,4,70.0
281,cooperation,0,75.0
281,cooperation,1,75.0
281,cooperation,2,75.0
281,cooperation,3,75.0
281,cooperation,4,75.0
281,modesty,0,65.0
281,modesty,1,75.0
281,modesty,2,65.0
281,modesty,3,85.0
281,modesty,4,65.0
281,sympathy,0,65.0
281,sympathy,1,65.0
281,sympathy,2,45.0
281,sympathy,3,65.0
281,sympathy,4,65.0
282,trust,0,75.0
282,trust,1,75.0
282,trust,2,75.0
282,trust,3,75.0
282,trust,4,75.0
282,altruism,0,85.0
282,altruism,1,85.0
282,altruism,2,85.0
282,altruism,3,85.0
282,altruism,4,85.0
282,cooperation,0,85.0
282,cooperation,1,90.0
282,cooperation,2,85.0
282,cooperation,3,85.0
282,cooperation,4,90.0
282,modesty,0,75.0
282,modesty,1,85.0
282,modesty,2,85.0
282,modesty,3,85.0
282,modesty,4,75.0
282,sympathy,0,75.0
282,sympathy,1,75.0
282,sympathy,2,75.0
282,sympathy,3,85.0
282,sympathy,4,75.0
283,trust,0,65.0
283,trust,1,65.0
283,trust,2,65.0
283,trust,3,65.0
283,trust,4,65.0
283,altruism,0,45.0
283,altruism,1,45.0
283,altruism,2,45.0
283,altruism,3,45.0
283,altruism,4,45.0
283,cooperation,0,45.0
283,cooperation,1,45.0
283,cooperation,2,45.0
283,cooperation,3,45.0
283,cooperation,4,45.0
283,modesty,0,45.0
283,modesty,1,45.0
283,modesty,2,45.0
283,modesty,3,45.0
283,modesty,4,45.0
283,sympathy,0,35.0
283,sympathy,1,45.0
283,sympathy,2,30.0
283,sympathy,3,35.0
283,sympathy,4,30.0
284,trust,0,75.0
284,trust,1,75.0
284,trust,2,75.0
284,trust,3,75.0
284,trust,4,85.0
284,altruism,0,45.0
284,altruism,1,45.0
284,altruism,2,45.0
284,altruism,3,45.0
284,altruism,4,45.0
284,cooperation,0,75.0
284,cooperation,1,75.0
284,cooperation,2,65.0
284,cooperation,3,75.0
284,cooperation,4,65.0
284,modesty,0,55.0
284,modesty,1,65.0
284,modesty,2,55.0
284,modesty,3,65.0
284,modesty,4,65.0
284,sympathy,0,65.0
284,sympathy,1,65.0
284,sympathy,2,65.0
284,sympathy,3,65.0
284,sympathy,4,65.0
285,trust,0,85.0
285,trust,1,70.0
285,trust,2,75.0
285,trust,3,70.0
285,trust,4,75.0
285,altruism,0,85.0
285,altruism,1,85.0
285,altruism,2,85.0
285,altruism,3,85.0
285,altruism,4,85.0
285,cooperation,0,85.0
285,cooperation,1,85.0
285,cooperation,2,85.0
285,cooperation,3,85.0
285,cooperation,4,85.0
285,modesty,0,75.0
285,modesty,1,75.0
285,modesty,2,75.0
285,modesty,3,75.0
285,modesty,4,75.0
285,sympathy,0,65.0
285,sympathy,1,65.0
285,sympathy,2,75.0
285,sympathy,3,65.0
285,sympathy,4,65.0
286,trust,0,65.0
286,trust,1,65.0
286,trust,2,70.0
286,trust,3,70.0
286,trust,4,65.0
286,altruism,0,75.0
286,altruism,1,75.0
286,altruism,2,75.0
286,altruism,3,75.0
286,altruism,4,75.0
286,cooperation,0,85.0
286,cooperation,1,85.0
286,cooperation,2,85.0
286,cooperation,3,85.0
286,cooperation,4,85.0
286,modesty,0,85.0
286,modesty,1,75.0
286,modesty,2,85.0
286,modesty,3,85.0
286,modesty,4,85.0
286,sympathy,0,65.0
286,sympathy,1,65.0
286,sympathy,2,70.0
286,sympathy,3,65.0
286,sympathy,4,65.0
287,trust,0,85.0
287,trust,1,80.0
287,trust,2,80.0
287,trust,3,85.0
287,trust,4,75.0
287,altruism,0,85.0
287,altruism,1,85.0
287,altruism,2,85.0
287,altruism,3,85.0
287,altruism,4,85.0
287,cooperation,0,85.0
287,cooperation,1,85.0
287,cooperation,2,85.0
287,cooperation,3,85.0
287,cooperation,4,85.0
287,modesty,0,65.0
287,modesty,1,75.0
287,modesty,2,65.0
287,modesty,3,65.0
287,modesty,4,65.0
287,sympathy,0,85.0
287,sympathy,1,85.0
287,sympathy,2,85.0
287,sympathy,3,85.0
287,sympathy,4,85.0
288,trust,0,75.0
288,trust,1,75.0
288,trust,2,75.0
288,trust,3,75.0
288,trust,4,75.0
288,altruism,0,85.0
288,altruism,1,85.0
288,altruism,2,85.0
288,altruism,3,85.0
288,altruism,4,85.0
288,cooperation,0,85.0
288,cooperation,1,85.0
288,cooperation,2,85.0
288,cooperation,3,85.0
288,cooperation,4,85.0
288,modesty,0,85.0
288,modesty,1,85.0
288,modesty,2,85.0
288,modesty,3,75.0
288,modesty,4,85.0
288,sympathy,0,75.0
288,sympathy,1,75.0
288,sympathy,2,75.0
288,sympathy,3,75.0
288,sympathy,4,75.0
289,trust,0,45.0
289,trust,1,45.0
289,trust,2,45.0
289,trust,3,45.0
289,trust,4,45.0
289,altruism,0,45.0
289,altruism,1,45.0
289,altruism,2,45.0
289,altruism,3,45.0
289,altruism,4,45.0
289,cooperation,0,75.0
289,cooperation,1,75.0
289,cooperation,2,75.0
289,cooperation,3,75.0
289,cooperation,4,75.0
289,modesty,0,75.0
289,modesty,1,75.0
289,modesty,2,75.0
289,modesty,3,75.0
289,modesty,4,75.0
289,sympathy,0,45.0
289,sympathy,1,45.0
289,sympathy,2,45.0
289,sympathy,3,45.0
289,sympathy,4,45.0
290,trust,0,60.0
290,trust,1,60.0
290,trust,2,60.0
290,trust,3,60.0
290,trust,4,60.0
290,altruism,0,65.0
290,altruism,1,65.0
290,altruism,2,65.0
290,altruism,3,65.0
290,altruism,4,65.0
290,cooperation,0,75.0
290,cooperation,1,85.0
290,cooperation,2,85.0
290,cooperation,3,85.0
290,cooperation,4,85.0
290,modesty,0,70.0
290,modesty,1,75.0
290,modesty,2,65.0
290,modesty,3,75.0
290,modesty,4,65.0
290,sympathy,0,45.0
290,sympathy,1,45.0
290,sympathy,2,45.0
290,sympathy,3,45.0
290,sympathy,4,45.0
291,trust,0,75.0
291,trust,1,65.0
291,trust,2,75.0
291,trust,3,70.0
291,trust,4,75.0
291,altruism,0,85.0
291,altruism,1,85.0
291,altruism,2,85.0
291,altruism,3,75.0
291,altruism,4,85.0
291,cooperation,0,85.0
291,cooperation,1,85.0
291,cooperation,2,85.0
291,cooperation,3,85.0
291,cooperation,4,85.0
291,modesty,0,65.0
291,modesty,1,65.0
291,modesty,2,65.0
291,modesty,3,65.0
291,modesty,4,65.0
291,sympathy,0,75.0
291,sympathy,1,85.0
291,sympathy,2,85.0
291,sympathy,3,85.0
291,sympathy,4,85.0
292,trust,0,45.0
292,trust,1,45.0
292,trust,2,45.0
292,trust,3,45.0
292,trust,4,45.0
292,altruism,0,35.0
292,altruism,1,30.0
292,altruism,2,35.0
292,altruism,3,25.0
292,altruism,4,30.0
292,cooperation,0,65.0
292,cooperation,1,65.0
292,cooperation,2,75.0
292,cooperation,3,65.0
292,cooperation,4,65.0
292,modesty,0,65.0
292,modesty,1,65.0
292,modesty,2,65.0
292,modesty,3,65.0
292,modesty,4,75.0
292,sympathy,0,75.0
292,sympathy,1,75.0
292,sympathy,2,75.0
292,sympathy,3,75.0
292,sympathy,4,65.0
293,trust,0,65.0
293,trust,1,45.0
293,trust,2,40.0
293,trust,3,45.0
293,trust,4,65.0
293,altruism,0,65.0
293,altruism,1,65.0
293,altruism,2,75.0
293,altruism,3,65.0
293,altruism,4,65.0
293,cooperation,0,85.0
293,cooperation,1,85.0
293,cooperation,2,85.0
293,cooperation,3,85.0
293,cooperation,4,85.0
293,modesty,0,65.0
293,modesty,1,65.0
293,modesty,2,65.0
293,modesty,3,65.0
293,modesty,4,65.0
293,sympathy,0,65.0
293,sympathy,1,65.0
293,sympathy,2,65.0
293,sympathy,3,65.0
293,sympathy,4,65.0
294,trust,0,85.0
294,trust,1,85.0
294,trust,2,85.0
294,trust,3,85.0
294,trust,4,85.0
294,altruism,0,75.0
294,altruism,1,75.0
294,altruism,2,75.0
294,altruism,3,75.0
294,altruism,4,75.0
294,cooperation,0,85.0
294,cooperation,1,75.0
294,cooperation,2,75.0
294,cooperation,3,75.0
294,cooperation,4,85.0
294,modesty,0,70.0
294,modesty,1,75.0
294,modesty,2,65.0
294,modesty,3,65.0
294,modesty,4,70.0
294,sympathy,0,65.0
294,sympathy,1,45.0
294,sympathy,2,45.0
294,sympathy,3,65.0
294,sympathy,4,45.0
295,trust,0,60.0
295,trust,1,60.0
295,trust,2,50.0
295,trust,3,45.0
295,trust,4,60.0
295,altruism,0,45.0
295,altruism,1,45.0
295,altruism,2,45.0
295,altruism,3,45.0
295,altruism,4,45.0
295,cooperation,0,65.0
295,cooperation,1,75.0
295,cooperation,2,75.0
295,cooperation,3,75.0
295,cooperation,4,75.0
295,modesty,0,90.0
295,modesty,1,90.0
295,modesty,2,90.0
295,modesty,3,90.0
295,modesty,4,90.0
295,sympathy,0,45.0
295,sympathy,1,45.0
295,sympathy,2,45.0
295,sympathy,3,45.0
295,sympathy,4,45.0
296,trust,0,65.0
296,trust,1,65.0
296,trust,2,65.0
296,trust,3,65.0
296,trust,4,65.0
296,altruism,0,85.0
296,altruism,1,75.0
296,altruism,2,70.0
296,altruism,3,75.0
296,altruism,4,70.0
296,cooperation,0,85.0
296,cooperation,1,85.0
296,cooperation,2,85.0
296,cooperation,3,85.0
296,cooperation,4,85.0
296,modesty,0,75.0
296,modesty,1,75.0
296,modesty,2,75.0
296,modesty,3,70.0
296,modesty,4,75.0
296,sympathy,0,65.0
296,sympathy,1,65.0
296,sympathy,2,65.0
296,sympathy,3,65.0
296,sympathy,4,65.0
297,trust,0,45.0
297,trust,1,65.0
297,trust,2,60.0
297,trust,3,45.0
297,trust,4,65.0
297,altruism,0,85.0
297,altruism,1,85.0
297,altruism,2,85.0
297,altruism,3,75.0
297,altruism,4,85.0
297,cooperation,0,85.0
297,cooperation,1,85.0
297,cooperation,2,75.0
297,cooperation,3,75.0
297,cooperation,4,85.0
297,modesty,0,75.0
297,modesty,1,75.0
297,modesty,2,85.0
297,modesty,3,85.0
297,modesty,4,75.0
297,sympathy,0,65.0
297,sympathy,1,65.0
297,sympathy,2,65.0
297,sympathy,3,65.0
297,sympathy,4,65.0
298,trust,0,85.0
298,trust,1,85.0
298,trust,2,85.0
298,trust,3,85.0
298,trust,4,85.0
298,altruism,0,85.0
298,altruism,1,90.0
298,altruism,2,85.0
298,altruism,3,85.0
298,altruism,4,85.0
298,cooperation,0,90.0
298,cooperation,1,90.0
298,cooperation,2,85.0
298,cooperation,3,85.0
298,cooperation,4,90.0
298,modesty,0,65.0
298,modesty,1,65.0
298,modesty,2,65.0
298,modesty,3,65.0
298,modesty,4,65.0
298,sympathy,0,85.0
298,sympathy,1,85.0
298,sympathy,2,85.0
298,sympathy,3,85.0
298,sympathy,4,85.0
299,trust,0,85.0
299,trust,1,65.0
299,trust,2,85.0
299,trust,3,75.0
299,trust,4,65.0
299,altruism,0,70.0
299,altruism,1,65.0
299,altruism,2,65.0
299,altruism,3,65.0
299,altruism,4,65.0
299,cooperation,0,75.0
299,cooperation,1,75.0
299,cooperation,2,75.0
299,cooperation,3,75.0
299,cooperation,4,75.0
299,modesty,0,65.0
299,modesty,1,45.0
299,modesty,2,65.0
299,modesty,3,65.0
299,modesty,4,65.0
299,sympathy,0,45.0
299,sympathy,1,45.0
299,sympathy,2,45.0
299,sympathy,3,45.0
299,sympathy,4,45.0
300,trust,0,80.0
300,trust,1,75.0
300,trust,2,85.0
300,trust,3,75.0
300,trust,4,75.0
300,altruism,0,40.0
300,altruism,1,45.0
300,altruism,2,30.0
300,altruism,3,40.0
300,altruism,4,40.0
300,cooperation,0,65.0
300,cooperation,1,65.0
300,cooperation,2,65.0
300,cooperation,3,65.0
300,cooperation,4,65.0
300,modesty,0,65.0
300,modesty,1,65.0
300,modesty,2,65.0
300,modesty,3,65.0
300,modesty,4,65.0
300,sympathy,0,65.0
300,sympathy,1,45.0
300,sympathy,2,65.0
300,sympathy,3,65.0
300,sympathy,4,65.0
301,trust,0,25.0
301,trust,1,25.0
301,trust,2,25.0
301,trust,3,25.0
301,trust,4,25.0
301,altruism,0,25.0
301,altruism,1,25.0
301,altruism,2,25.0
301,altruism,3,25.0
301,altruism,4,25.0
301,cooperation,0,30.0
301,cooperation,1,30.0
301,cooperation,2,30.0
301,cooperation,3,30.0
301,cooperation,4,25.0
301,modesty,0,30.0
301,modesty,1,30.0
301,modesty,2,40.0
301,modesty,3,30.0
301,modesty,4,40.0
301,sympathy,0,10.0
301,sympathy,1,15.0
301,sympathy,2,15.0
301,sympathy,3,10.0
301,sympathy,4,10.0
302,trust,0,25.0
302,trust,1,25.0
302,trust,2,25.0
302,trust,3,25.0
302,trust,4,25.0
302,altruism,0,20.0
302,altruism,1,10.0
302,altruism,2,25.0
302,altruism,3,20.0
302,altruism,4,10.0
302,cooperation,0,25.0
302,cooperation,1,25.0
302,cooperation,2,25.0
302,cooperation,3,25.0
302,cooperation,4,20.0
302,modesty,0,25.0
302,modesty,1,25.0
302,modesty,2,25.0
302,modesty,3,40.0
302,modesty,4,25.0
302,sympathy,0,0.0
302,sympathy,1,0.0
302,sympathy,2,10.0
302,sympathy,3,0.0
302,sympathy,4,0.0
303,trust,0,25.0
303,trust,1,25.0
303,trust,2,25.0
303,trust,3,25.0
303,trust,4,25.0
303,altruism,0,25.0
303,altruism,1,25.0
303,altruism,2,25.0
303,altruism,3,25.0
303,altruism,4,25.0
303,cooperation,0,45.0
303,cooperation,1,45.0
303,cooperation,2,45.0
303,cooperation,3,45.0
303,cooperation,4,45.0
303,modesty,0,45.0
303,modesty,1,45.0
303,modesty,2,45.0
303,modesty,3,45.0
303,modesty,4,45.0
303,sympathy,0,20.0
303,sympathy,1,15.0
303,sympathy,2,10.0
303,sympathy,3,10.0
303,sympathy,4,15.0
304,trust,0,25.0
304,trust,1,25.0
304,trust,2,25.0
304,trust,3,25.0
304,trust,4,25.0
304,altruism,0,30.0
304,altruism,1,30.0
304,altruism,2,30.0
304,altruism,3,30.0
304,altruism,4,25.0
304,cooperation,0,25.0
304,cooperation,1,25.0
304,cooperation,2,45.0
304,cooperation,3,45.0
304,cooperation,4,40.0
304,modesty,0,45.0
304,modesty,1,45.0
304,modesty,2,40.0
304,modesty,3,45.0
304,modesty,4,60.0
304,sympathy,0,25.0
304,sympathy,1,25.0
304,sympathy,2,25.0
304,sympathy,3,25.0
304,sympathy,4,25.0
305,trust,0,45.0
305,trust,1,45.0
305,trust,2,45.0
305,trust,3,25.0
305,trust,4,25.0
305,altruism,0,0.0
305,altruism,1,0.0
305,altruism,2,15.0
305,altruism,3,0.0
305,altruism,4,15.0
305,cooperation,0,40.0
305,cooperation,1,25.0
305,cooperation,2,40.0
305,cooperation,3,25.0
305,cooperation,4,25.0
305,modesty,0,30.0
305,modesty,1,30.0
305,modesty,2,30.0
305,modesty,3,30.0
305,modesty,4,40.0
305,sympathy,0,15.0
305,sympathy,1,10.0
305,sympathy,2,0.0
305,sympathy,3,15.0
305,sympathy,4,10.0
306,trust,0,25.0
306,trust,1,25.0
306,trust,2,25.0
306,trust,3,25.0
306,trust,4,25.0
306,altruism,0,10.0
306,altruism,1,10.0
306,altruism,2,15.0
306,altruism,3,10.0
306,altruism,4,10.0
306,cooperation,0,30.0
306,cooperation,1,30.0
306,cooperation,2,25.0
306,cooperation,3,25.0
306,cooperation,4,30.0
306,modesty,0,45.0
306,modesty,1,45.0
306,modesty,2,45.0
306,modesty,3,45.0
306,modesty,4,45.0
306,sympathy,0,15.0
306,sympathy,1,15.0
306,sympathy,2,15.0
306,sympathy,3,15.0
306,sympathy,4,15.0
307,trust,0,25.0
307,trust,1,25.0
307,trust,2,25.0
307,trust,3,25.0
307,trust,4,25.0
307,altruism,0,0.0
307,altruism,1,10.0
307,altruism,2,0.0
307,altruism,3,10.0
307,altruism,4,0.0
307,cooperation,0,20.0
307,cooperation,1,10.0
307,cooperation,2,20.0
307,cooperation,3,10.0
307,cooperation,4,20.0
307,modesty,0,30.0
307,modesty,1,30.0
307,modesty,2,25.0
307,modesty,3,25.0
307,modesty,4,30.0
307,sympathy,0,0.0
307,sympathy,1,5.0
307,sympathy,2,0.0
307,sympathy,3,10.0
307,sympathy,4,5.0
308,trust,0,85.0
308,trust,1,85.0
308,trust,2,85.0
308,trust,3,85.0
308,trust,4,85.0
308,altruism,0,70.0
308,altruism,1,65.0
308,altruism,2,75.0
308,altruism,3,70.0
308,altruism,4,65.0
308,cooperation,0,45.0
308,cooperation,1,70.0
308,cooperation,2,45.0
308,cooperation,3,45.0
308,cooperation,4,45.0
308,modesty,0,55.0
308,modesty,1,50.0
308,modesty,2,45.0
308,modesty,3,50.0
308,modesty,4,65.0
308,sympathy,0,85.0
308,sympathy,1,85.0
308,sympathy,2,85.0
308,sympathy,3,85.0
308,sympathy,4,80.0
309,trust,0,65.0
309,trust,1,75.0
309,trust,2,75.0
309,trust,3,75.0
309,trust,4,75.0
309,altruism,0,45.0
309,altruism,1,65.0
309,altruism,2,75.0
309,altruism,3,75.0
309,altruism,4,75.0
309,cooperation,0,85.0
309,cooperation,1,85.0
309,cooperation,2,85.0
309,cooperation,3,85.0
309,cooperation,4,85.0
309,modesty,0,65.0
309,modesty,1,65.0
309,modesty,2,75.0
309,modesty,3,85.0
309,modesty,4,85.0
309,sympathy,0,85.0
309,sympathy,1,85.0
309,sympathy,2,85.0
309,sympathy,3,85.0
309,sympathy,4,85.0
310,trust,0,25.0
310,trust,1,25.0
310,trust,2,25.0
310,trust,3,25.0
310,trust,4,25.0
310,altruism,0,10.0
310,altruism,1,10.0
310,altruism,2,0.0
310,altruism,3,10.0
310,altruism,4,5.0
310,cooperation,0,25.0
310,cooperation,1,25.0
310,cooperation,2,25.0
310,cooperation,3,25.0
310,cooperation,4,25.0
310,modesty,0,45.0
310,modesty,1,40.0
310,modesty,2,45.0
310,modesty,3,45.0
310,modesty,4,40.0
310,sympathy,0,0.0
310,sympathy,1,0.0
310,sympathy,2,0.0
310,sympathy,3,0.0
310,sympathy,4,0.0
311,trust,0,65.0
311,trust,1,75.0
311,trust,2,65.0
311,trust,3,75.0
311,trust,4,75.0
311,altruism,0,85.0
311,altruism,1,85.0
311,altruism,2,85.0
311,altruism,3,85.0
311,altruism,4,85.0
311,cooperation,0,85.0
311,cooperation,1,85.0
311,cooperation,2,85.0
311,cooperation,3,85.0
311,cooperation,4,85.0
311,modesty,0,65.0
311,modesty,1,65.0
311,modesty,2,65.0
311,modesty,3,65.0
311,modesty,4,65.0
311,sympathy,0,85.0
311,sympathy,1,85.0
311,sympathy,2,85.0
311,sympathy,3,85.0
311,sympathy,4,85.0
312,trust,0,65.0
312,trust,1,65.0
312,trust,2,65.0
312,trust,3,65.0
312,trust,4,65.0
312,altruism,0,75.0
312,altruism,1,75.0
312,altruism,2,85.0
312,altruism,3,75.0
312,altruism,4,75.0
312,cooperation,0,75.0
312,cooperation,1,85.0
312,cooperation,2,85.0
312,cooperation,3,85.0
312,cooperation,4,85.0
312,modesty,0,65.0
312,modesty,1,65.0
312,modesty,2,65.0
312,modesty,3,65.0
312,modesty,4,65.0
312,sympathy,0,65.0
312,sympathy,1,65.0
312,sympathy,2,65.0
312,sympathy,3,65.0
312,sympathy,4,65.0
313,trust,0,65.0
313,trust,1,75.0
313,trust,2,80.0
313,trust,3,75.0
313,trust,4,80.0
313,altruism,0,85.0
313,altruism,1,75.0
313,altruism,2,85.0
313,altruism,3,85.0
313,altruism,4,85.0
313,cooperation,0,45.0
313,cooperation,1,45.0
313,cooperation,2,55.0
313,cooperation,3,45.0
313,cooperation,4,45.0
313,modesty,0,65.0
313,modesty,1,65.0
313,modesty,2,45.0
313,modesty,3,70.0
313,modesty,4,50.0
313,sympathy,0,45.0
313,sympathy,1,45.0
313,sympathy,2,40.0
313,sympathy,3,30.0
313,sympathy,4,45.0
314,trust,0,10.0
314,trust,1,0.0
314,trust,2,10.0
314,trust,3,25.0
314,trust,4,10.0
314,altruism,0,25.0
314,altruism,1,25.0
314,altruism,2,25.0
314,altruism,3,25.0
314,altruism,4,25.0
314,cooperation,0,0.0
314,cooperation,1,20.0
314,cooperation,2,20.0
314,cooperation,3,20.0
314,cooperation,4,25.0
314,modesty,0,30.0
314,modesty,1,40.0
314,modesty,2,25.0
314,modesty,3,40.0
314,modesty,4,30.0
314,sympathy,0,0.0
314,sympathy,1,0.0
314,sympathy,2,0.0
314,sympathy,3,0.0
314,sympathy,4,0.0
315,trust,0,85.0
315,trust,1,85.0
315,trust,2,85.0
315,trust,3,75.0
315,trust,4,85.0
315,altruism,0,65.0
315,altruism,1,65.0
315,altruism,2,65.0
315,altruism,3,65.0
315,altruism,4,75.0
315,cooperation,0,85.0
315,cooperation,1,85.0
315,cooperation,2,85.0
315,cooperation,3,85.0
315,cooperation,4,85.0
315,modesty,0,75.0
315,modesty,1,75.0
315,modesty,2,85.0
315,modesty,3,75.0
315,modesty,4,85.0
315,sympathy,0,45.0
315,sympathy,1,65.0
315,sympathy,2,45.0
315,sympathy,3,45.0
315,sympathy,4,45.0
316,trust,0,45.0
316,trust,1,45.0
316,trust,2,40.0
316,trust,3,45.0
316,trust,4,25.0
316,altruism,0,25.0
316,altruism,1,25.0
316,altruism,2,25.0
316,altruism,3,35.0
316,altruism,4,25.0
316,cooperation,0,45.0
316,cooperation,1,25.0
316,cooperation,2,30.0
316,cooperation,3,40.0
316,cooperation,4,25.0
316,modesty,0,45.0
316,modesty,1,40.0
316,modesty,2,45.0
316,modesty,3,40.0
316,modesty,4,40.0
316,sympathy,0,25.0
316,sympathy,1,25.0
316,sympathy,2,25.0
316,sympathy,3,25.0
316,sympathy,4,25.0
317,trust,0,65.0
317,trust,1,65.0
317,trust,2,65.0
317,trust,3,65.0
317,trust,4,65.0
317,altruism,0,25.0
317,altruism,1,40.0
317,altruism,2,25.0
317,altruism,3,40.0
317,altruism,4,25.0
317,cooperation,0,65.0
317,cooperation,1,85.0
317,cooperation,2,85.0
317,cooperation,3,85.0
317,cooperation,4,85.0
317,modesty,0,65.0
317,modesty,1,45.0
317,modesty,2,65.0
317,modesty,3,65.0
317,modesty,4,45.0
317,sympathy,0,25.0
317,sympathy,1,25.0
317,sympathy,2,30.0
317,sympathy,3,25.0
317,sympathy,4,25.0
318,trust,0,45.0
318,trust,1,45.0
318,trust,2,45.0
318,trust,3,60.0
318,trust,4,45.0
318,altruism,0,45.0
318,altruism,1,45.0
318,altruism,2,65.0
318,altruism,3,45.0
318,altruism,4,45.0
318,cooperation,0,85.0
318,cooperation,1,85.0
318,cooperation,2,85.0
318,cooperation,3,85.0
318,cooperation,4,85.0
318,modesty,0,90.0
318,modesty,1,85.0
318,modesty,2,85.0
318,modesty,3,85.0
318,modesty,4,65.0
318,sympathy,0,45.0
318,sympathy,1,45.0
318,sympathy,2,45.0
318,sympathy,3,45.0
318,sympathy,4,45.0
319,trust,0,25.0
319,trust,1,25.0
319,trust,2,25.0
319,trust,3,25.0
319,trust,4,25.0
319,altruism,0,10.0
319,altruism,1,15.0
319,altruism,2,10.0
319,altruism,3,0.0
319,altruism,4,10.0
319,cooperation,0,45.0
319,cooperation,1,65.0
319,cooperation,2,65.0
319,cooperation,3,65.0
319,cooperation,4,65.0
319,modesty,0,55.0
319,modesty,1,65.0
319,modesty,2,45.0
319,modesty,3,40.0
319,modesty,4,40.0
319,sympathy,0,15.0
319,sympathy,1,10.0
319,sympathy,2,10.0
319,sympathy,3,15.0
319,sympathy,4,15.0
320,trust,0,25.0
320,trust,1,25.0
320,trust,2,40.0
320,trust,3,40.0
320,trust,4,40.0
320,altruism,0,10.0
320,altruism,1,15.0
320,altruism,2,10.0
320,altruism,3,10.0
320,altruism,4,0.0
320,cooperation,0,25.0
320,cooperation,1,25.0
320,cooperation,2,25.0
320,cooperation,3,25.0
320,cooperation,4,25.0
320,modesty,0,30.0
320,modesty,1,25.0
320,modesty,2,30.0
320,modesty,3,25.0
320,modesty,4,25.0
320,sympathy,0,0.0
320,sympathy,1,10.0
320,sympathy,2,0.0
320,sympathy,3,10.0
320,sympathy,4,0.0
321,trust,0,25.0
321,trust,1,25.0
321,trust,2,25.0
321,trust,3,25.0
321,trust,4,25.0
321,altruism,0,10.0
321,altruism,1,10.0
321,altruism,2,10.0
321,altruism,3,10.0
321,altruism,4,10.0
321,cooperation,0,25.0
321,cooperation,1,25.0
321,cooperation,2,25.0
321,cooperation,3,25.0
321,cooperation,4,25.0
321,modesty,0,35.0
321,modesty,1,30.0
321,modesty,2,25.0
321,modesty,3,35.0
321,modesty,4,25.0
321,sympathy,0,25.0
321,sympathy,1,25.0
321,sympathy,2,25.0
321,sympathy,3,25.0
321,sympathy,4,25.0
322,trust,0,40.0
322,trust,1,25.0
322,trust,2,45.0
322,trust,3,40.0
322,trust,4,45.0
322,altruism,0,25.0
322,altruism,1,25.0
322,altruism,2,25.0
322,altruism,3,25.0
322,altruism,4,25.0
322,cooperation,0,35.0
322,cooperation,1,25.0
322,cooperation,2,25.0
322,cooperation,3,25.0
322,cooperation,4,30.0
322,modesty,0,45.0
322,modesty,1,45.0
322,modesty,2,45.0
322,modesty,3,45.0
322,modesty,4,45.0
322,sympathy,0,25.0
322,sympathy,1,25.0
322,sympathy,2,25.0
322,sympathy,3,25.0
322,sympathy,4,25.0
323,trust,0,25.0
323,trust,1,25.0
323,trust,2,25.0
323,trust,3,25.0
323,trust,4,25.0
323,altruism,0,25.0
323,altruism,1,25.0
323,altruism,2,25.0
323,altruism,3,25.0
323,altruism,4,25.0
323,cooperation,0,25.0
323,cooperation,1,25.0
323,cooperation,2,25.0
323,cooperation,3,25.0
323,cooperation,4,25.0
323,modesty,0,45.0
323,modesty,1,45.0
323,modesty,2,35.0
323,modesty,3,45.0
323,modesty,4,45.0
323,sympathy,0,25.0
323,sympathy,1,25.0
323,sympathy,2,25.0
323,sympathy,3,25.0
323,sympathy,4,25.0
324,trust,0,0.0
324,trust,1,20.0
324,trust,2,0.0
324,trust,3,0.0
324,trust,4,0.0
324,altruism,0,0.0
324,altruism,1,0.0
324,altruism,2,0.0
324,altruism,3,0.0
324,altruism,4,0.0
324,cooperation,0,0.0
324,cooperation,1,0.0
324,cooperation,2,0.0
324,cooperation,3,0.0
324,cooperation,4,0.0
324,modesty,0,0.0
324,modesty,1,0.0
324,modesty,2,0.0
324,modesty,3,0.0
324,modesty,4,0.0
324,sympathy,0,0.0
324,sympathy,1,0.0
324,sympathy,2,0.0
324,sympathy,3,0.0
324,sympathy,4,0.0
325,trust,0,20.0
325,trust,1,0.0
325,trust,2,25.0
325,trust,3,20.0
325,trust,4,20.0
325,altruism,0,0.0
325,altruism,1,0.0
325,altruism,2,0.0
325,altruism,3,0.0
325,altruism,4,0.0
325,cooperation,0,10.0
325,cooperation,1,10.0
325,cooperation,2,0.0
325,cooperation,3,10.0
325,cooperation,4,0.0
325,modesty,0,0.0
325,modesty,1,0.0
325,modesty,2,10.0
325,modesty,3,0.0
325,modesty,4,0.0
325,sympathy,0,0.0
325,sympathy,1,0.0
325,sympathy,2,10.0
325,sympathy,3,0.0
325,sympathy,4,0.0
326,trust,0,45.0
326,trust,1,45.0
326,trust,2,45.0
326,trust,3,45.0
326,trust,4,45.0
326,altruism,0,25.0
326,altruism,1,25.0
326,altruism,2,25.0
326,altruism,3,25.0
326,altruism,4,25.0
326,cooperation,0,25.0
326,cooperation,1,25.0
326,cooperation,2,25.0
326,cooperation,3,45.0
326,cooperation,4,25.0
326,modesty,0,45.0
326,modesty,1,45.0
326,modesty,2,45.0
326,modesty,3,45.0
326,modesty,4,45.0
326,sympathy,0,10.0
326,sympathy,1,10.0
326,sympathy,2,10.0
326,sympathy,3,10.0
326,sympathy,4,10.0
327,trust,0,85.0
327,trust,1,85.0
327,trust,2,75.0
327,trust,3,85.0
327,trust,4,85.0
327,altruism,0,90.0
327,altruism,1,90.0
327,altruism,2,90.0
327,altruism,3,90.0
327,altruism,4,90.0
327,cooperation,0,85.0
327,cooperation,1,80.0
327,cooperation,2,85.0
327,cooperation,3,85.0
327,cooperation,4,85.0
327,modesty,0,45.0
327,modesty,1,45.0
327,modesty,2,65.0
327,modesty,3,45.0
327,modesty,4,65.0
327,sympathy,0,90.0
327,sympathy,1,90.0
327,sympathy,2,90.0
327,sympathy,3,90.0
327,sympathy,4,90.0
328,trust,0,70.0
328,trust,1,70.0
328,trust,2,70.0
328,trust,3,70.0
328,trust,4,70.0
328,altruism,0,75.0
328,altruism,1,70.0
328,altruism,2,70.0
328,altruism,3,70.0
328,altruism,4,70.0
328,cooperation,0,75.0
328,cooperation,1,75.0
328,cooperation,2,75.0
328,cooperation,3,75.0
328,cooperation,4,75.0
328,modesty,0,65.0
328,modesty,1,65.0
328,modesty,2,60.0
328,modesty,3,65.0
328,modesty,4,60.0
328,sympathy,0,75.0
328,sympathy,1,75.0
328,sympathy,2,75.0
328,sympathy,3,75.0
328,sympathy,4,75.0
329,trust,0,90.0
329,trust,1,90.0
329,trust,2,90.0
329,trust,3,90.0
329,trust,4,90.0
329,altruism,0,85.0
329,altruism,1,85.0
329,altruism,2,85.0
329,altruism,3,85.0
329,altruism,4,85.0
329,cooperation,0,70.0
329,cooperation,1,75.0
329,cooperation,2,70.0
329,cooperation,3,70.0
329,cooperation,4,75.0
329,modesty,0,50.0
329,modesty,1,45.0
329,modesty,2,50.0
329,modesty,3,50.0
329,modesty,4,65.0
329,sympathy,0,45.0
329,sympathy,1,45.0
329,sympathy,2,45.0
329,sympathy,3,45.0
329,sympathy,4,45.0
330,trust,0,75.0
330,trust,1,75.0
330,trust,2,70.0
330,trust,3,75.0
330,trust,4,75.0
330,altruism,0,45.0
330,altruism,1,45.0
330,altruism,2,45.0
330,altruism,3,45.0
330,altruism,4,45.0
330,cooperation,0,65.0
330,cooperation,1,65.0
330,cooperation,2,65.0
330,cooperation,3,65.0
330,cooperation,4,65.0
330,modesty,0,45.0
330,modesty,1,70.0
330,modesty,2,45.0
330,modesty,3,45.0
330,modesty,4,50.0
330,sympathy,0,65.0
330,sympathy,1,65.0
330,sympathy,2,65.0
330,sympathy,3,65.0
330,sympathy,4,65.0
331,trust,0,75.0
331,trust,1,65.0
331,trust,2,65.0
331,trust,3,70.0
331,trust,4,65.0
331,altruism,0,75.0
331,altruism,1,75.0
331,altruism,2,75.0
331,altruism,3,75.0
331,altruism,4,75.0
331,cooperation,0,75.0
331,cooperation,1,75.0
331,cooperation,2,75.0
331,cooperation,3,75.0
331,cooperation,4,80.0
331,modesty,0,65.0
331,modesty,1,85.0
331,modesty,2,75.0
331,modesty,3,75.0
331,modesty,4,75.0
331,sympathy,0,65.0
331,sympathy,1,75.0
331,sympathy,2,65.0
331,sympathy,3,75.0
331,sympathy,4,65.0
332,trust,0,65.0
332,trust,1,65.0
332,trust,2,65.0
332,trust,3,65.0
332,trust,4,65.0
332,altruism,0,65.0
332,altruism,1,65.0
332,altruism,2,65.0
332,altruism,3,65.0
332,altruism,4,45.0
332,cooperation,0,85.0
332,cooperation,1,85.0
332,cooperation,2,85.0
332,cooperation,3,85.0
332,cooperation,4,85.0
332,modesty,0,75.0
332,modesty,1,75.0
332,modesty,2,75.0
332,modesty,3,65.0
332,modesty,4,75.0
332,sympathy,0,75.0
332,sympathy,1,70.0
332,sympathy,2,65.0
332,sympathy,3,75.0
332,sympathy,4,65.0
333,trust,0,65.0
333,trust,1,65.0
333,trust,2,65.0
333,trust,3,65.0
333,trust,4,65.0
333,altruism,0,30.0
333,altruism,1,35.0
333,altruism,2,40.0
333,altruism,3,40.0
333,altruism,4,40.0
333,cooperation,0,45.0
333,cooperation,1,65.0
333,cooperation,2,65.0
333,cooperation,3,45.0
333,cooperation,4,45.0
333,modesty,0,45.0
333,modesty,1,45.0
333,modesty,2,55.0
333,modesty,3,65.0
333,modesty,4,65.0
333,sympathy,0,45.0
333,sympathy,1,65.0
333,sympathy,2,45.0
333,sympathy,3,45.0
333,sympathy,4,45.0
334,trust,0,75.0
334,trust,1,65.0
334,trust,2,75.0
334,trust,3,70.0
334,trust,4,70.0
334,altruism,0,75.0
334,altruism,1,75.0
334,altruism,2,75.0
334,altruism,3,75.0
334,altruism,4,65.0
334,cooperation,0,90.0
334,cooperation,1,85.0
334,cooperation,2,85.0
334,cooperation,3,85.0
334,cooperation,4,85.0
334,modesty,0,85.0
334,modesty,1,85.0
334,modesty,2,75.0
334,modesty,3,85.0
334,modesty,4,75.0
334,sympathy,0,75.0
334,sympathy,1,85.0
334,sympathy,2,75.0
334,sympathy,3,75.0
334,sympathy,4,75.0
335,trust,0,45.0
335,trust,1,25.0
335,trust,2,25.0
335,trust,3,45.0
335,trust,4,25.0
335,altruism,0,25.0
335,altruism,1,40.0
335,altruism,2,25.0
335,altruism,3,25.0
335,altruism,4,25.0
335,cooperation,0,30.0
335,cooperation,1,25.0
335,cooperation,2,20.0
335,cooperation,3,25.0
335,cooperation,4,25.0
335,modesty,0,40.0
335,modesty,1,35.0
335,modesty,2,35.0
335,modesty,3,30.0
335,modesty,4,35.0
335,sympathy,0,25.0
335,sympathy,1,25.0
335,sympathy,2,25.0
335,sympathy,3,25.0
335,sympathy,4,25.0
336,trust,0,45.0
336,trust,1,35.0
336,trust,2,35.0
336,trust,3,25.0
336,trust,4,35.0
336,altruism,0,45.0
336,altruism,1,45.0
336,altruism,2,35.0
336,altruism,3,25.0
336,altruism,4,45.0
336,cooperation,0,75.0
336,cooperation,1,75.0
336,cooperation,2,65.0
336,cooperation,3,75.0
336,cooperation,4,65.0
336,modesty,0,65.0
336,modesty,1,65.0
336,modesty,2,65.0
336,modesty,3,65.0
336,modesty,4,65.0
336,sympathy,0,65.0
336,sympathy,1,75.0
336,sympathy,2,75.0
336,sympathy,3,75.0
336,sympathy,4,75.0
337,trust,0,45.0
337,trust,1,45.0
337,trust,2,65.0
337,trust,3,45.0
337,trust,4,65.0
337,altruism,0,85.0
337,altruism,1,85.0
337,altruism,2,85.0
337,altruism,3,85.0
337,altruism,4,85.0
337,cooperation,0,65.0
337,cooperation,1,65.0
337,cooperation,2,65.0
337,cooperation,3,65.0
337,cooperation,4,65.0
337,modesty,0,40.0
337,modesty,1,40.0
337,modesty,2,45.0
337,modesty,3,40.0
337,modesty,4,40.0
337,sympathy,0,45.0
337,sympathy,1,45.0
337,sympathy,2,45.0
337,sympathy,3,45.0
337,sympathy,4,45.0
338,trust,0,75.0
338,trust,1,75.0
338,trust,2,75.0
338,trust,3,75.0
338,trust,4,75.0
338,altruism,0,85.0
338,altruism,1,85.0
338,altruism,2,85.0
338,altruism,3,85.0
338,altruism,4,85.0
338,cooperation,0,90.0
338,cooperation,1,90.0
338,cooperation,2,90.0
338,cooperation,3,90.0
338,cooperation,4,90.0
338,modesty,0,75.0
338,modesty,1,65.0
338,modesty,2,65.0
338,modesty,3,65.0
338,modesty,4,65.0
338,sympathy,0,85.0
338,sympathy,1,85.0
338,sympathy,2,85.0
338,sympathy,3,85.0
338,sympathy,4,85.0
339,trust,0,75.0
339,trust,1,75.0
339,trust,2,75.0
339,trust,3,75.0
339,trust,4,75.0
339,altruism,0,85.0
339,altruism,1,85.0
339,altruism,2,85.0
339,altruism,3,85.0
339,altruism,4,85.0
339,cooperation,0,85.0
339,cooperation,1,85.0
339,cooperation,2,85.0
339,cooperation,3,90.0
339,cooperation,4,85.0
339,modesty,0,55.0
339,modesty,1,65.0
339,modesty,2,45.0
339,modesty,3,65.0
339,modesty,4,65.0
339,sympathy,0,85.0
339,sympathy,1,85.0
339,sympathy,2,85.0
339,sympathy,3,85.0
339,sympathy,4,85.0
340,trust,0,85.0
340,trust,1,85.0
340,trust,2,85.0
340,trust,3,85.0
340,trust,4,75.0
340,altruism,0,90.0
340,altruism,1,90.0
340,altruism,2,90.0
340,altruism,3,90.0
340,altruism,4,90.0
340,cooperation,0,85.0
340,cooperation,1,85.0
340,cooperation,2,85.0
340,cooperation,3,85.0
340,cooperation,4,85.0
340,modesty,0,65.0
340,modesty,1,85.0
340,modesty,2,85.0
340,modesty,3,65.0
340,modesty,4,75.0
340,sympathy,0,85.0
340,sympathy,1,85.0
340,sympathy,2,85.0
340,sympathy,3,85.0
340,sympathy,4,85.0
341,trust,0,75.0
341,trust,1,80.0
341,trust,2,75.0
341,trust,3,80.0
341,trust,4,85.0
341,altruism,0,90.0
341,altruism,1,90.0
341,altruism,2,90.0
341,altruism,3,90.0
341,altruism,4,90.0
341,cooperation,0,80.0
341,cooperation,1,85.0
341,cooperation,2,85.0
341,cooperation,3,85.0
341,cooperation,4,85.0
341,modesty,0,65.0
341,modesty,1,45.0
341,modesty,2,65.0
341,modesty,3,65.0
341,modesty,4,65.0
341,sympathy,0,85.0
341,sympathy,1,85.0
341,sympathy,2,90.0
341,sympathy,3,90.0
341,sympathy,4,90.0
342,trust,0,45.0
342,trust,1,45.0
342,trust,2,25.0
342,trust,3,45.0
342,trust,4,45.0
342,altruism,0,65.0
342,altruism,1,65.0
342,altruism,2,65.0
342,altruism,3,65.0
342,altruism,4,65.0
342,cooperation,0,65.0
342,cooperation,1,65.0
342,cooperation,2,45.0
342,cooperation,3,65.0
342,cooperation,4,65.0
342,modesty,0,0.0
342,modesty,1,20.0
342,modesty,2,20.0
342,modesty,3,20.0
342,modesty,4,20.0
342,sympathy,0,25.0
342,sympathy,1,25.0
342,sympathy,2,25.0
342,sympathy,3,45.0
342,sympathy,4,25.0
343,trust,0,85.0
343,trust,1,85.0
343,trust,2,85.0
343,trust,3,85.0
343,trust,4,85.0
343,altruism,0,85.0
343,altruism,1,85.0
343,altruism,2,85.0
343,altruism,3,85.0
343,altruism,4,85.0
343,cooperation,0,40.0
343,cooperation,1,40.0
343,cooperation,2,45.0
343,cooperation,3,40.0
343,cooperation,4,40.0
343,modesty,0,45.0
343,modesty,1,45.0
343,modesty,2,45.0
343,modesty,3,45.0
343,modesty,4,45.0
343,sympathy,0,40.0
343,sympathy,1,25.0
343,sympathy,2,25.0
343,sympathy,3,25.0
343,sympathy,4,25.0
344,trust,0,45.0
344,trust,1,45.0
344,trust,2,45.0
344,trust,3,45.0
344,trust,4,45.0
344,altruism,0,45.0
344,altruism,1,35.0
344,altruism,2,35.0
344,altruism,3,45.0
344,altruism,4,45.0
344,cooperation,0,75.0
344,cooperation,1,75.0
344,cooperation,2,75.0
344,cooperation,3,75.0
344,cooperation,4,75.0
344,modesty,0,65.0
344,modesty,1,75.0
344,modesty,2,65.0
344,modesty,3,65.0
344,modesty,4,65.0
344,sympathy,0,65.0
344,sympathy,1,65.0
344,sympathy,2,65.0
344,sympathy,3,75.0
344,sympathy,4,65.0
345,trust,0,65.0
345,trust,1,70.0
345,trust,2,65.0
345,trust,3,70.0
345,trust,4,65.0
345,altruism,0,85.0
345,altruism,1,85.0
345,altruism,2,85.0
345,altruism,3,85.0
345,altruism,4,85.0
345,cooperation,0,85.0
345,cooperation,1,85.0
345,cooperation,2,85.0
345,cooperation,3,85.0
345,cooperation,4,85.0
345,modesty,0,45.0
345,modesty,1,65.0
345,modesty,2,45.0
345,modesty,3,45.0
345,modesty,4,65.0
345,sympathy,0,65.0
345,sympathy,1,65.0
345,sympathy,2,65.0
345,sympathy,3,65.0
345,sympathy,4,65.0
346,trust,0,85.0
346,trust,1,75.0
346,trust,2,75.0
346,trust,3,75.0
346,trust,4,75.0
346,altruism,0,85.0
346,altruism,1,85.0
346,altruism,2,65.0
346,altruism,3,85.0
346,altruism,4,85.0
346,cooperation,0,85.0
346,cooperation,1,85.0
346,cooperation,2,85.0
346,cooperation,3,85.0
346,cooperation,4,75.0
346,modesty,0,45.0
346,modesty,1,45.0
346,modesty,2,65.0
346,modesty,3,45.0
346,modesty,4,45.0
346,sympathy,0,75.0
346,sympathy,1,65.0
346,sympathy,2,75.0
346,sympathy,3,75.0
346,sympathy,4,65.0
347,trust,0,75.0
347,trust,1,80.0
347,trust,2,75.0
347,trust,3,75.0
347,trust,4,85.0
347,altruism,0,85.0
347,altruism,1,85.0
347,altruism,2,90.0
347,altruism,3,85.0
347,altruism,4,85.0
347,cooperation,0,90.0
347,cooperation,1,85.0
347,cooperation,2,85.0
347,cooperation,3,85.0
347,cooperation,4,85.0
347,modesty,0,75.0
347,modesty,1,65.0
347,modesty,2,65.0
347,modesty,3,65.0
347,modesty,4,75.0
347,sympathy,0,90.0
347,sympathy,1,90.0
347,sympathy,2,90.0
347,sympathy,3,85.0
347,sympathy,4,85.0
348,trust,0,75.0
348,trust,1,75.0
348,trust,2,80.0
348,trust,3,75.0
348,trust,4,75.0
348,altruism,0,85.0
348,altruism,1,85.0
348,altruism,2,85.0
348,altruism,3,85.0
348,altruism,4,85.0
348,cooperation,0,75.0
348,cooperation,1,75.0
348,cooperation,2,65.0
348,cooperation,3,85.0
348,cooperation,4,65.0
348,modesty,0,45.0
348,modesty,1,45.0
348,modesty,2,65.0
348,modesty,3,45.0
348,modesty,4,45.0
348,sympathy,0,85.0
348,sympathy,1,85.0
348,sympathy,2,85.0
348,sympathy,3,85.0
348,sympathy,4,85.0
349,trust,0,65.0
349,trust,1,65.0
349,trust,2,65.0
349,trust,3,65.0
349,trust,4,65.0
349,altruism,0,65.0
349,altruism,1,85.0
349,altruism,2,65.0
349,altruism,3,65.0
349,altruism,4,65.0
349,cooperation,0,25.0
349,cooperation,1,25.0
349,cooperation,2,25.0
349,cooperation,3,25.0
349,cooperation,4,25.0
349,modesty,0,35.0
349,modesty,1,30.0
349,modesty,2,30.0
349,modesty,3,45.0
349,modesty,4,30.0
349,sympathy,0,25.0
349,sympathy,1,25.0
349,sympathy,2,25.0
349,sympathy,3,25.0
349,sympathy,4,25.0
350,trust,0,45.0
350,trust,1,45.0
350,trust,2,45.0
350,trust,3,45.0
350,trust,4,45.0
350,altruism,0,30.0
350,altruism,1,35.0
350,altruism,2,35.0
350,altruism,3,35.0
350,altruism,4,35.0
350,cooperation,0,65.0
350,cooperation,1,75.0
350,cooperation,2,75.0
350,cooperation,3,65.0
350,cooperation,4,75.0
350,modesty,0,65.0
350,modesty,1,65.0
350,modesty,2,75.0
350,modesty,3,65.0
350,modesty,4,85.0
350,sympathy,0,45.0
350,sympathy,1,65.0
350,sympathy,2,45.0
350,sympathy,3,45.0
350,sympathy,4,45.0
351,trust,0,45.0
351,trust,1,45.0
351,trust,2,45.0
351,trust,3,45.0
351,trust,4,45.0
351,altruism,0,85.0
351,altruism,1,85.0
351,altruism,2,85.0
351,altruism,3,85.0
351,altruism,4,85.0
351,cooperation,0,85.0
351,cooperation,1,85.0
351,cooperation,2,85.0
351,cooperation,3,85.0
351,cooperation,4,85.0
351,modesty,0,65.0
351,modesty,1,65.0
351,modesty,2,65.0
351,modesty,3,65.0
351,modesty,4,65.0
351,sympathy,0,75.0
351,sympathy,1,80.0
351,sympathy,2,85.0
351,sympathy,3,85.0
351,sympathy,4,85.0
352,trust,0,45.0
352,trust,1,45.0
352,trust,2,45.0
352,trust,3,25.0
352,trust,4,45.0
352,altruism,0,25.0
352,altruism,1,25.0
352,altruism,2,25.0
352,altruism,3,25.0
352,altruism,4,25.0
352,cooperation,0,25.0
352,cooperation,1,65.0
352,cooperation,2,45.0
352,cooperation,3,45.0
352,cooperation,4,45.0
352,modesty,0,75.0
352,modesty,1,85.0
352,modesty,2,75.0
352,modesty,3,75.0
352,modesty,4,85.0
352,sympathy,0,85.0
352,sympathy,1,85.0
352,sympathy,2,85.0
352,sympathy,3,85.0
352,sympathy,4,85.0
353,trust,0,75.0
353,trust,1,75.0
353,trust,2,75.0
353,trust,3,75.0
353,trust,4,75.0
353,altruism,0,85.0
353,altruism,1,85.0
353,altruism,2,85.0
353,altruism,3,85.0
353,altruism,4,75.0
353,cooperation,0,85.0
353,cooperation,1,85.0
353,cooperation,2,85.0
353,cooperation,3,90.0
353,cooperation,4,85.0
353,modesty,0,75.0
353,modesty,1,65.0
353,modesty,2,70.0
353,modesty,3,75.0
353,modesty,4,65.0
353,sympathy,0,85.0
353,sympathy,1,85.0
353,sympathy,2,85.0
353,sympathy,3,85.0
353,sympathy,4,85.0
354,trust,0,80.0
354,trust,1,80.0
354,trust,2,80.0
354,trust,3,75.0
354,trust,4,75.0
354,altruism,0,85.0
354,altruism,1,85.0
354,altruism,2,85.0
354,altruism,3,85.0
354,altruism,4,85.0
354,cooperation,0,80.0
354,cooperation,1,75.0
354,cooperation,2,70.0
354,cooperation,3,70.0
354,cooperation,4,70.0
354,modesty,0,40.0
354,modesty,1,40.0
354,modesty,2,40.0
354,modesty,3,40.0
354,modesty,4,40.0
354,sympathy,0,70.0
354,sympathy,1,70.0
354,sympathy,2,70.0
354,sympathy,3,65.0
354,sympathy,4,70.0
355,trust,0,65.0
355,trust,1,65.0
355,trust,2,65.0
355,trust,3,65.0
355,trust,4,65.0
355,altruism,0,40.0
355,altruism,1,25.0
355,altruism,2,25.0
355,altruism,3,25.0
355,altruism,4,40.0
355,cooperation,0,45.0
355,cooperation,1,45.0
355,cooperation,2,45.0
355,cooperation,3,45.0
355,cooperation,4,45.0
355,modesty,0,45.0
355,modesty,1,45.0
355,modesty,2,45.0
355,modesty,3,45.0
355,modesty,4,45.0
355,sympathy,0,25.0
355,sympathy,1,25.0
355,sympathy,2,25.0
355,sympathy,3,25.0
355,sympathy,4,25.0
356,trust,0,45.0
356,trust,1,45.0
356,trust,2,45.0
356,trust,3,45.0
356,trust,4,45.0
356,altruism,0,40.0
356,altruism,1,25.0
356,altruism,2,40.0
356,altruism,3,25.0
356,altruism,4,45.0
356,cooperation,0,85.0
356,cooperation,1,85.0
356,cooperation,2,85.0
356,cooperation,3,85.0
356,cooperation,4,85.0
356,modesty,0,75.0
356,modesty,1,75.0
356,modesty,2,75.0
356,modesty,3,75.0
356,modesty,4,75.0
356,sympathy,0,65.0
356,sympathy,1,65.0
356,sympathy,2,65.0
356,sympathy,3,65.0
356,sympathy,4,75.0
357,trust,0,75.0
357,trust,1,75.0
357,trust,2,75.0
357,trust,3,80.0
357,trust,4,85.0
357,altruism,0,90.0
357,altruism,1,90.0
357,altruism,2,90.0
357,altruism,3,90.0
357,altruism,4,95.0
357,cooperation,0,85.0
357,cooperation,1,85.0
357,cooperation,2,85.0
357,cooperation,3,85.0
357,cooperation,4,75.0
357,modesty,0,40.0
357,modesty,1,40.0
357,modesty,2,40.0
357,modesty,3,40.0
357,modesty,4,40.0
357,sympathy,0,90.0
357,sympathy,1,90.0
357,sympathy,2,90.0
357,sympathy,3,90.0
357,sympathy,4,90.0
358,trust,0,85.0
358,trust,1,85.0
358,trust,2,85.0
358,trust,3,85.0
358,trust,4,90.0
358,altruism,0,85.0
358,altruism,1,90.0
358,altruism,2,90.0
358,altruism,3,85.0
358,altruism,4,90.0
358,cooperation,0,95.0
358,cooperation,1,95.0
358,cooperation,2,95.0
358,cooperation,3,95.0
358,cooperation,4,95.0
358,modesty,0,75.0
358,modesty,1,85.0
358,modesty,2,85.0
358,modesty,3,75.0
358,modesty,4,85.0
358,sympathy,0,90.0
358,sympathy,1,90.0
358,sympathy,2,95.0
358,sympathy,3,90.0
358,sympathy,4,90.0
359,trust,0,75.0
359,trust,1,75.0
359,trust,2,75.0
359,trust,3,65.0
359,trust,4,75.0
359,altruism,0,85.0
359,altruism,1,85.0
359,altruism,2,85.0
359,altruism,3,85.0
359,altruism,4,85.0
359,cooperation,0,85.0
359,cooperation,1,85.0
359,cooperation,2,85.0
359,cooperation,3,85.0
359,cooperation,4,85.0
359,modesty,0,65.0
359,modesty,1,65.0
359,modesty,2,65.0
359,modesty,3,65.0
359,modesty,4,55.0
359,sympathy,0,85.0
359,sympathy,1,85.0
359,sympathy,2,85.0
359,sympathy,3,85.0
359,sympathy,4,80.0
360,trust,0,75.0
360,trust,1,75.0
360,trust,2,85.0
360,trust,3,75.0
360,trust,4,85.0
360,altruism,0,65.0
360,altruism,1,65.0
360,altruism,2,65.0
360,altruism,3,65.0
360,altruism,4,65.0
360,cooperation,0,85.0
360,cooperation,1,85.0
360,cooperation,2,85.0
360,cooperation,3,85.0
360,cooperation,4,85.0
360,modesty,0,75.0
360,modesty,1,75.0
360,modesty,2,75.0
360,modesty,3,75.0
360,modesty,4,75.0
360,sympathy,0,65.0
360,sympathy,1,65.0
360,sympathy,2,65.0
360,sympathy,3,65.0
360,sympathy,4,65.0
361,trust,0,45.0
361,trust,1,45.0
361,trust,2,45.0
361,trust,3,45.0
361,trust,4,45.0
361,altruism,0,45.0
361,altruism,1,45.0
361,altruism,2,25.0
361,altruism,3,45.0
361,altruism,4,45.0
361,cooperation,0,65.0
361,cooperation,1,65.0
361,cooperation,2,65.0
361,cooperation,3,65.0
361,cooperation,4,65.0
361,modesty,0,85.0
361,modesty,1,85.0
361,modesty,2,85.0
361,modesty,3,85.0
361,modesty,4,85.0
361,sympathy,0,25.0
361,sympathy,1,25.0
361,sympathy,2,25.0
361,sympathy,3,25.0
361,sympathy,4,25.0
362,trust,0,45.0
362,trust,1,45.0
362,trust,2,45.0
362,trust,3,45.0
362,trust,4,45.0
362,altruism,0,45.0
362,altruism,1,45.0
362,altruism,2,45.0
362,altruism,3,45.0
362,altruism,4,45.0
362,cooperation,0,50.0
362,cooperation,1,50.0
362,cooperation,2,50.0
362,cooperation,3,50.0
362,cooperation,4,50.0
362,modesty,0,90.0
362,modesty,1,85.0
362,modesty,2,90.0
362,modesty,3,90.0
362,modesty,4,95.0
362,sympathy,0,45.0
362,sympathy,1,45.0
362,sympathy,2,45.0
362,sympathy,3,45.0
362,sympathy,4,25.0
363,trust,0,25.0
363,trust,1,25.0
363,trust,2,25.0
363,trust,3,25.0
363,trust,4,25.0
363,altruism,0,25.0
363,altruism,1,35.0
363,altruism,2,30.0
363,altruism,3,25.0
363,altruism,4,35.0
363,cooperation,0,45.0
363,cooperation,1,45.0
363,cooperation,2,45.0
363,cooperation,3,45.0
363,cooperation,4,45.0
363,modesty,0,65.0
363,modesty,1,65.0
363,modesty,2,55.0
363,modesty,3,65.0
363,modesty,4,65.0
363,sympathy,0,25.0
363,sympathy,1,25.0
363,sympathy,2,25.0
363,sympathy,3,25.0
363,sympathy,4,25.0
364,trust,0,45.0
364,trust,1,45.0
364,trust,2,45.0
364,trust,3,45.0
364,trust,4,45.0
364,altruism,0,45.0
364,altruism,1,45.0
364,altruism,2,45.0
364,altruism,3,45.0
364,altruism,4,45.0
364,cooperation,0,45.0
364,cooperation,1,45.0
364,cooperation,2,45.0
364,cooperation,3,45.0
364,cooperation,4,45.0
364,modesty,0,65.0
364,modesty,1,65.0
364,modesty,2,65.0
364,modesty,3,65.0
364,modesty,4,65.0
364,sympathy,0,25.0
364,sympathy,1,25.0
364,sympathy,2,45.0
364,sympathy,3,25.0
364,sympathy,4,25.0
365,trust,0,45.0
365,trust,1,45.0
365,trust,2,45.0
365,trust,3,45.0
365,trust,4,45.0
365,altruism,0,65.0
365,altruism,1,65.0
365,altruism,2,45.0
365,altruism,3,65.0
365,altruism,4,65.0
365,cooperation,0,65.0
365,cooperation,1,75.0
365,cooperation,2,65.0
365,cooperation,3,70.0
365,cooperation,4,75.0
365,modesty,0,85.0
365,modesty,1,85.0
365,modesty,2,85.0
365,modesty,3,85.0
365,modesty,4,85.0
365,sympathy,0,65.0
365,sympathy,1,65.0
365,sympathy,2,45.0
365,sympathy,3,65.0
365,sympathy,4,65.0
366,trust,0,25.0
366,trust,1,45.0
366,trust,2,45.0
366,trust,3,45.0
366,trust,4,45.0
366,altruism,0,45.0
366,altruism,1,45.0
366,altruism,2,45.0
366,altruism,3,45.0
366,altruism,4,45.0
366,cooperation,0,45.0
366,cooperation,1,45.0
366,cooperation,2,45.0
366,cooperation,3,45.0
366,cooperation,4,45.0
366,modesty,0,85.0
366,modesty,1,85.0
366,modesty,2,85.0
366,modesty,3,85.0
366,modesty,4,85.0
366,sympathy,0,45.0
366,sympathy,1,45.0
366,sympathy,2,45.0
366,sympathy,3,45.0
366,sympathy,4,45.0
367,trust,0,65.0
367,trust,1,65.0
367,trust,2,65.0
367,trust,3,65.0
367,trust,4,65.0
367,altruism,0,65.0
367,altruism,1,65.0
367,altruism,2,65.0
367,altruism,3,65.0
367,altruism,4,65.0
367,cooperation,0,75.0
367,cooperation,1,75.0
367,cooperation,2,75.0
367,cooperation,3,75.0
367,cooperation,4,75.0
367,modesty,0,65.0
367,modesty,1,65.0
367,modesty,2,65.0
367,modesty,3,65.0
367,modesty,4,65.0
367,sympathy,0,55.0
367,sympathy,1,45.0
367,sympathy,2,45.0
367,sympathy,3,45.0
367,sympathy,4,45.0
368,trust,0,65.0
368,trust,1,65.0
368,trust,2,65.0
368,trust,3,65.0
368,trust,4,65.0
368,altruism,0,45.0
368,altruism,1,50.0
368,altruism,2,45.0
368,altruism,3,45.0
368,altruism,4,45.0
368,cooperation,0,60.0
368,cooperation,1,60.0
368,cooperation,2,60.0
368,cooperation,3,60.0
368,cooperation,4,60.0
368,modesty,0,65.0
368,modesty,1,65.0
368,modesty,2,65.0
368,modesty,3,65.0
368,modesty,4,65.0
368,sympathy,0,45.0
368,sympathy,1,45.0
368,sympathy,2,45.0
368,sympathy,3,45.0
368,sympathy,4,45.0
369,trust,0,65.0
369,trust,1,65.0
369,trust,2,65.0
369,trust,3,65.0
369,trust,4,65.0
369,altruism,0,45.0
369,altruism,1,45.0
369,altruism,2,45.0
369,altruism,3,45.0
369,altruism,4,45.0
369,cooperation,0,65.0
369,cooperation,1,65.0
369,cooperation,2,65.0
369,cooperation,3,65.0
369,cooperation,4,65.0
369,modesty,0,65.0
369,modesty,1,65.0
369,modesty,2,65.0
369,modesty,3,65.0
369,modesty,4,65.0
369,sympathy,0,45.0
369,sympathy,1,45.0
369,sympathy,2,45.0
369,sympathy,3,45.0
369,sympathy,4,45.0
370,trust,0,55.0
370,trust,1,65.0
370,trust,2,65.0
370,trust,3,65.0
370,trust,4,55.0
370,altruism,0,65.0
370,altruism,1,65.0
370,altruism,2,65.0
370,altruism,3,65.0
370,altruism,4,65.0
370,cooperation,0,75.0
370,cooperation,1,75.0
370,cooperation,2,75.0
370,cooperation,3,75.0
370,cooperation,4,75.0
370,modesty,0,65.0
370,modesty,1,65.0
370,modesty,2,65.0
370,modesty,3,65.0
370,modesty,4,85.0
370,sympathy,0,45.0
370,sympathy,1,45.0
370,sympathy,2,45.0
370,sympathy,3,45.0
370,sympathy,4,45.0
371,trust,0,70.0
371,trust,1,75.0
371,trust,2,75.0
371,trust,3,75.0
371,trust,4,65.0
371,altruism,0,85.0
371,altruism,1,85.0
371,altruism,2,85.0
371,altruism,3,85.0
371,altruism,4,85.0
371,cooperation,0,85.0
371,cooperation,1,85.0
371,cooperation,2,85.0
371,cooperation,3,85.0
371,cooperation,4,75.0
371,modesty,0,85.0
371,modesty,1,85.0
371,modesty,2,85.0
371,modesty,3,80.0
371,modesty,4,65.0
371,sympathy,0,65.0
371,sympathy,1,65.0
371,sympathy,2,70.0
371,sympathy,3,75.0
371,sympathy,4,65.0
372,trust,0,45.0
372,trust,1,45.0
372,trust,2,45.0
372,trust,3,45.0
372,trust,4,45.0
372,altruism,0,45.0
372,altruism,1,65.0
372,altruism,2,65.0
372,altruism,3,45.0
372,altruism,4,45.0
372,cooperation,0,65.0
372,cooperation,1,65.0
372,cooperation,2,65.0
372,cooperation,3,65.0
372,cooperation,4,65.0
372,modesty,0,45.0
372,modesty,1,65.0
372,modesty,2,65.0
372,modesty,3,55.0
372,modesty,4,45.0
372,sympathy,0,45.0
372,sympathy,1,45.0
372,sympathy,2,45.0
372,sympathy,3,45.0
372,sympathy,4,45.0
373,trust,0,65.0
373,trust,1,60.0
373,trust,2,65.0
373,trust,3,60.0
373,trust,4,60.0
373,altruism,0,65.0
373,altruism,1,45.0
373,altruism,2,45.0
373,altruism,3,45.0
373,altruism,4,65.0
373,cooperation,0,45.0
373,cooperation,1,45.0
373,cooperation,2,65.0
373,cooperation,3,65.0
373,cooperation,4,45.0
373,modesty,0,65.0
373,modesty,1,65.0
373,modesty,2,65.0
373,modesty,3,65.0
373,modesty,4,65.0
373,sympathy,0,35.0
373,sympathy,1,30.0
373,sympathy,2,35.0
373,sympathy,3,45.0
373,sympathy,4,30.0
374,trust,0,45.0
374,trust,1,45.0
374,trust,2,45.0
374,trust,3,55.0
374,trust,4,45.0
374,altruism,0,45.0
374,altruism,1,45.0
374,altruism,2,45.0
374,altruism,3,45.0
374,altruism,4,45.0
374,cooperation,0,75.0
374,cooperation,1,75.0
374,cooperation,2,75.0
374,cooperation,3,70.0
374,cooperation,4,75.0
374,modesty,0,75.0
374,modesty,1,75.0
374,modesty,2,75.0
374,modesty,3,65.0
374,modesty,4,85.0
374,sympathy,0,45.0
374,sympathy,1,45.0
374,sympathy,2,45.0
374,sympathy,3,45.0
374,sympathy,4,45.0
375,trust,0,65.0
375,trust,1,65.0
375,trust,2,65.0
375,trust,3,65.0
375,trust,4,65.0
375,altruism,0,65.0
375,altruism,1,70.0
375,altruism,2,65.0
375,altruism,3,65.0
375,altruism,4,65.0
375,cooperation,0,85.0
375,cooperation,1,85.0
375,cooperation,2,85.0
375,cooperation,3,85.0
375,cooperation,4,75.0
375,modesty,0,75.0
375,modesty,1,75.0
375,modesty,2,75.0
375,modesty,3,75.0
375,modesty,4,75.0
375,sympathy,0,65.0
375,sympathy,1,65.0
375,sympathy,2,65.0
375,sympathy,3,65.0
375,sympathy,4,65.0
376,trust,0,65.0
376,trust,1,65.0
376,trust,2,65.0
376,trust,3,65.0
376,trust,4,65.0
376,altruism,0,45.0
376,altruism,1,45.0
376,altruism,2,45.0
376,altruism,3,45.0
376,altruism,4,45.0
376,cooperation,0,65.0
376,cooperation,1,65.0
376,cooperation,2,70.0
376,cooperation,3,65.0
376,cooperation,4,65.0
376,modesty,0,65.0
376,modesty,1,65.0
376,modesty,2,65.0
376,modesty,3,65.0
376,modesty,4,65.0
376,sympathy,0,45.0
376,sympathy,1,45.0
376,sympathy,2,45.0
376,sympathy,3,45.0
376,sympathy,4,45.0
377,trust,0,65.0
377,trust,1,70.0
377,trust,2,75.0
377,trust,3,70.0
377,trust,4,75.0
377,altruism,0,65.0
377,altruism,1,65.0
377,altruism,2,65.0
377,altruism,3,45.0
377,altruism,4,65.0
377,cooperation,0,65.0
377,cooperation,1,75.0
377,cooperation,2,75.0
377,cooperation,3,75.0
377,cooperation,4,75.0
377,modesty,0,85.0
377,modesty,1,85.0
377,modesty,2,85.0
377,modesty,3,85.0
377,modesty,4,85.0
377,sympathy,0,45.0
377,sympathy,1,65.0
377,sympathy,2,45.0
377,sympathy,3,45.0
377,sympathy,4,45.0
378,trust,0,70.0
378,trust,1,65.0
378,trust,2,70.0
378,trust,3,70.0
378,trust,4,70.0
378,altruism,0,75.0
378,altruism,1,75.0
378,altruism,2,70.0
378,altruism,3,70.0
378,altruism,4,65.0
378,cooperation,0,75.0
378,cooperation,1,75.0
378,cooperation,2,85.0
378,cooperation,3,75.0
378,cooperation,4,85.0
378,modesty,0,85.0
378,modesty,1,75.0
378,modesty,2,85.0
378,modesty,3,75.0
378,modesty,4,85.0
378,sympathy,0,45.0
378,sympathy,1,45.0
378,sympathy,2,45.0
378,sympathy,3,45.0
378,sympathy,4,45.0
379,trust,0,45.0
379,trust,1,45.0
379,trust,2,45.0
379,trust,3,50.0
379,trust,4,45.0
379,altruism,0,35.0
379,altruism,1,45.0
379,altruism,2,45.0
379,altruism,3,45.0
379,altruism,4,45.0
379,cooperation,0,60.0
379,cooperation,1,60.0
379,cooperation,2,60.0
379,cooperation,3,60.0
379,cooperation,4,60.0
379,modesty,0,70.0
379,modesty,1,85.0
379,modesty,2,85.0
379,modesty,3,85.0
379,modesty,4,85.0
379,sympathy,0,45.0
379,sympathy,1,45.0
379,sympathy,2,45.0
379,sympathy,3,45.0
379,sympathy,4,45.0
380,trust,0,45.0
380,trust,1,45.0
380,trust,2,45.0
380,trust,3,45.0
380,trust,4,45.0
380,altruism,0,35.0
380,altruism,1,35.0
380,altruism,2,35.0
380,altruism,3,30.0
380,altruism,4,40.0
380,cooperation,0,65.0
380,cooperation,1,65.0
380,cooperation,2,65.0
380,cooperation,3,65.0
380,cooperation,4,65.0
380,modesty,0,65.0
380,modesty,1,65.0
380,modesty,2,65.0
380,modesty,3,65.0
380,modesty,4,65.0
380,sympathy,0,25.0
380,sympathy,1,25.0
380,sympathy,2,25.0
380,sympathy,3,25.0
380,sympathy,4,25.0
381,trust,0,45.0
381,trust,1,45.0
381,trust,2,45.0
381,trust,3,45.0
381,trust,4,45.0
381,altruism,0,25.0
381,altruism,1,25.0
381,altruism,2,25.0
381,altruism,3,25.0
381,altruism,4,25.0
381,cooperation,0,65.0
381,cooperation,1,65.0
381,cooperation,2,65.0
381,cooperation,3,65.0
381,cooperation,4,65.0
381,modesty,0,65.0
381,modesty,1,45.0
381,modesty,2,50.0
381,modesty,3,65.0
381,modesty,4,55.0
381,sympathy,0,25.0
381,sympathy,1,25.0
381,sympathy,2,25.0
381,sympathy,3,25.0
381,sympathy,4,25.0
382,trust,0,45.0
382,trust,1,45.0
382,trust,2,45.0
382,trust,3,45.0
382,trust,4,45.0
382,altruism,0,45.0
382,altruism,1,45.0
382,altruism,2,45.0
382,altruism,3,40.0
382,altruism,4,45.0
382,cooperation,0,65.0
382,cooperation,1,65.0
382,cooperation,2,65.0
382,cooperation,3,65.0
382,cooperation,4,65.0
382,modesty,0,65.0
382,modesty,1,65.0
382,modesty,2,85.0
382,modesty,3,65.0
382,modesty,4,65.0
382,sympathy,0,45.0
382,sympathy,1,45.0
382,sympathy,2,45.0
382,sympathy,3,45.0
382,sympathy,4,45.0
383,trust,0,45.0
383,trust,1,45.0
383,trust,2,65.0
383,trust,3,45.0
383,trust,4,45.0
383,altruism,0,45.0
383,altruism,1,65.0
383,altruism,2,65.0
383,altruism,3,45.0
383,altruism,4,45.0
383,cooperation,0,65.0
383,cooperation,1,65.0
383,cooperation,2,65.0
383,cooperation,3,65.0
383,cooperation,4,60.0
383,modesty,0,65.0
383,modesty,1,65.0
383,modesty,2,65.0
383,modesty,3,65.0
383,modesty,4,65.0
383,sympathy,0,45.0
383,sympathy,1,45.0
383,sympathy,2,45.0
383,sympathy,3,45.0
383,sympathy,4,45.0
384,trust,0,60.0
384,trust,1,60.0
384,trust,2,60.0
384,trust,3,60.0
384,trust,4,60.0
384,altruism,0,65.0
384,altruism,1,65.0
384,altruism,2,45.0
384,altruism,3,45.0
384,altruism,4,65.0
384,cooperation,0,70.0
384,cooperation,1,65.0
384,cooperation,2,65.0
384,cooperation,3,75.0
384,cooperation,4,75.0
384,modesty,0,85.0
384,modesty,1,85.0
384,modesty,2,85.0
384,modesty,3,85.0
384,modesty,4,85.0
384,sympathy,0,45.0
384,sympathy,1,45.0
384,sympathy,2,45.0
384,sympathy,3,45.0
384,sympathy,4,45.0
385,trust,0,45.0
385,trust,1,55.0
385,trust,2,65.0
385,trust,3,55.0
385,trust,4,65.0
385,altruism,0,45.0
385,altruism,1,45.0
385,altruism,2,45.0
385,altruism,3,45.0
385,altruism,4,45.0
385,cooperation,0,60.0
385,cooperation,1,65.0
385,cooperation,2,65.0
385,cooperation,3,65.0
385,cooperation,4,65.0
385,modesty,0,75.0
385,modesty,1,75.0
385,modesty,2,85.0
385,modesty,3,85.0
385,modesty,4,85.0
385,sympathy,0,45.0
385,sympathy,1,45.0
385,sympathy,2,45.0
385,sympathy,3,45.0
385,sympathy,4,45.0
386,trust,0,65.0
386,trust,1,65.0
386,trust,2,65.0
386,trust,3,65.0
386,trust,4,65.0
386,altruism,0,65.0
386,altruism,1,65.0
386,altruism,2,65.0
386,altruism,3,65.0
386,altruism,4,65.0
386,cooperation,0,65.0
386,cooperation,1,65.0
386,cooperation,2,85.0
386,cooperation,3,85.0
386,cooperation,4,65.0
386,modesty,0,68.0
386,modesty,1,75.0
386,modesty,2,65.0
386,modesty,3,85.0
386,modesty,4,65.0
386,sympathy,0,65.0
386,sympathy,1,65.0
386,sympathy,2,65.0
386,sympathy,3,65.0
386,sympathy,4,45.0
387,trust,0,65.0
387,trust,1,65.0
387,trust,2,60.0
387,trust,3,65.0
387,trust,4,60.0
387,altruism,0,65.0
387,altruism,1,65.0
387,altruism,2,65.0
387,altruism,3,65.0
387,altruism,4,65.0
387,cooperation,0,65.0
387,cooperation,1,70.0
387,cooperation,2,80.0
387,cooperation,3,65.0
387,cooperation,4,75.0
387,modesty,0,65.0
387,modesty,1,65.0
387,modesty,2,75.0
387,modesty,3,70.0
387,modesty,4,70.0
387,sympathy,0,45.0
387,sympathy,1,45.0
387,sympathy,2,45.0
387,sympathy,3,45.0
387,sympathy,4,45.0
388,trust,0,75.0
388,trust,1,60.0
388,trust,2,65.0
388,trust,3,65.0
388,trust,4,65.0
388,altruism,0,65.0
388,altruism,1,65.0
388,altruism,2,65.0
388,altruism,3,65.0
388,altruism,4,65.0
388,cooperation,0,75.0
388,cooperation,1,65.0
388,cooperation,2,75.0
388,cooperation,3,75.0
388,cooperation,4,65.0
388,modesty,0,65.0
388,modesty,1,70.0
388,modesty,2,65.0
388,modesty,3,65.0
388,modesty,4,65.0
388,sympathy,0,65.0
388,sympathy,1,65.0
388,sympathy,2,65.0
388,sympathy,3,65.0
388,sympathy,4,70.0
389,trust,0,40.0
389,trust,1,45.0
389,trust,2,45.0
389,trust,3,45.0
389,trust,4,40.0
389,altruism,0,40.0
389,altruism,1,40.0
389,altruism,2,40.0
389,altruism,3,40.0
389,altruism,4,40.0
389,cooperation,0,65.0
389,cooperation,1,65.0
389,cooperation,2,65.0
389,cooperation,3,65.0
389,cooperation,4,65.0
389,modesty,0,65.0
389,modesty,1,65.0
389,modesty,2,65.0
389,modesty,3,65.0
389,modesty,4,65.0
389,sympathy,0,30.0
389,sympathy,1,45.0
389,sympathy,2,25.0
389,sympathy,3,45.0
389,sympathy,4,25.0
390,trust,0,65.0
390,trust,1,65.0
390,trust,2,65.0
390,trust,3,65.0
390,trust,4,75.0
390,altruism,0,45.0
390,altruism,1,45.0
390,altruism,2,45.0
390,altruism,3,45.0
390,altruism,4,45.0
390,cooperation,0,85.0
390,cooperation,1,90.0
390,cooperation,2,90.0
390,cooperation,3,85.0
390,cooperation,4,85.0
390,modesty,0,45.0
390,modesty,1,45.0
390,modesty,2,45.0
390,modesty,3,45.0
390,modesty,4,45.0
390,sympathy,0,45.0
390,sympathy,1,45.0
390,sympathy,2,45.0
390,sympathy,3,45.0
390,sympathy,4,45.0
391,trust,0,75.0
391,trust,1,75.0
391,trust,2,70.0
391,trust,3,65.0
391,trust,4,75.0
391,altruism,0,75.0
391,altruism,1,65.0
391,altruism,2,65.0
391,altruism,3,75.0
391,altruism,4,75.0
391,cooperation,0,85.0
391,cooperation,1,85.0
391,cooperation,2,85.0
391,cooperation,3,75.0
391,cooperation,4,85.0
391,modesty,0,90.0
391,modesty,1,85.0
391,modesty,2,85.0
391,modesty,3,90.0
391,modesty,4,85.0
391,sympathy,0,85.0
391,sympathy,1,85.0
391,sympathy,2,85.0
391,sympathy,3,85.0
391,sympathy,4,85.0
392,trust,0,65.0
392,trust,1,65.0
392,trust,2,65.0
392,trust,3,65.0
392,trust,4,65.0
392,altruism,0,55.0
392,altruism,1,45.0
392,altruism,2,45.0
392,altruism,3,65.0
392,altruism,4,45.0
392,cooperation,0,85.0
392,cooperation,1,85.0
392,cooperation,2,75.0
392,cooperation,3,85.0
392,cooperation,4,85.0
392,modesty,0,85.0
392,modesty,1,85.0
392,modesty,2,85.0
392,modesty,3,85.0
392,modesty,4,85.0
392,sympathy,0,65.0
392,sympathy,1,45.0
392,sympathy,2,45.0
392,sympathy,3,45.0
392,sympathy,4,45.0
393,trust,0,45.0
393,trust,1,65.0
393,trust,2,65.0
393,trust,3,45.0
393,trust,4,45.0
393,altruism,0,45.0
393,altruism,1,45.0
393,altruism,2,45.0
393,altruism,3,45.0
393,altruism,4,45.0
393,cooperation,0,85.0
393,cooperation,1,85.0
393,cooperation,2,85.0
393,cooperation,3,75.0
393,cooperation,4,85.0
393,modesty,0,85.0
393,modesty,1,85.0
393,modesty,2,85.0
393,modesty,3,85.0
393,modesty,4,85.0
393,sympathy,0,75.0
393,sympathy,1,75.0
393,sympathy,2,65.0
393,sympathy,3,75.0
393,sympathy,4,85.0
394,trust,0,75.0
394,trust,1,75.0
394,trust,2,75.0
394,trust,3,75.0
394,trust,4,75.0
394,altruism,0,65.0
394,altruism,1,65.0
394,altruism,2,45.0
394,altruism,3,65.0
394,altruism,4,65.0
394,cooperation,0,85.0
394,cooperation,1,85.0
394,cooperation,2,85.0
394,cooperation,3,85.0
394,cooperation,4,90.0
394,modesty,0,75.0
394,modesty,1,85.0
394,modesty,2,85.0
394,modesty,3,85.0
394,modesty,4,75.0
394,sympathy,0,75.0
394,sympathy,1,75.0
394,sympathy,2,75.0
394,sympathy,3,75.0
394,sympathy,4,75.0
395,trust,0,45.0
395,trust,1,45.0
395,trust,2,45.0
395,trust,3,45.0
395,trust,4,45.0
395,altruism,0,85.0
395,altruism,1,65.0
395,altruism,2,65.0
395,altruism,3,65.0
395,altruism,4,65.0
395,cooperation,0,45.0
395,cooperation,1,45.0
395,cooperation,2,45.0
395,cooperation,3,45.0
395,cooperation,4,45.0
395,modesty,0,0.0
395,modesty,1,0.0
395,modesty,2,0.0
395,modesty,3,0.0
395,modesty,4,0.0
395,sympathy,0,25.0
395,sympathy,1,25.0
395,sympathy,2,25.0
395,sympathy,3,25.0
395,sympathy,4,25.0
396,trust,0,45.0
396,trust,1,45.0
396,trust,2,45.0
396,trust,3,45.0
396,trust,4,45.0
396,altruism,0,25.0
396,altruism,1,45.0
396,altruism,2,25.0
396,altruism,3,25.0
396,altruism,4,45.0
396,cooperation,0,85.0
396,cooperation,1,85.0
396,cooperation,2,85.0
396,cooperation,3,75.0
396,cooperation,4,85.0
396,modesty,0,25.0
396,modesty,1,25.0
396,modesty,2,25.0
396,modesty,3,80.0
396,modesty,4,85.0
396,sympathy,0,25.0
396,sympathy,1,45.0
396,sympathy,2,65.0
396,sympathy,3,45.0
396,sympathy,4,45.0
397,trust,0,65.0
397,trust,1,45.0
397,trust,2,45.0
397,trust,3,45.0
397,trust,4,45.0
397,altruism,0,85.0
397,altruism,1,85.0
397,altruism,2,90.0
397,altruism,3,85.0
397,altruism,4,85.0
397,cooperation,0,45.0
397,cooperation,1,45.0
397,cooperation,2,65.0
397,cooperation,3,45.0
397,cooperation,4,45.0
397,modesty,0,30.0
397,modesty,1,25.0
397,modesty,2,25.0
397,modesty,3,25.0
397,modesty,4,25.0
397,sympathy,0,35.0
397,sympathy,1,45.0
397,sympathy,2,35.0
397,sympathy,3,45.0
397,sympathy,4,45.0
398,trust,0,65.0
398,trust,1,65.0
398,trust,2,65.0
398,trust,3,65.0
398,trust,4,65.0
398,altruism,0,85.0
398,altruism,1,65.0
398,altruism,2,65.0
398,altruism,3,65.0
398,altruism,4,65.0
398,cooperation,0,65.0
398,cooperation,1,65.0
398,cooperation,2,65.0
398,cooperation,3,55.0
398,cooperation,4,65.0
398,modesty,0,45.0
398,modesty,1,45.0
398,modesty,2,45.0
398,modesty,3,45.0
398,modesty,4,45.0
398,sympathy,0,65.0
398,sympathy,1,65.0
398,sympathy,2,65.0
398,sympathy,3,85.0
398,sympathy,4,65.0
399,trust,0,75.0
399,trust,1,75.0
399,trust,2,75.0
399,trust,3,75.0
399,trust,4,85.0
399,altruism,0,90.0
399,altruism,1,90.0
399,altruism,2,90.0
399,altruism,3,90.0
399,altruism,4,90.0
399,cooperation,0,90.0
399,cooperation,1,90.0
399,cooperation,2,90.0
399,cooperation,3,90.0
399,cooperation,4,90.0
399,modesty,0,75.0
399,modesty,1,85.0
399,modesty,2,75.0
399,modesty,3,75.0
399,modesty,4,85.0
399,sympathy,0,85.0
399,sympathy,1,85.0
399,sympathy,2,85.0
399,sympathy,3,85.0
399,sympathy,4,85.0
400,trust,0,45.0
400,trust,1,45.0
400,trust,2,45.0
400,trust,3,45.0
400,trust,4,45.0
400,altruism,0,90.0
400,altruism,1,90.0
400,altruism,2,95.0
400,altruism,3,90.0
400,altruism,4,95.0
400,cooperation,0,85.0
400,cooperation,1,65.0
400,cooperation,2,75.0
400,cooperation,3,85.0
400,cooperation,4,85.0
400,modesty,0,20.0
400,modesty,1,45.0
400,modesty,2,45.0
400,modesty,3,25.0
400,modesty,4,25.0
400,sympathy,0,85.0
400,sympathy,1,85.0
400,sympathy,2,85.0
400,sympathy,3,85.0
400,sympathy,4,85.0
401,trust,0,65.0
401,trust,1,65.0
401,trust,2,75.0
401,trust,3,75.0
401,trust,4,75.0
401,altruism,0,85.0
401,altruism,1,85.0
401,altruism,2,85.0
401,altruism,3,75.0
401,altruism,4,65.0
401,cooperation,0,85.0
401,cooperation,1,85.0
401,cooperation,2,85.0
401,cooperation,3,85.0
401,cooperation,4,85.0
401,modesty,0,55.0
401,modesty,1,45.0
401,modesty,2,35.0
401,modesty,3,45.0
401,modesty,4,45.0
401,sympathy,0,85.0
401,sympathy,1,85.0
401,sympathy,2,85.0
401,sympathy,3,85.0
401,sympathy,4,85.0
402,trust,0,65.0
402,trust,1,65.0
402,trust,2,65.0
402,trust,3,65.0
402,trust,4,65.0
402,altruism,0,85.0
402,altruism,1,85.0
402,altruism,2,85.0
402,altruism,3,85.0
402,altruism,4,85.0
402,cooperation,0,85.0
402,cooperation,1,90.0
402,cooperation,2,90.0
402,cooperation,3,90.0
402,cooperation,4,90.0
402,modesty,0,65.0
402,modesty,1,85.0
402,modesty,2,85.0
402,modesty,3,65.0
402,modesty,4,85.0
402,sympathy,0,85.0
402,sympathy,1,85.0
402,sympathy,2,85.0
402,sympathy,3,85.0
402,sympathy,4,85.0
403,trust,0,65.0
403,trust,1,65.0
403,trust,2,65.0
403,trust,3,65.0
403,trust,4,65.0
403,altruism,0,85.0
403,altruism,1,85.0
403,altruism,2,90.0
403,altruism,3,85.0
403,altruism,4,90.0
403,cooperation,0,45.0
403,cooperation,1,45.0
403,cooperation,2,45.0
403,cooperation,3,45.0
403,cooperation,4,45.0
403,modesty,0,25.0
403,modesty,1,40.0
403,modesty,2,40.0
403,modesty,3,45.0
403,modesty,4,25.0
403,sympathy,0,25.0
403,sympathy,1,25.0
403,sympathy,2,25.0
403,sympathy,3,25.0
403,sympathy,4,25.0
404,trust,0,40.0
404,trust,1,40.0
404,trust,2,40.0
404,trust,3,40.0
404,trust,4,40.0
404,altruism,0,25.0
404,altruism,1,25.0
404,altruism,2,25.0
404,altruism,3,30.0
404,altruism,4,25.0
404,cooperation,0,90.0
404,cooperation,1,85.0
404,cooperation,2,85.0
404,cooperation,3,85.0
404,cooperation,4,85.0
404,modesty,0,45.0
404,modesty,1,45.0
404,modesty,2,45.0
404,modesty,3,45.0
404,modesty,4,45.0
404,sympathy,0,45.0
404,sympathy,1,45.0
404,sympathy,2,45.0
404,sympathy,3,45.0
404,sympathy,4,45.0
405,trust,0,65.0
405,trust,1,65.0
405,trust,2,65.0
405,trust,3,65.0
405,trust,4,65.0
405,altruism,0,90.0
405,altruism,1,90.0
405,altruism,2,90.0
405,altruism,3,90.0
405,altruism,4,90.0
405,cooperation,0,85.0
405,cooperation,1,85.0
405,cooperation,2,85.0
405,cooperation,3,85.0
405,cooperation,4,85.0
405,modesty,0,0.0
405,modesty,1,0.0
405,modesty,2,0.0
405,modesty,3,0.0
405,modesty,4,0.0
405,sympathy,0,85.0
405,sympathy,1,85.0
405,sympathy,2,85.0
405,sympathy,3,85.0
405,sympathy,4,85.0
406,trust,0,65.0
406,trust,1,65.0
406,trust,2,65.0
406,trust,3,75.0
406,trust,4,75.0
406,altruism,0,65.0
406,altruism,1,75.0
406,altruism,2,70.0
406,altruism,3,70.0
406,altruism,4,85.0
406,cooperation,0,85.0
406,cooperation,1,85.0
406,cooperation,2,85.0
406,cooperation,3,85.0
406,cooperation,4,85.0
406,modesty,0,45.0
406,modesty,1,45.0
406,modesty,2,45.0
406,modesty,3,45.0
406,modesty,4,45.0
406,sympathy,0,65.0
406,sympathy,1,65.0
406,sympathy,2,65.0
406,sympathy,3,65.0
406,sympathy,4,65.0
407,trust,0,45.0
407,trust,1,45.0
407,trust,2,45.0
407,trust,3,45.0
407,trust,4,45.0
407,altruism,0,45.0
407,altruism,1,45.0
407,altruism,2,45.0
407,altruism,3,45.0
407,altruism,4,45.0
407,cooperation,0,75.0
407,cooperation,1,75.0
407,cooperation,2,75.0
407,cooperation,3,75.0
407,cooperation,4,85.0
407,modesty,0,65.0
407,modesty,1,75.0
407,modesty,2,65.0
407,modesty,3,65.0
407,modesty,4,65.0
407,sympathy,0,45.0
407,sympathy,1,45.0
407,sympathy,2,45.0
407,sympathy,3,45.0
407,sympathy,4,45.0
408,trust,0,75.0
408,trust,1,70.0
408,trust,2,75.0
408,trust,3,75.0
408,trust,4,75.0
408,altruism,0,85.0
408,altruism,1,85.0
408,altruism,2,85.0
408,altruism,3,85.0
408,altruism,4,85.0
408,cooperation,0,85.0
408,cooperation,1,90.0
408,cooperation,2,85.0
408,cooperation,3,85.0
408,cooperation,4,85.0
408,modesty,0,85.0
408,modesty,1,85.0
408,modesty,2,85.0
408,modesty,3,85.0
408,modesty,4,90.0
408,sympathy,0,85.0
408,sympathy,1,85.0
408,sympathy,2,85.0
408,sympathy,3,85.0
408,sympathy,4,85.0
409,trust,0,65.0
409,trust,1,65.0
409,trust,2,65.0
409,trust,3,65.0
409,trust,4,65.0
409,altruism,0,65.0
409,altruism,1,65.0
409,altruism,2,65.0
409,altruism,3,65.0
409,altruism,4,65.0
409,cooperation,0,85.0
409,cooperation,1,85.0
409,cooperation,2,85.0
409,cooperation,3,90.0
409,cooperation,4,90.0
409,modesty,0,85.0
409,modesty,1,85.0
409,modesty,2,85.0
409,modesty,3,85.0
409,modesty,4,85.0
409,sympathy,0,45.0
409,sympathy,1,45.0
409,sympathy,2,45.0
409,sympathy,3,45.0
409,sympathy,4,45.0
410,trust,0,45.0
410,trust,1,45.0
410,trust,2,45.0
410,trust,3,45.0
410,trust,4,45.0
410,altruism,0,25.0
410,altruism,1,25.0
410,altruism,2,25.0
410,altruism,3,25.0
410,altruism,4,25.0
410,cooperation,0,10.0
410,cooperation,1,0.0
410,cooperation,2,20.0
410,cooperation,3,25.0
410,cooperation,4,25.0
410,modesty,0,0.0
410,modesty,1,0.0
410,modesty,2,0.0
410,modesty,3,0.0
410,modesty,4,0.0
410,sympathy,0,0.0
410,sympathy,1,0.0
410,sympathy,2,20.0
410,sympathy,3,25.0
410,sympathy,4,20.0
411,trust,0,45.0
411,trust,1,45.0
411,trust,2,45.0
411,trust,3,45.0
411,trust,4,45.0
411,altruism,0,65.0
411,altruism,1,45.0
411,altruism,2,45.0
411,altruism,3,45.0
411,altruism,4,65.0
411,cooperation,0,75.0
411,cooperation,1,75.0
411,cooperation,2,75.0
411,cooperation,3,75.0
411,cooperation,4,75.0
411,modesty,0,45.0
411,modesty,1,55.0
411,modesty,2,55.0
411,modesty,3,55.0
411,modesty,4,55.0
411,sympathy,0,45.0
411,sympathy,1,45.0
411,sympathy,2,45.0
411,sympathy,3,45.0
411,sympathy,4,45.0
412,trust,0,25.0
412,trust,1,25.0
412,trust,2,25.0
412,trust,3,45.0
412,trust,4,25.0
412,altruism,0,30.0
412,altruism,1,35.0
412,altruism,2,25.0
412,altruism,3,30.0
412,altruism,4,30.0
412,cooperation,0,45.0
412,cooperation,1,65.0
412,cooperation,2,45.0
412,cooperation,3,45.0
412,cooperation,4,45.0
412,modesty,0,0.0
412,modesty,1,0.0
412,modesty,2,0.0
412,modesty,3,0.0
412,modesty,4,0.0
412,sympathy,0,45.0
412,sympathy,1,65.0
412,sympathy,2,45.0
412,sympathy,3,45.0
412,sympathy,4,45.0
413,trust,0,65.0
413,trust,1,65.0
413,trust,2,65.0
413,trust,3,65.0
413,trust,4,65.0
413,altruism,0,75.0
413,altruism,1,75.0
413,altruism,2,75.0
413,altruism,3,75.0
413,altruism,4,75.0
413,cooperation,0,85.0
413,cooperation,1,90.0
413,cooperation,2,85.0
413,cooperation,3,85.0
413,cooperation,4,85.0
413,modesty,0,65.0
413,modesty,1,65.0
413,modesty,2,65.0
413,modesty,3,65.0
413,modesty,4,65.0
413,sympathy,0,45.0
413,sympathy,1,65.0
413,sympathy,2,65.0
413,sympathy,3,65.0
413,sympathy,4,45.0
414,trust,0,45.0
414,trust,1,45.0
414,trust,2,45.0
414,trust,3,45.0
414,trust,4,45.0
414,altruism,0,45.0
414,altruism,1,65.0
414,altruism,2,65.0
414,altruism,3,45.0
414,altruism,4,65.0
414,cooperation,0,45.0
414,cooperation,1,45.0
414,cooperation,2,45.0
414,cooperation,3,45.0
414,cooperation,4,45.0
414,modesty,0,20.0
414,modesty,1,20.0
414,modesty,2,20.0
414,modesty,3,65.0
414,modesty,4,25.0
414,sympathy,0,45.0
414,sympathy,1,45.0
414,sympathy,2,45.0
414,sympathy,3,45.0
414,sympathy,4,45.0
415,trust,0,90.0
415,trust,1,90.0
415,trust,2,90.0
415,trust,3,90.0
415,trust,4,85.0
415,altruism,0,85.0
415,altruism,1,85.0
415,altruism,2,85.0
415,altruism,3,85.0
415,altruism,4,85.0
415,cooperation,0,85.0
415,cooperation,1,85.0
415,cooperation,2,85.0
415,cooperation,3,85.0
415,cooperation,4,85.0
415,modesty,0,65.0
415,modesty,1,65.0
415,modesty,2,65.0
415,modesty,3,65.0
415,modesty,4,65.0
415,sympathy,0,65.0
415,sympathy,1,65.0
415,sympathy,2,65.0
415,sympathy,3,65.0
415,sympathy,4,65.0
416,trust,0,60.0
416,trust,1,60.0
416,trust,2,60.0
416,trust,3,60.0
416,trust,4,60.0
416,altruism,0,65.0
416,altruism,1,75.0
416,altruism,2,65.0
416,altruism,3,65.0
416,altruism,4,65.0
416,cooperation,0,85.0
416,cooperation,1,85.0
416,cooperation,2,85.0
416,cooperation,3,85.0
416,cooperation,4,85.0
416,modesty,0,75.0
416,modesty,1,75.0
416,modesty,2,70.0
416,modesty,3,70.0
416,modesty,4,75.0
416,sympathy,0,65.0
416,sympathy,1,65.0
416,sympathy,2,65.0
416,sympathy,3,65.0
416,sympathy,4,65.0
417,trust,0,25.0
417,trust,1,25.0
417,trust,2,25.0
417,trust,3,25.0
417,trust,4,20.0
417,altruism,0,65.0
417,altruism,1,65.0
417,altruism,2,65.0
417,altruism,3,65.0
417,altruism,4,65.0
417,cooperation,0,65.0
417,cooperation,1,65.0
417,cooperation,2,65.0
417,cooperation,3,65.0
417,cooperation,4,65.0
417,modesty,0,45.0
417,modesty,1,25.0
417,modesty,2,25.0
417,modesty,3,25.0
417,modesty,4,45.0
417,sympathy,0,85.0
417,sympathy,1,85.0
417,sympathy,2,85.0
417,sympathy,3,85.0
417,sympathy,4,85.0
418,trust,0,65.0
418,trust,1,65.0
418,trust,2,75.0
418,trust,3,65.0
418,trust,4,65.0
418,altruism,0,85.0
418,altruism,1,85.0
418,altruism,2,85.0
418,altruism,3,85.0
418,altruism,4,85.0
418,cooperation,0,65.0
418,cooperation,1,65.0
418,cooperation,2,65.0
418,cooperation,3,65.0
418,cooperation,4,65.0
418,modesty,0,20.0
418,modesty,1,20.0
418,modesty,2,20.0
418,modesty,3,20.0
418,modesty,4,20.0
418,sympathy,0,45.0
418,sympathy,1,65.0
418,sympathy,2,45.0
418,sympathy,3,45.0
418,sympathy,4,65.0
419,trust,0,75.0
419,trust,1,75.0
419,trust,2,75.0
419,trust,3,75.0
419,trust,4,75.0
419,altruism,0,45.0
419,altruism,1,45.0
419,altruism,2,45.0
419,altruism,3,45.0
419,altruism,4,45.0
419,cooperation,0,75.0
419,cooperation,1,85.0
419,cooperation,2,75.0
419,cooperation,3,85.0
419,cooperation,4,75.0
419,modesty,0,25.0
419,modesty,1,45.0
419,modesty,2,25.0
419,modesty,3,25.0
419,modesty,4,25.0
419,sympathy,0,25.0
419,sympathy,1,25.0
419,sympathy,2,25.0
419,sympathy,3,25.0
419,sympathy,4,25.0
420,trust,0,75.0
420,trust,1,75.0
420,trust,2,75.0
420,trust,3,75.0
420,trust,4,75.0
420,altruism,0,40.0
420,altruism,1,40.0
420,altruism,2,40.0
420,altruism,3,40.0
420,altruism,4,40.0
420,cooperation,0,65.0
420,cooperation,1,45.0
420,cooperation,2,65.0
420,cooperation,3,65.0
420,cooperation,4,45.0
420,modesty,0,40.0
420,modesty,1,45.0
420,modesty,2,45.0
420,modesty,3,40.0
420,modesty,4,40.0
420,sympathy,0,45.0
420,sympathy,1,45.0
420,sympathy,2,35.0
420,sympathy,3,30.0
420,sympathy,4,45.0
421,trust,0,40.0
421,trust,1,45.0
421,trust,2,40.0
421,trust,3,45.0
421,trust,4,45.0
421,altruism,0,45.0
421,altruism,1,45.0
421,altruism,2,45.0
421,altruism,3,45.0
421,altruism,4,45.0
421,cooperation,0,40.0
421,cooperation,1,40.0
421,cooperation,2,40.0
421,cooperation,3,40.0
421,cooperation,4,40.0
421,modesty,0,40.0
421,modesty,1,40.0
421,modesty,2,40.0
421,modesty,3,40.0
421,modesty,4,25.0
421,sympathy,0,25.0
421,sympathy,1,25.0
421,sympathy,2,25.0
421,sympathy,3,25.0
421,sympathy,4,25.0
422,trust,0,85.0
422,trust,1,85.0
422,trust,2,85.0
422,trust,3,85.0
422,trust,4,85.0
422,altruism,0,65.0
422,altruism,1,65.0
422,altruism,2,65.0
422,altruism,3,65.0
422,altruism,4,65.0
422,cooperation,0,85.0
422,cooperation,1,85.0
422,cooperation,2,85.0
422,cooperation,3,85.0
422,cooperation,4,85.0
422,modesty,0,45.0
422,modesty,1,45.0
422,modesty,2,45.0
422,modesty,3,45.0
422,modesty,4,45.0
422,sympathy,0,65.0
422,sympathy,1,65.0
422,sympathy,2,65.0
422,sympathy,3,65.0
422,sympathy,4,65.0
423,trust,0,40.0
423,trust,1,40.0
423,trust,2,40.0
423,trust,3,40.0
423,trust,4,40.0
423,altruism,0,25.0
423,altruism,1,25.0
423,altruism,2,25.0
423,altruism,3,25.0
423,altruism,4,25.0
423,cooperation,0,40.0
423,cooperation,1,40.0
423,cooperation,2,45.0
423,cooperation,3,45.0
423,cooperation,4,40.0
423,modesty,0,45.0
423,modesty,1,45.0
423,modesty,2,40.0
423,modesty,3,45.0
423,modesty,4,45.0
423,sympathy,0,40.0
423,sympathy,1,45.0
423,sympathy,2,40.0
423,sympathy,3,45.0
423,sympathy,4,45.0
424,trust,0,45.0
424,trust,1,45.0
424,trust,2,45.0
424,trust,3,45.0
424,trust,4,40.0
424,altruism,0,35.0
424,altruism,1,35.0
424,altruism,2,30.0
424,altruism,3,30.0
424,altruism,4,30.0
424,cooperation,0,85.0
424,cooperation,1,85.0
424,cooperation,2,65.0
424,cooperation,3,85.0
424,cooperation,4,65.0
424,modesty,0,65.0
424,modesty,1,75.0
424,modesty,2,65.0
424,modesty,3,65.0
424,modesty,4,65.0
424,sympathy,0,45.0
424,sympathy,1,45.0
424,sympathy,2,45.0
424,sympathy,3,45.0
424,sympathy,4,45.0
425,trust,0,65.0
425,trust,1,45.0
425,trust,2,65.0
425,trust,3,65.0
425,trust,4,45.0
425,altruism,0,75.0
425,altruism,1,75.0
425,altruism,2,75.0
425,altruism,3,75.0
425,altruism,4,75.0
425,cooperation,0,65.0
425,cooperation,1,65.0
425,cooperation,2,65.0
425,cooperation,3,65.0
425,cooperation,4,65.0
425,modesty,0,45.0
425,modesty,1,45.0
425,modesty,2,45.0
425,modesty,3,45.0
425,modesty,4,55.0
425,sympathy,0,45.0
425,sympathy,1,45.0
425,sympathy,2,45.0
425,sympathy,3,45.0
425,sympathy,4,45.0
426,trust,0,25.0
426,trust,1,25.0
426,trust,2,25.0
426,trust,3,25.0
426,trust,4,25.0
426,altruism,0,25.0
426,altruism,1,25.0
426,altruism,2,25.0
426,altruism,3,25.0
426,altruism,4,25.0
426,cooperation,0,45.0
426,cooperation,1,45.0
426,cooperation,2,45.0
426,cooperation,3,45.0
426,cooperation,4,25.0
426,modesty,0,45.0
426,modesty,1,45.0
426,modesty,2,45.0
426,modesty,3,45.0
426,modesty,4,45.0
426,sympathy,0,25.0
426,sympathy,1,25.0
426,sympathy,2,25.0
426,sympathy,3,25.0
426,sympathy,4,25.0
427,trust,0,65.0
427,trust,1,60.0
427,trust,2,65.0
427,trust,3,65.0
427,trust,4,65.0
427,altruism,0,65.0
427,altruism,1,75.0
427,altruism,2,65.0
427,altruism,3,75.0
427,altruism,4,75.0
427,cooperation,0,75.0
427,cooperation,1,75.0
427,cooperation,2,75.0
427,cooperation,3,75.0
427,cooperation,4,75.0
427,modesty,0,45.0
427,modesty,1,45.0
427,modesty,2,45.0
427,modesty,3,45.0
427,modesty,4,45.0
427,sympathy,0,45.0
427,sympathy,1,45.0
427,sympathy,2,45.0
427,sympathy,3,45.0
427,sympathy,4,45.0
428,trust,0,65.0
428,trust,1,65.0
428,trust,2,65.0
428,trust,3,65.0
428,trust,4,65.0
428,altruism,0,65.0
428,altruism,1,65.0
428,altruism,2,65.0
428,altruism,3,65.0
428,altruism,4,65.0
428,cooperation,0,65.0
428,cooperation,1,65.0
428,cooperation,2,65.0
428,cooperation,3,55.0
428,cooperation,4,65.0
428,modesty,0,45.0
428,modesty,1,65.0
428,modesty,2,45.0
428,modesty,3,45.0
428,modesty,4,45.0
428,sympathy,0,85.0
428,sympathy,1,85.0
428,sympathy,2,75.0
428,sympathy,3,85.0
428,sympathy,4,85.0
429,trust,0,65.0
429,trust,1,65.0
429,trust,2,65.0
429,trust,3,65.0
429,trust,4,65.0
429,altruism,0,65.0
429,altruism,1,65.0
429,altruism,2,40.0
429,altruism,3,65.0
429,altruism,4,65.0
429,cooperation,0,85.0
429,cooperation,1,85.0
429,cooperation,2,85.0
429,cooperation,3,85.0
429,cooperation,4,85.0
429,modesty,0,65.0
429,modesty,1,65.0
429,modesty,2,45.0
429,modesty,3,45.0
429,modesty,4,45.0
429,sympathy,0,65.0
429,sympathy,1,65.0
429,sympathy,2,65.0
429,sympathy,3,65.0
429,sympathy,4,65.0
430,trust,0,60.0
430,trust,1,45.0
430,trust,2,60.0
430,trust,3,60.0
430,trust,4,60.0
430,altruism,0,85.0
430,altruism,1,75.0
430,altruism,2,85.0
430,altruism,3,75.0
430,altruism,4,85.0
430,cooperation,0,75.0
430,cooperation,1,75.0
430,cooperation,2,65.0
430,cooperation,3,65.0
430,cooperation,4,75.0
430,modesty,0,45.0
430,modesty,1,45.0
430,modesty,2,45.0
430,modesty,3,45.0
430,modesty,4,45.0
430,sympathy,0,45.0
430,sympathy,1,65.0
430,sympathy,2,45.0
430,sympathy,3,45.0
430,sympathy,4,45.0
431,trust,0,65.0
431,trust,1,65.0
431,trust,2,65.0
431,trust,3,75.0
431,trust,4,80.0
431,altruism,0,75.0
431,altruism,1,75.0
431,altruism,2,75.0
431,altruism,3,75.0
431,altruism,4,75.0
431,cooperation,0,45.0
431,cooperation,1,65.0
431,cooperation,2,65.0
431,cooperation,3,45.0
431,cooperation,4,45.0
431,modesty,0,40.0
431,modesty,1,45.0
431,modesty,2,40.0
431,modesty,3,40.0
431,modesty,4,40.0
431,sympathy,0,45.0
431,sympathy,1,45.0
431,sympathy,2,45.0
431,sympathy,3,45.0
431,sympathy,4,40.0
432,trust,0,65.0
432,trust,1,65.0
432,trust,2,65.0
432,trust,3,65.0
432,trust,4,60.0
432,altruism,0,75.0
432,altruism,1,75.0
432,altruism,2,75.0
432,altruism,3,75.0
432,altruism,4,75.0
432,cooperation,0,85.0
432,cooperation,1,85.0
432,cooperation,2,85.0
432,cooperation,3,85.0
432,cooperation,4,85.0
432,modesty,0,65.0
432,modesty,1,65.0
432,modesty,2,65.0
432,modesty,3,65.0
432,modesty,4,65.0
432,sympathy,0,65.0
432,sympathy,1,65.0
432,sympathy,2,65.0
432,sympathy,3,45.0
432,sympathy,4,65.0
433,trust,0,65.0
433,trust,1,65.0
433,trust,2,60.0
433,trust,3,65.0
433,trust,4,65.0
433,altruism,0,65.0
433,altruism,1,45.0
433,altruism,2,65.0
433,altruism,3,45.0
433,altruism,4,65.0
433,cooperation,0,45.0
433,cooperation,1,45.0
433,cooperation,2,45.0
433,cooperation,3,45.0
433,cooperation,4,45.0
433,modesty,0,35.0
433,modesty,1,35.0
433,modesty,2,25.0
433,modesty,3,25.0
433,modesty,4,30.0
433,sympathy,0,25.0
433,sympathy,1,30.0
433,sympathy,2,30.0
433,sympathy,3,30.0
433,sympathy,4,30.0
434,trust,0,45.0
434,trust,1,45.0
434,trust,2,45.0
434,trust,3,45.0
434,trust,4,45.0
434,altruism,0,40.0
434,altruism,1,40.0
434,altruism,2,25.0
434,altruism,3,40.0
434,altruism,4,40.0
434,cooperation,0,45.0
434,cooperation,1,45.0
434,cooperation,2,45.0
434,cooperation,3,45.0
434,cooperation,4,45.0
434,modesty,0,45.0
434,modesty,1,45.0
434,modesty,2,45.0
434,modesty,3,45.0
434,modesty,4,45.0
434,sympathy,0,45.0
434,sympathy,1,45.0
434,sympathy,2,45.0
434,sympathy,3,45.0
434,sympathy,4,45.0
435,trust,0,80.0
435,trust,1,85.0
435,trust,2,85.0
435,trust,3,85.0
435,trust,4,85.0
435,altruism,0,85.0
435,altruism,1,85.0
435,altruism,2,85.0
435,altruism,3,85.0
435,altruism,4,85.0
435,cooperation,0,65.0
435,cooperation,1,65.0
435,cooperation,2,65.0
435,cooperation,3,65.0
435,cooperation,4,65.0
435,modesty,0,30.0
435,modesty,1,40.0
435,modesty,2,45.0
435,modesty,3,35.0
435,modesty,4,35.0
435,sympathy,0,45.0
435,sympathy,1,45.0
435,sympathy,2,45.0
435,sympathy,3,45.0
435,sympathy,4,45.0
436,trust,0,45.0
436,trust,1,45.0
436,trust,2,45.0
436,trust,3,45.0
436,trust,4,45.0
436,altruism,0,40.0
436,altruism,1,25.0
436,altruism,2,25.0
436,altruism,3,40.0
436,altruism,4,40.0
436,cooperation,0,25.0
436,cooperation,1,30.0
436,cooperation,2,25.0
436,cooperation,3,25.0
436,cooperation,4,25.0
436,modesty,0,45.0
436,modesty,1,25.0
436,modesty,2,25.0
436,modesty,3,40.0
436,modesty,4,25.0
436,sympathy,0,25.0
436,sympathy,1,25.0
436,sympathy,2,25.0
436,sympathy,3,25.0
436,sympathy,4,25.0
437,trust,0,45.0
437,trust,1,65.0
437,trust,2,65.0
437,trust,3,60.0
437,trust,4,65.0
437,altruism,0,65.0
437,altruism,1,25.0
437,altruism,2,65.0
437,altruism,3,65.0
437,altruism,4,65.0
437,cooperation,0,25.0
437,cooperation,1,30.0
437,cooperation,2,25.0
437,cooperation,3,25.0
437,cooperation,4,40.0
437,modesty,0,25.0
437,modesty,1,40.0
437,modesty,2,40.0
437,modesty,3,25.0
437,modesty,4,25.0
437,sympathy,0,25.0
437,sympathy,1,25.0
437,sympathy,2,25.0
437,sympathy,3,20.0
437,sympathy,4,25.0
438,trust,0,85.0
438,trust,1,75.0
438,trust,2,85.0
438,trust,3,75.0
438,trust,4,75.0
438,altruism,0,75.0
438,altruism,1,75.0
438,altruism,2,85.0
438,altruism,3,85.0
438,altruism,4,75.0
438,cooperation,0,85.0
438,cooperation,1,85.0
438,cooperation,2,85.0
438,cooperation,3,85.0
438,cooperation,4,85.0
438,modesty,0,85.0
438,modesty,1,85.0
438,modesty,2,85.0
438,modesty,3,85.0
438,modesty,4,85.0
438,sympathy,0,65.0
438,sympathy,1,45.0
438,sympathy,2,45.0
438,sympathy,3,45.0
438,sympathy,4,45.0
439,trust,0,80.0
439,trust,1,65.0
439,trust,2,80.0
439,trust,3,80.0
439,trust,4,85.0
439,altruism,0,25.0
439,altruism,1,25.0
439,altruism,2,25.0
439,altruism,3,25.0
439,altruism,4,40.0
439,cooperation,0,85.0
439,cooperation,1,85.0
439,cooperation,2,65.0
439,cooperation,3,85.0
439,cooperation,4,65.0
439,modesty,0,25.0
439,modesty,1,35.0
439,modesty,2,45.0
439,modesty,3,40.0
439,modesty,4,45.0
439,sympathy,0,25.0
439,sympathy,1,25.0
439,sympathy,2,25.0
439,sympathy,3,25.0
439,sympathy,4,25.0
440,trust,0,25.0
440,trust,1,25.0
440,trust,2,25.0
440,trust,3,25.0
440,trust,4,25.0
440,altruism,0,25.0
440,altruism,1,25.0
440,altruism,2,25.0
440,altruism,3,25.0
440,altruism,4,25.0
440,cooperation,0,25.0
440,cooperation,1,25.0
440,cooperation,2,25.0
440,cooperation,3,25.0
440,cooperation,4,25.0
440,modesty,0,40.0
440,modesty,1,45.0
440,modesty,2,40.0
440,modesty,3,45.0
440,modesty,4,45.0
440,sympathy,0,25.0
440,sympathy,1,25.0
440,sympathy,2,10.0
440,sympathy,3,25.0
440,sympathy,4,10.0
441,trust,0,25.0
441,trust,1,25.0
441,trust,2,25.0
441,trust,3,25.0
441,trust,4,25.0
441,altruism,0,25.0
441,altruism,1,25.0
441,altruism,2,25.0
441,altruism,3,25.0
441,altruism,4,25.0
441,cooperation,0,25.0
441,cooperation,1,25.0
441,cooperation,2,25.0
441,cooperation,3,25.0
441,cooperation,4,25.0
441,modesty,0,35.0
441,modesty,1,35.0
441,modesty,2,35.0
441,modesty,3,35.0
441,modesty,4,35.0
441,sympathy,0,15.0
441,sympathy,1,15.0
441,sympathy,2,10.0
441,sympathy,3,15.0
441,sympathy,4,25.0
442,trust,0,60.0
442,trust,1,60.0
442,trust,2,60.0
442,trust,3,60.0
442,trust,4,60.0
442,altruism,0,25.0
442,altruism,1,25.0
442,altruism,2,25.0
442,altruism,3,25.0
442,altruism,4,40.0
442,cooperation,0,65.0
442,cooperation,1,45.0
442,cooperation,2,65.0
442,cooperation,3,65.0
442,cooperation,4,65.0
442,modesty,0,40.0
442,modesty,1,40.0
442,modesty,2,45.0
442,modesty,3,45.0
442,modesty,4,45.0
442,sympathy,0,45.0
442,sympathy,1,45.0
442,sympathy,2,45.0
442,sympathy,3,45.0
442,sympathy,4,45.0
443,trust,0,65.0
443,trust,1,65.0
443,trust,2,65.0
443,trust,3,65.0
443,trust,4,65.0
443,altruism,0,40.0
443,altruism,1,40.0
443,altruism,2,40.0
443,altruism,3,40.0
443,altruism,4,40.0
443,cooperation,0,65.0
443,cooperation,1,65.0
443,cooperation,2,65.0
443,cooperation,3,65.0
443,cooperation,4,65.0
443,modesty,0,65.0
443,modesty,1,60.0
443,modesty,2,45.0
443,modesty,3,45.0
443,modesty,4,65.0
443,sympathy,0,65.0
443,sympathy,1,65.0
443,sympathy,2,65.0
443,sympathy,3,65.0
443,sympathy,4,65.0
444,trust,0,45.0
444,trust,1,45.0
444,trust,2,45.0
444,trust,3,45.0
444,trust,4,45.0
444,altruism,0,85.0
444,altruism,1,75.0
444,altruism,2,85.0
444,altruism,3,85.0
444,altruism,4,65.0
444,cooperation,0,25.0
444,cooperation,1,25.0
444,cooperation,2,25.0
444,cooperation,3,25.0
444,cooperation,4,25.0
444,modesty,0,25.0
444,modesty,1,35.0
444,modesty,2,45.0
444,modesty,3,35.0
444,modesty,4,35.0
444,sympathy,0,25.0
444,sympathy,1,25.0
444,sympathy,2,25.0
444,sympathy,3,25.0
444,sympathy,4,25.0
445,trust,0,45.0
445,trust,1,45.0
445,trust,2,45.0
445,trust,3,45.0
445,trust,4,45.0
445,altruism,0,30.0
445,altruism,1,25.0
445,altruism,2,40.0
445,altruism,3,25.0
445,altruism,4,25.0
445,cooperation,0,65.0
445,cooperation,1,65.0
445,cooperation,2,65.0
445,cooperation,3,55.0
445,cooperation,4,65.0
445,modesty,0,45.0
445,modesty,1,45.0
445,modesty,2,45.0
445,modesty,3,45.0
445,modesty,4,45.0
445,sympathy,0,25.0
445,sympathy,1,30.0
445,sympathy,2,30.0
445,sympathy,3,25.0
445,sympathy,4,25.0
446,trust,0,65.0
446,trust,1,60.0
446,trust,2,60.0
446,trust,3,65.0
446,trust,4,65.0
446,altruism,0,65.0
446,altruism,1,65.0
446,altruism,2,45.0
446,altruism,3,65.0
446,altruism,4,65.0
446,cooperation,0,65.0
446,cooperation,1,85.0
446,cooperation,2,25.0
446,cooperation,3,45.0
446,cooperation,4,45.0
446,modesty,0,25.0
446,modesty,1,25.0
446,modesty,2,40.0
446,modesty,3,25.0
446,modesty,4,25.0
446,sympathy,0,25.0
446,sympathy,1,25.0
446,sympathy,2,25.0
446,sympathy,3,25.0
446,sympathy,4,25.0
447,trust,0,85.0
447,trust,1,85.0
447,trust,2,85.0
447,trust,3,85.0
447,trust,4,85.0
447,altruism,0,85.0
447,altruism,1,95.0
447,altruism,2,85.0
447,altruism,3,90.0
447,altruism,4,85.0
447,cooperation,0,90.0
447,cooperation,1,90.0
447,cooperation,2,90.0
447,cooperation,3,90.0
447,cooperation,4,90.0
447,modesty,0,65.0
447,modesty,1,65.0
447,modesty,2,45.0
447,modesty,3,45.0
447,modesty,4,45.0
447,sympathy,0,85.0
447,sympathy,1,85.0
447,sympathy,2,85.0
447,sympathy,3,85.0
447,sympathy,4,85.0
448,trust,0,85.0
448,trust,1,85.0
448,trust,2,85.0
448,trust,3,85.0
448,trust,4,85.0
448,altruism,0,65.0
448,altruism,1,65.0
448,altruism,2,65.0
448,altruism,3,65.0
448,altruism,4,65.0
448,cooperation,0,65.0
448,cooperation,1,65.0
448,cooperation,2,65.0
448,cooperation,3,65.0
448,cooperation,4,65.0
448,modesty,0,65.0
448,modesty,1,45.0
448,modesty,2,45.0
448,modesty,3,45.0
448,modesty,4,65.0
448,sympathy,0,85.0
448,sympathy,1,75.0
448,sympathy,2,85.0
448,sympathy,3,85.0
448,sympathy,4,85.0
449,trust,0,85.0
449,trust,1,25.0
449,trust,2,85.0
449,trust,3,85.0
449,trust,4,85.0
449,altruism,0,45.0
449,altruism,1,45.0
449,altruism,2,45.0
449,altruism,3,45.0
449,altruism,4,45.0
449,cooperation,0,25.0
449,cooperation,1,25.0
449,cooperation,2,25.0
449,cooperation,3,25.0
449,cooperation,4,25.0
449,modesty,0,25.0
449,modesty,1,30.0
449,modesty,2,25.0
449,modesty,3,20.0
449,modesty,4,25.0
449,sympathy,0,25.0
449,sympathy,1,25.0
449,sympathy,2,25.0
449,sympathy,3,25.0
449,sympathy,4,25.0
450,trust,0,75.0
450,trust,1,75.0
450,trust,2,75.0
450,trust,3,75.0
450,trust,4,65.0
450,altruism,0,65.0
450,altruism,1,65.0
450,altruism,2,65.0
450,altruism,3,65.0
450,altruism,4,65.0
450,cooperation,0,75.0
450,cooperation,1,85.0
450,cooperation,2,65.0
450,cooperation,3,65.0
450,cooperation,4,65.0
450,modesty,0,45.0
450,modesty,1,65.0
450,modesty,2,45.0
450,modesty,3,45.0
450,modesty,4,65.0
450,sympathy,0,45.0
450,sympathy,1,45.0
450,sympathy,2,45.0
450,sympathy,3,45.0
450,sympathy,4,35.0
451,trust,0,45.0
451,trust,1,45.0
451,trust,2,45.0
451,trust,3,45.0
451,trust,4,45.0
451,altruism,0,65.0
451,altruism,1,65.0
451,altruism,2,65.0
451,altruism,3,65.0
451,altruism,4,65.0
451,cooperation,0,65.0
451,cooperation,1,65.0
451,cooperation,2,65.0
451,cooperation,3,65.0
451,cooperation,4,65.0
451,modesty,0,75.0
451,modesty,1,75.0
451,modesty,2,80.0
451,modesty,3,75.0
451,modesty,4,85.0
451,sympathy,0,40.0
451,sympathy,1,45.0
451,sympathy,2,45.0
451,sympathy,3,45.0
451,sympathy,4,45.0
452,trust,0,45.0
452,trust,1,50.0
452,trust,2,50.0
452,trust,3,55.0
452,trust,4,60.0
452,altruism,0,45.0
452,altruism,1,45.0
452,altruism,2,45.0
452,altruism,3,45.0
452,altruism,4,45.0
452,cooperation,0,65.0
452,cooperation,1,65.0
452,cooperation,2,65.0
452,cooperation,3,65.0
452,cooperation,4,65.0
452,modesty,0,65.0
452,modesty,1,65.0
452,modesty,2,65.0
452,modesty,3,70.0
452,modesty,4,65.0
452,sympathy,0,65.0
452,sympathy,1,45.0
452,sympathy,2,65.0
452,sympathy,3,65.0
452,sympathy,4,65.0
453,trust,0,25.0
453,trust,1,25.0
453,trust,2,25.0
453,trust,3,25.0
453,trust,4,25.0
453,altruism,0,25.0
453,altruism,1,25.0
453,altruism,2,25.0
453,altruism,3,25.0
453,altruism,4,25.0
453,cooperation,0,45.0
453,cooperation,1,60.0
453,cooperation,2,45.0
453,cooperation,3,45.0
453,cooperation,4,45.0
453,modesty,0,45.0
453,modesty,1,45.0
453,modesty,2,45.0
453,modesty,3,45.0
453,modesty,4,45.0
453,sympathy,0,25.0
453,sympathy,1,25.0
453,sympathy,2,25.0
453,sympathy,3,25.0
453,sympathy,4,25.0
454,trust,0,65.0
454,trust,1,65.0
454,trust,2,65.0
454,trust,3,65.0
454,trust,4,45.0
454,altruism,0,35.0
454,altruism,1,35.0
454,altruism,2,35.0
454,altruism,3,35.0
454,altruism,4,35.0
454,cooperation,0,75.0
454,cooperation,1,75.0
454,cooperation,2,75.0
454,cooperation,3,75.0
454,cooperation,4,75.0
454,modesty,0,75.0
454,modesty,1,75.0
454,modesty,2,75.0
454,modesty,3,85.0
454,modesty,4,75.0
454,sympathy,0,65.0
454,sympathy,1,65.0
454,sympathy,2,45.0
454,sympathy,3,65.0
454,sympathy,4,65.0
455,trust,0,45.0
455,trust,1,45.0
455,trust,2,45.0
455,trust,3,45.0
455,trust,4,45.0
455,altruism,0,65.0
455,altruism,1,85.0
455,altruism,2,75.0
455,altruism,3,65.0
455,altruism,4,65.0
455,cooperation,0,45.0
455,cooperation,1,45.0
455,cooperation,2,45.0
455,cooperation,3,45.0
455,cooperation,4,45.0
455,modesty,0,65.0
455,modesty,1,65.0
455,modesty,2,45.0
455,modesty,3,65.0
455,modesty,4,65.0
455,sympathy,0,25.0
455,sympathy,1,25.0
455,sympathy,2,25.0
455,sympathy,3,25.0
455,sympathy,4,25.0
456,trust,0,65.0
456,trust,1,65.0
456,trust,2,65.0
456,trust,3,45.0
456,trust,4,45.0
456,altruism,0,75.0
456,altruism,1,75.0
456,altruism,2,75.0
456,altruism,3,75.0
456,altruism,4,75.0
456,cooperation,0,85.0
456,cooperation,1,85.0
456,cooperation,2,85.0
456,cooperation,3,75.0
456,cooperation,4,75.0
456,modesty,0,75.0
456,modesty,1,65.0
456,modesty,2,65.0
456,modesty,3,65.0
456,modesty,4,65.0
456,sympathy,0,65.0
456,sympathy,1,65.0
456,sympathy,2,65.0
456,sympathy,3,65.0
456,sympathy,4,65.0
457,trust,0,65.0
457,trust,1,65.0
457,trust,2,65.0
457,trust,3,65.0
457,trust,4,65.0
457,altruism,0,75.0
457,altruism,1,75.0
457,altruism,2,75.0
457,altruism,3,75.0
457,altruism,4,65.0
457,cooperation,0,85.0
457,cooperation,1,75.0
457,cooperation,2,75.0
457,cooperation,3,85.0
457,cooperation,4,85.0
457,modesty,0,85.0
457,modesty,1,85.0
457,modesty,2,85.0
457,modesty,3,75.0
457,modesty,4,85.0
457,sympathy,0,65.0
457,sympathy,1,65.0
457,sympathy,2,65.0
457,sympathy,3,45.0
457,sympathy,4,65.0
458,trust,0,40.0
458,trust,1,45.0
458,trust,2,40.0
458,trust,3,40.0
458,trust,4,40.0
458,altruism,0,45.0
458,altruism,1,45.0
458,altruism,2,45.0
458,altruism,3,40.0
458,altruism,4,25.0
458,cooperation,0,65.0
458,cooperation,1,65.0
458,cooperation,2,65.0
458,cooperation,3,65.0
458,cooperation,4,65.0
458,modesty,0,65.0
458,modesty,1,70.0
458,modesty,2,65.0
458,modesty,3,65.0
458,modesty,4,65.0
458,sympathy,0,35.0
458,sympathy,1,30.0
458,sympathy,2,45.0
458,sympathy,3,40.0
458,sympathy,4,35.0
459,trust,0,45.0
459,trust,1,45.0
459,trust,2,45.0
459,trust,3,45.0
459,trust,4,45.0
459,altruism,0,85.0
459,altruism,1,85.0
459,altruism,2,85.0
459,altruism,3,85.0
459,altruism,4,90.0
459,cooperation,0,85.0
459,cooperation,1,85.0
459,cooperation,2,85.0
459,cooperation,3,85.0
459,cooperation,4,85.0
459,modesty,0,65.0
459,modesty,1,65.0
459,modesty,2,65.0
459,modesty,3,65.0
459,modesty,4,75.0
459,sympathy,0,75.0
459,sympathy,1,75.0
459,sympathy,2,75.0
459,sympathy,3,75.0
459,sympathy,4,75.0
460,trust,0,45.0
460,trust,1,45.0
460,trust,2,45.0
460,trust,3,45.0
460,trust,4,45.0
460,altruism,0,85.0
460,altruism,1,85.0
460,altruism,2,85.0
460,altruism,3,85.0
460,altruism,4,85.0
460,cooperation,0,45.0
460,cooperation,1,45.0
460,cooperation,2,45.0
460,cooperation,3,45.0
460,cooperation,4,45.0
460,modesty,0,45.0
460,modesty,1,45.0
460,modesty,2,40.0
460,modesty,3,45.0
460,modesty,4,45.0
460,sympathy,0,35.0
460,sympathy,1,35.0
460,sympathy,2,35.0
460,sympathy,3,35.0
460,sympathy,4,35.0
461,trust,0,65.0
461,trust,1,65.0
461,trust,2,65.0
461,trust,3,65.0
461,trust,4,60.0
461,altruism,0,85.0
461,altruism,1,85.0
461,altruism,2,90.0
461,altruism,3,90.0
461,altruism,4,85.0
461,cooperation,0,65.0
461,cooperation,1,65.0
461,cooperation,2,65.0
461,cooperation,3,65.0
461,cooperation,4,65.0
461,modesty,0,45.0
461,modesty,1,45.0
461,modesty,2,45.0
461,modesty,3,45.0
461,modesty,4,45.0
461,sympathy,0,45.0
461,sympathy,1,65.0
461,sympathy,2,65.0
461,sympathy,3,45.0
461,sympathy,4,65.0
462,trust,0,65.0
462,trust,1,65.0
462,trust,2,60.0
462,trust,3,65.0
462,trust,4,60.0
462,altruism,0,85.0
462,altruism,1,85.0
462,altruism,2,90.0
462,altruism,3,85.0
462,altruism,4,85.0
462,cooperation,0,65.0
462,cooperation,1,65.0
462,cooperation,2,65.0
462,cooperation,3,65.0
462,cooperation,4,75.0
462,modesty,0,45.0
462,modesty,1,45.0
462,modesty,2,45.0
462,modesty,3,45.0
462,modesty,4,45.0
462,sympathy,0,65.0
462,sympathy,1,65.0
462,sympathy,2,65.0
462,sympathy,3,65.0
462,sympathy,4,65.0
463,trust,0,65.0
463,trust,1,65.0
463,trust,2,65.0
463,trust,3,65.0
463,trust,4,65.0
463,altruism,0,85.0
463,altruism,1,85.0
463,altruism,2,85.0
463,altruism,3,85.0
463,altruism,4,85.0
463,cooperation,0,45.0
463,cooperation,1,45.0
463,cooperation,2,45.0
463,cooperation,3,45.0
463,cooperation,4,45.0
463,modesty,0,35.0
463,modesty,1,45.0
463,modesty,2,45.0
463,modesty,3,45.0
463,modesty,4,35.0
463,sympathy,0,30.0
463,sympathy,1,30.0
463,sympathy,2,30.0
463,sympathy,3,30.0
463,sympathy,4,30.0
464,trust,0,45.0
464,trust,1,45.0
464,trust,2,45.0
464,trust,3,45.0
464,trust,4,45.0
464,altruism,0,45.0
464,altruism,1,40.0
464,altruism,2,45.0
464,altruism,3,45.0
464,altruism,4,40.0
464,cooperation,0,75.0
464,cooperation,1,65.0
464,cooperation,2,70.0
464,cooperation,3,65.0
464,cooperation,4,70.0
464,modesty,0,65.0
464,modesty,1,65.0
464,modesty,2,65.0
464,modesty,3,65.0
464,modesty,4,65.0
464,sympathy,0,35.0
464,sympathy,1,25.0
464,sympathy,2,35.0
464,sympathy,3,35.0
464,sympathy,4,35.0
465,trust,0,65.0
465,trust,1,65.0
465,trust,2,65.0
465,trust,3,65.0
465,trust,4,65.0
465,altruism,0,85.0
465,altruism,1,85.0
465,altruism,2,85.0
465,altruism,3,85.0
465,altruism,4,85.0
465,cooperation,0,75.0
465,cooperation,1,65.0
465,cooperation,2,75.0
465,cooperation,3,65.0
465,cooperation,4,75.0
465,modesty,0,65.0
465,modesty,1,65.0
465,modesty,2,65.0
465,modesty,3,65.0
465,modesty,4,65.0
465,sympathy,0,45.0
465,sympathy,1,45.0
465,sympathy,2,45.0
465,sympathy,3,45.0
465,sympathy,4,45.0
466,trust,0,65.0
466,trust,1,65.0
466,trust,2,65.0
466,trust,3,65.0
466,trust,4,65.0
466,altruism,0,75.0
466,altruism,1,75.0
466,altruism,2,75.0
466,altruism,3,75.0
466,altruism,4,65.0
466,cooperation,0,85.0
466,cooperation,1,85.0
466,cooperation,2,85.0
466,cooperation,3,65.0
466,cooperation,4,85.0
466,modesty,0,45.0
466,modesty,1,45.0
466,modesty,2,45.0
466,modesty,3,55.0
466,modesty,4,45.0
466,sympathy,0,45.0
466,sympathy,1,45.0
466,sympathy,2,45.0
466,sympathy,3,45.0
466,sympathy,4,45.0
467,trust,0,40.0
467,trust,1,40.0
467,trust,2,40.0
467,trust,3,40.0
467,trust,4,40.0
467,altruism,0,40.0
467,altruism,1,40.0
467,altruism,2,40.0
467,altruism,3,45.0
467,altruism,4,40.0
467,cooperation,0,85.0
467,cooperation,1,75.0
467,cooperation,2,75.0
467,cooperation,3,75.0
467,cooperation,4,85.0
467,modesty,0,65.0
467,modesty,1,65.0
467,modesty,2,65.0
467,modesty,3,65.0
467,modesty,4,65.0
467,sympathy,0,45.0
467,sympathy,1,45.0
467,sympathy,2,45.0
467,sympathy,3,45.0
467,sympathy,4,45.0
468,trust,0,65.0
468,trust,1,65.0
468,trust,2,65.0
468,trust,3,65.0
468,trust,4,65.0
468,altruism,0,85.0
468,altruism,1,85.0
468,altruism,2,85.0
468,altruism,3,85.0
468,altruism,4,85.0
468,cooperation,0,85.0
468,cooperation,1,85.0
468,cooperation,2,85.0
468,cooperation,3,75.0
468,cooperation,4,85.0
468,modesty,0,75.0
468,modesty,1,75.0
468,modesty,2,75.0
468,modesty,3,75.0
468,modesty,4,75.0
468,sympathy,0,65.0
468,sympathy,1,65.0
468,sympathy,2,55.0
468,sympathy,3,65.0
468,sympathy,4,45.0
469,trust,0,45.0
469,trust,1,55.0
469,trust,2,45.0
469,trust,3,55.0
469,trust,4,55.0
469,altruism,0,75.0
469,altruism,1,65.0
469,altruism,2,75.0
469,altruism,3,75.0
469,altruism,4,75.0
469,cooperation,0,75.0
469,cooperation,1,75.0
469,cooperation,2,85.0
469,cooperation,3,85.0
469,cooperation,4,85.0
469,modesty,0,75.0
469,modesty,1,75.0
469,modesty,2,75.0
469,modesty,3,85.0
469,modesty,4,75.0
469,sympathy,0,45.0
469,sympathy,1,45.0
469,sympathy,2,45.0
469,sympathy,3,45.0
469,sympathy,4,45.0
470,trust,0,45.0
470,trust,1,45.0
470,trust,2,45.0
470,trust,3,45.0
470,trust,4,45.0
470,altruism,0,45.0
470,altruism,1,45.0
470,altruism,2,40.0
470,altruism,3,45.0
470,altruism,4,45.0
470,cooperation,0,65.0
470,cooperation,1,65.0
470,cooperation,2,65.0
470,cooperation,3,65.0
470,cooperation,4,65.0
470,modesty,0,65.0
470,modesty,1,65.0
470,modesty,2,65.0
470,modesty,3,65.0
470,modesty,4,65.0
470,sympathy,0,30.0
470,sympathy,1,30.0
470,sympathy,2,45.0
470,sympathy,3,30.0
470,sympathy,4,30.0
471,trust,0,45.0
471,trust,1,45.0
471,trust,2,45.0
471,trust,3,45.0
471,trust,4,45.0
471,altruism,0,40.0
471,altruism,1,40.0
471,altruism,2,35.0
471,altruism,3,40.0
471,altruism,4,40.0
471,cooperation,0,45.0
471,cooperation,1,45.0
471,cooperation,2,45.0
471,cooperation,3,45.0
471,cooperation,4,45.0
471,modesty,0,45.0
471,modesty,1,45.0
471,modesty,2,45.0
471,modesty,3,45.0
471,modesty,4,45.0
471,sympathy,0,45.0
471,sympathy,1,30.0
471,sympathy,2,45.0
471,sympathy,3,30.0
471,sympathy,4,35.0
472,trust,0,40.0
472,trust,1,25.0
472,trust,2,40.0
472,trust,3,25.0
472,trust,4,25.0
472,altruism,0,30.0
472,altruism,1,35.0
472,altruism,2,35.0
472,altruism,3,35.0
472,altruism,4,30.0
472,cooperation,0,65.0
472,cooperation,1,50.0
472,cooperation,2,65.0
472,cooperation,3,65.0
472,cooperation,4,65.0
472,modesty,0,65.0
472,modesty,1,65.0
472,modesty,2,65.0
472,modesty,3,65.0
472,modesty,4,65.0
472,sympathy,0,40.0
472,sympathy,1,40.0
472,sympathy,2,25.0
472,sympathy,3,25.0
472,sympathy,4,40.0
473,trust,0,40.0
473,trust,1,40.0
473,trust,2,40.0
473,trust,3,25.0
473,trust,4,45.0
473,altruism,0,25.0
473,altruism,1,40.0
473,altruism,2,25.0
473,altruism,3,30.0
473,altruism,4,25.0
473,cooperation,0,65.0
473,cooperation,1,85.0
473,cooperation,2,85.0
473,cooperation,3,85.0
473,cooperation,4,65.0
473,modesty,0,65.0
473,modesty,1,65.0
473,modesty,2,65.0
473,modesty,3,65.0
473,modesty,4,65.0
473,sympathy,0,35.0
473,sympathy,1,25.0
473,sympathy,2,35.0
473,sympathy,3,35.0
473,sympathy,4,35.0
474,trust,0,85.0
474,trust,1,85.0
474,trust,2,85.0
474,trust,3,85.0
474,trust,4,85.0
474,altruism,0,85.0
474,altruism,1,90.0
474,altruism,2,85.0
474,altruism,3,85.0
474,altruism,4,90.0
474,cooperation,0,45.0
474,cooperation,1,45.0
474,cooperation,2,45.0
474,cooperation,3,45.0
474,cooperation,4,65.0
474,modesty,0,45.0
474,modesty,1,40.0
474,modesty,2,45.0
474,modesty,3,45.0
474,modesty,4,45.0
474,sympathy,0,45.0
474,sympathy,1,45.0
474,sympathy,2,45.0
474,sympathy,3,45.0
474,sympathy,4,45.0
475,trust,0,25.0
475,trust,1,40.0
475,trust,2,40.0
475,trust,3,40.0
475,trust,4,40.0
475,altruism,0,35.0
475,altruism,1,35.0
475,altruism,2,35.0
475,altruism,3,25.0
475,altruism,4,25.0
475,cooperation,0,65.0
475,cooperation,1,45.0
475,cooperation,2,65.0
475,cooperation,3,65.0
475,cooperation,4,65.0
475,modesty,0,65.0
475,modesty,1,45.0
475,modesty,2,65.0
475,modesty,3,65.0
475,modesty,4,45.0
475,sympathy,0,25.0
475,sympathy,1,25.0
475,sympathy,2,25.0
475,sympathy,3,25.0
475,sympathy,4,25.0
476,trust,0,65.0
476,trust,1,65.0
476,trust,2,65.0
476,trust,3,45.0
476,trust,4,65.0
476,altruism,0,85.0
476,altruism,1,75.0
476,altruism,2,85.0
476,altruism,3,75.0
476,altruism,4,75.0
476,cooperation,0,85.0
476,cooperation,1,85.0
476,cooperation,2,85.0
476,cooperation,3,85.0
476,cooperation,4,85.0
476,modesty,0,65.0
476,modesty,1,75.0
476,modesty,2,75.0
476,modesty,3,85.0
476,modesty,4,75.0
476,sympathy,0,65.0
476,sympathy,1,65.0
476,sympathy,2,65.0
476,sympathy,3,65.0
476,sympathy,4,65.0
477,trust,0,75.0
477,trust,1,75.0
477,trust,2,75.0
477,trust,3,80.0
477,trust,4,75.0
477,altruism,0,90.0
477,altruism,1,90.0
477,altruism,2,90.0
477,altruism,3,90.0
477,altruism,4,90.0
477,cooperation,0,85.0
477,cooperation,1,85.0
477,cooperation,2,85.0
477,cooperation,3,85.0
477,cooperation,4,85.0
477,modesty,0,65.0
477,modesty,1,65.0
477,modesty,2,65.0
477,modesty,3,65.0
477,modesty,4,45.0
477,sympathy,0,90.0
477,sympathy,1,90.0
477,sympathy,2,90.0
477,sympathy,3,90.0
477,sympathy,4,90.0
478,trust,0,85.0
478,trust,1,85.0
478,trust,2,85.0
478,trust,3,85.0
478,trust,4,90.0
478,altruism,0,85.0
478,altruism,1,85.0
478,altruism,2,85.0
478,altruism,3,85.0
478,altruism,4,90.0
478,cooperation,0,75.0
478,cooperation,1,75.0
478,cooperation,2,75.0
478,cooperation,3,85.0
478,cooperation,4,85.0
478,modesty,0,45.0
478,modesty,1,45.0
478,modesty,2,45.0
478,modesty,3,45.0
478,modesty,4,45.0
478,sympathy,0,90.0
478,sympathy,1,90.0
478,sympathy,2,90.0
478,sympathy,3,90.0
478,sympathy,4,90.0
479,trust,0,85.0
479,trust,1,75.0
479,trust,2,75.0
479,trust,3,75.0
479,trust,4,75.0
479,altruism,0,45.0
479,altruism,1,45.0
479,altruism,2,45.0
479,altruism,3,45.0
479,altruism,4,45.0
479,cooperation,0,65.0
479,cooperation,1,75.0
479,cooperation,2,65.0
479,cooperation,3,65.0
479,cooperation,4,65.0
479,modesty,0,45.0
479,modesty,1,45.0
479,modesty,2,45.0
479,modesty,3,45.0
479,modesty,4,45.0
479,sympathy,0,30.0
479,sympathy,1,30.0
479,sympathy,2,35.0
479,sympathy,3,25.0
479,sympathy,4,30.0
480,trust,0,85.0
480,trust,1,75.0
480,trust,2,75.0
480,trust,3,85.0
480,trust,4,85.0
480,altruism,0,65.0
480,altruism,1,65.0
480,altruism,2,65.0
480,altruism,3,65.0
480,altruism,4,85.0
480,cooperation,0,65.0
480,cooperation,1,65.0
480,cooperation,2,65.0
480,cooperation,3,65.0
480,cooperation,4,65.0
480,modesty,0,25.0
480,modesty,1,25.0
480,modesty,2,25.0
480,modesty,3,25.0
480,modesty,4,25.0
480,sympathy,0,40.0
480,sympathy,1,40.0
480,sympathy,2,40.0
480,sympathy,3,40.0
480,sympathy,4,40.0
481,trust,0,40.0
481,trust,1,40.0
481,trust,2,40.0
481,trust,3,40.0
481,trust,4,40.0
481,altruism,0,40.0
481,altruism,1,25.0
481,altruism,2,25.0
481,altruism,3,40.0
481,altruism,4,25.0
481,cooperation,0,45.0
481,cooperation,1,45.0
481,cooperation,2,45.0
481,cooperation,3,45.0
481,cooperation,4,45.0
481,modesty,0,45.0
481,modesty,1,45.0
481,modesty,2,45.0
481,modesty,3,45.0
481,modesty,4,45.0
481,sympathy,0,30.0
481,sympathy,1,30.0
481,sympathy,2,35.0
481,sympathy,3,35.0
481,sympathy,4,35.0
482,trust,0,75.0
482,trust,1,85.0
482,trust,2,75.0
482,trust,3,85.0
482,trust,4,65.0
482,altruism,0,85.0
482,altruism,1,85.0
482,altruism,2,85.0
482,altruism,3,85.0
482,altruism,4,85.0
482,cooperation,0,65.0
482,cooperation,1,85.0
482,cooperation,2,65.0
482,cooperation,3,65.0
482,cooperation,4,70.0
482,modesty,0,35.0
482,modesty,1,40.0
482,modesty,2,40.0
482,modesty,3,25.0
482,modesty,4,25.0
482,sympathy,0,65.0
482,sympathy,1,65.0
482,sympathy,2,65.0
482,sympathy,3,65.0
482,sympathy,4,65.0
483,trust,0,75.0
483,trust,1,75.0
483,trust,2,75.0
483,trust,3,75.0
483,trust,4,75.0
483,altruism,0,45.0
483,altruism,1,65.0
483,altruism,2,40.0
483,altruism,3,40.0
483,altruism,4,45.0
483,cooperation,0,85.0
483,cooperation,1,75.0
483,cooperation,2,85.0
483,cooperation,3,85.0
483,cooperation,4,85.0
483,modesty,0,65.0
483,modesty,1,65.0
483,modesty,2,65.0
483,modesty,3,65.0
483,modesty,4,65.0
483,sympathy,0,65.0
483,sympathy,1,65.0
483,sympathy,2,65.0
483,sympathy,3,45.0
483,sympathy,4,65.0
484,trust,0,85.0
484,trust,1,85.0
484,trust,2,85.0
484,trust,3,85.0
484,trust,4,85.0
484,altruism,0,45.0
484,altruism,1,45.0
484,altruism,2,45.0
484,altruism,3,45.0
484,altruism,4,45.0
484,cooperation,0,85.0
484,cooperation,1,85.0
484,cooperation,2,85.0
484,cooperation,3,85.0
484,cooperation,4,85.0
484,modesty,0,65.0
484,modesty,1,45.0
484,modesty,2,45.0
484,modesty,3,65.0
484,modesty,4,65.0
484,sympathy,0,65.0
484,sympathy,1,65.0
484,sympathy,2,65.0
484,sympathy,3,65.0
484,sympathy,4,65.0
485,trust,0,65.0
485,trust,1,65.0
485,trust,2,65.0
485,trust,3,65.0
485,trust,4,65.0
485,altruism,0,65.0
485,altruism,1,65.0
485,altruism,2,65.0
485,altruism,3,65.0
485,altruism,4,65.0
485,cooperation,0,85.0
485,cooperation,1,85.0
485,cooperation,2,85.0
485,cooperation,3,85.0
485,cooperation,4,85.0
485,modesty,0,25.0
485,modesty,1,25.0
485,modesty,2,25.0
485,modesty,3,25.0
485,modesty,4,65.0
485,sympathy,0,65.0
485,sympathy,1,65.0
485,sympathy,2,65.0
485,sympathy,3,65.0
485,sympathy,4,65.0
486,trust,0,75.0
486,trust,1,75.0
486,trust,2,75.0
486,trust,3,85.0
486,trust,4,75.0
486,altruism,0,85.0
486,altruism,1,90.0
486,altruism,2,90.0
486,altruism,3,90.0
486,altruism,4,85.0
486,cooperation,0,85.0
486,cooperation,1,85.0
486,cooperation,2,85.0
486,cooperation,3,85.0
486,cooperation,4,85.0
486,modesty,0,35.0
486,modesty,1,35.0
486,modesty,2,30.0
486,modesty,3,45.0
486,modesty,4,30.0
486,sympathy,0,85.0
486,sympathy,1,85.0
486,sympathy,2,85.0
486,sympathy,3,85.0
486,sympathy,4,85.0
487,trust,0,85.0
487,trust,1,85.0
487,trust,2,85.0
487,trust,3,85.0
487,trust,4,85.0
487,altruism,0,45.0
487,altruism,1,45.0
487,altruism,2,40.0
487,altruism,3,40.0
487,altruism,4,45.0
487,cooperation,0,45.0
487,cooperation,1,65.0
487,cooperation,2,45.0
487,cooperation,3,65.0
487,cooperation,4,45.0
487,modesty,0,45.0
487,modesty,1,45.0
487,modesty,2,45.0
487,modesty,3,45.0
487,modesty,4,45.0
487,sympathy,0,35.0
487,sympathy,1,35.0
487,sympathy,2,35.0
487,sympathy,3,35.0
487,sympathy,4,35.0
488,trust,0,65.0
488,trust,1,85.0
488,trust,2,75.0
488,trust,3,75.0
488,trust,4,75.0
488,altruism,0,85.0
488,altruism,1,75.0
488,altruism,2,75.0
488,altruism,3,75.0
488,altruism,4,85.0
488,cooperation,0,85.0
488,cooperation,1,85.0
488,cooperation,2,85.0
488,cooperation,3,85.0
488,cooperation,4,85.0
488,modesty,0,65.0
488,modesty,1,65.0
488,modesty,2,65.0
488,modesty,3,65.0
488,modesty,4,65.0
488,sympathy,0,75.0
488,sympathy,1,75.0
488,sympathy,2,85.0
488,sympathy,3,75.0
488,sympathy,4,85.0
489,trust,0,75.0
489,trust,1,85.0
489,trust,2,85.0
489,trust,3,85.0
489,trust,4,85.0
489,altruism,0,90.0
489,altruism,1,90.0
489,altruism,2,90.0
489,altruism,3,90.0
489,altruism,4,90.0
489,cooperation,0,65.0
489,cooperation,1,45.0
489,cooperation,2,65.0
489,cooperation,3,45.0
489,cooperation,4,65.0
489,modesty,0,45.0
489,modesty,1,45.0
489,modesty,2,45.0
489,modesty,3,45.0
489,modesty,4,45.0
489,sympathy,0,85.0
489,sympathy,1,85.0
489,sympathy,2,85.0
489,sympathy,3,85.0
489,sympathy,4,85.0
490,trust,0,85.0
490,trust,1,85.0
490,trust,2,85.0
490,trust,3,85.0
490,trust,4,85.0
490,altruism,0,90.0
490,altruism,1,90.0
490,altruism,2,90.0
490,altruism,3,90.0
490,altruism,4,95.0
490,cooperation,0,20.0
490,cooperation,1,25.0
490,cooperation,2,20.0
490,cooperation,3,20.0
490,cooperation,4,20.0
490,modesty,0,45.0
490,modesty,1,35.0
490,modesty,2,35.0
490,modesty,3,45.0
490,modesty,4,45.0
490,sympathy,0,90.0
490,sympathy,1,90.0
490,sympathy,2,90.0
490,sympathy,3,85.0
490,sympathy,4,85.0
491,trust,0,85.0
491,trust,1,80.0
491,trust,2,85.0
491,trust,3,80.0
491,trust,4,85.0
491,altruism,0,90.0
491,altruism,1,90.0
491,altruism,2,90.0
491,altruism,3,90.0
491,altruism,4,90.0
491,cooperation,0,75.0
491,cooperation,1,85.0
491,cooperation,2,75.0
491,cooperation,3,65.0
491,cooperation,4,75.0
491,modesty,0,45.0
491,modesty,1,45.0
491,modesty,2,45.0
491,modesty,3,45.0
491,modesty,4,45.0
491,sympathy,0,85.0
491,sympathy,1,75.0
491,sympathy,2,85.0
491,sympathy,3,85.0
491,sympathy,4,75.0
492,trust,0,75.0
492,trust,1,75.0
492,trust,2,75.0
492,trust,3,75.0
492,trust,4,70.0
492,altruism,0,90.0
492,altruism,1,90.0
492,altruism,2,85.0
492,altruism,3,85.0
492,altruism,4,90.0
492,cooperation,0,85.0
492,cooperation,1,85.0
492,cooperation,2,85.0
492,cooperation,3,85.0
492,cooperation,4,85.0
492,modesty,0,45.0
492,modesty,1,65.0
492,modesty,2,65.0
492,modesty,3,45.0
492,modesty,4,65.0
492,sympathy,0,85.0
492,sympathy,1,85.0
492,sympathy,2,85.0
492,sympathy,3,85.0
492,sympathy,4,75.0
493,trust,0,65.0
493,trust,1,85.0
493,trust,2,75.0
493,trust,3,85.0
493,trust,4,85.0
493,altruism,0,90.0
493,altruism,1,85.0
493,altruism,2,90.0
493,altruism,3,90.0
493,altruism,4,85.0
493,cooperation,0,75.0
493,cooperation,1,65.0
493,cooperation,2,65.0
493,cooperation,3,75.0
493,cooperation,4,75.0
493,modesty,0,40.0
493,modesty,1,35.0
493,modesty,2,30.0
493,modesty,3,40.0
493,modesty,4,40.0
493,sympathy,0,65.0
493,sympathy,1,75.0
493,sympathy,2,65.0
493,sympathy,3,75.0
493,sympathy,4,65.0
494,trust,0,85.0
494,trust,1,85.0
494,trust,2,85.0
494,trust,3,65.0
494,trust,4,85.0
494,altruism,0,40.0
494,altruism,1,45.0
494,altruism,2,45.0
494,altruism,3,25.0
494,altruism,4,40.0
494,cooperation,0,25.0
494,cooperation,1,25.0
494,cooperation,2,25.0
494,cooperation,3,20.0
494,cooperation,4,20.0
494,modesty,0,35.0
494,modesty,1,30.0
494,modesty,2,25.0
494,modesty,3,35.0
494,modesty,4,25.0
494,sympathy,0,25.0
494,sympathy,1,30.0
494,sympathy,2,25.0
494,sympathy,3,25.0
494,sympathy,4,25.0
495,trust,0,85.0
495,trust,1,65.0
495,trust,2,85.0
495,trust,3,65.0
495,trust,4,65.0
495,altruism,0,85.0
495,altruism,1,75.0
495,altruism,2,85.0
495,altruism,3,85.0
495,altruism,4,85.0
495,cooperation,0,85.0
495,cooperation,1,85.0
495,cooperation,2,85.0
495,cooperation,3,85.0
495,cooperation,4,85.0
495,modesty,0,45.0
495,modesty,1,45.0
495,modesty,2,45.0
495,modesty,3,45.0
495,modesty,4,45.0
495,sympathy,0,65.0
495,sympathy,1,65.0
495,sympathy,2,65.0
495,sympathy,3,65.0
495,sympathy,4,65.0
496,trust,0,85.0
496,trust,1,85.0
496,trust,2,85.0
496,trust,3,75.0
496,trust,4,85.0
496,altruism,0,85.0
496,altruism,1,75.0
496,altruism,2,85.0
496,altruism,3,75.0
496,altruism,4,85.0
496,cooperation,0,30.0
496,cooperation,1,45.0
496,cooperation,2,45.0
496,cooperation,3,45.0
496,cooperation,4,45.0
496,modesty,0,30.0
496,modesty,1,25.0
496,modesty,2,25.0
496,modesty,3,25.0
496,modesty,4,25.0
496,sympathy,0,65.0
496,sympathy,1,65.0
496,sympathy,2,45.0
496,sympathy,3,65.0
496,sympathy,4,65.0
497,trust,0,85.0
497,trust,1,75.0
497,trust,2,85.0
497,trust,3,80.0
497,trust,4,85.0
497,altruism,0,90.0
497,altruism,1,90.0
497,altruism,2,90.0
497,altruism,3,95.0
497,altruism,4,90.0
497,cooperation,0,90.0
497,cooperation,1,85.0
497,cooperation,2,85.0
497,cooperation,3,85.0
497,cooperation,4,90.0
497,modesty,0,45.0
497,modesty,1,65.0
497,modesty,2,45.0
497,modesty,3,45.0
497,modesty,4,65.0
497,sympathy,0,90.0
497,sympathy,1,85.0
497,sympathy,2,85.0
497,sympathy,3,85.0
497,sympathy,4,85.0
498,trust,0,65.0
498,trust,1,65.0
498,trust,2,65.0
498,trust,3,65.0
498,trust,4,65.0
498,altruism,0,85.0
498,altruism,1,85.0
498,altruism,2,85.0
498,altruism,3,85.0
498,altruism,4,85.0
498,cooperation,0,75.0
498,cooperation,1,75.0
498,cooperation,2,65.0
498,cooperation,3,65.0
498,cooperation,4,85.0
498,modesty,0,45.0
498,modesty,1,45.0
498,modesty,2,45.0
498,modesty,3,45.0
498,modesty,4,45.0
498,sympathy,0,45.0
498,sympathy,1,45.0
498,sympathy,2,45.0
498,sympathy,3,45.0
498,sympathy,4,45.0
499,trust,0,85.0
499,trust,1,80.0
499,trust,2,65.0
499,trust,3,45.0
499,trust,4,80.0
499,altruism,0,25.0
499,altruism,1,25.0
499,altruism,2,25.0
499,altruism,3,25.0
499,altruism,4,25.0
499,cooperation,0,85.0
499,cooperation,1,85.0
499,cooperation,2,25.0
499,cooperation,3,85.0
499,cooperation,4,85.0
499,modesty,0,40.0
499,modesty,1,45.0
499,modesty,2,25.0
499,modesty,3,45.0
499,modesty,4,45.0
499,sympathy,0,25.0
499,sympathy,1,45.0
499,sympathy,2,40.0
499,sympathy,3,25.0
499,sympathy,4,25.0
500,trust,0,65.0
500,trust,1,65.0
500,trust,2,65.0
500,trust,3,65.0
500,trust,4,65.0
500,altruism,0,65.0
500,altruism,1,45.0
500,altruism,2,65.0
500,altruism,3,65.0
500,altruism,4,65.0
500,cooperation,0,65.0
500,cooperation,1,65.0
500,cooperation,2,65.0
500,cooperation,3,40.0
500,cooperation,4,65.0
500,modesty,0,45.0
500,modesty,1,45.0
500,modesty,2,45.0
500,modesty,3,40.0
500,modesty,4,40.0
500,sympathy,0,65.0
500,sympathy,1,65.0
500,sympathy,2,65.0
500,sympathy,3,65.0
500,sympathy,4,65.0
501,trust,0,25.0
501,trust,1,45.0
501,trust,2,45.0
501,trust,3,25.0
501,trust,4,45.0
501,altruism,0,25.0
501,altruism,1,25.0
501,altruism,2,25.0
501,altruism,3,30.0
501,altruism,4,30.0
501,cooperation,0,25.0
501,cooperation,1,30.0
501,cooperation,2,25.0
501,cooperation,3,25.0
501,cooperation,4,30.0
501,modesty,0,35.0
501,modesty,1,30.0
501,modesty,2,35.0
501,modesty,3,30.0
501,modesty,4,40.0
501,sympathy,0,30.0
501,sympathy,1,25.0
501,sympathy,2,30.0
501,sympathy,3,30.0
501,sympathy,4,25.0
502,trust,0,45.0
502,trust,1,45.0
502,trust,2,45.0
502,trust,3,45.0
502,trust,4,45.0
502,altruism,0,25.0
502,altruism,1,25.0
502,altruism,2,25.0
502,altruism,3,25.0
502,altruism,4,25.0
502,cooperation,0,25.0
502,cooperation,1,25.0
502,cooperation,2,25.0
502,cooperation,3,40.0
502,cooperation,4,25.0
502,modesty,0,40.0
502,modesty,1,35.0
502,modesty,2,30.0
502,modesty,3,35.0
502,modesty,4,35.0
502,sympathy,0,45.0
502,sympathy,1,45.0
502,sympathy,2,45.0
502,sympathy,3,45.0
502,sympathy,4,45.0
503,trust,0,75.0
503,trust,1,65.0
503,trust,2,80.0
503,trust,3,65.0
503,trust,4,85.0
503,altruism,0,85.0
503,altruism,1,90.0
503,altruism,2,85.0
503,altruism,3,90.0
503,altruism,4,90.0
503,cooperation,0,85.0
503,cooperation,1,75.0
503,cooperation,2,85.0
503,cooperation,3,75.0
503,cooperation,4,75.0
503,modesty,0,25.0
503,modesty,1,25.0
503,modesty,2,25.0
503,modesty,3,25.0
503,modesty,4,30.0
503,sympathy,0,85.0
503,sympathy,1,85.0
503,sympathy,2,85.0
503,sympathy,3,85.0
503,sympathy,4,85.0
504,trust,0,85.0
504,trust,1,85.0
504,trust,2,85.0
504,trust,3,85.0
504,trust,4,85.0
504,altruism,0,90.0
504,altruism,1,90.0
504,altruism,2,90.0
504,altruism,3,90.0
504,altruism,4,90.0
504,cooperation,0,25.0
504,cooperation,1,25.0
504,cooperation,2,25.0
504,cooperation,3,25.0
504,cooperation,4,20.0
504,modesty,0,25.0
504,modesty,1,25.0
504,modesty,2,25.0
504,modesty,3,25.0
504,modesty,4,25.0
504,sympathy,0,85.0
504,sympathy,1,85.0
504,sympathy,2,85.0
504,sympathy,3,85.0
504,sympathy,4,85.0
505,trust,0,45.0
505,trust,1,45.0
505,trust,2,45.0
505,trust,3,45.0
505,trust,4,45.0
505,altruism,0,85.0
505,altruism,1,85.0
505,altruism,2,90.0
505,altruism,3,85.0
505,altruism,4,85.0
505,cooperation,0,25.0
505,cooperation,1,25.0
505,cooperation,2,25.0
505,cooperation,3,25.0
505,cooperation,4,25.0
505,modesty,0,25.0
505,modesty,1,30.0
505,modesty,2,35.0
505,modesty,3,25.0
505,modesty,4,25.0
505,sympathy,0,75.0
505,sympathy,1,45.0
505,sympathy,2,25.0
505,sympathy,3,70.0
505,sympathy,4,65.0
506,trust,0,25.0
506,trust,1,25.0
506,trust,2,65.0
506,trust,3,40.0
506,trust,4,40.0
506,altruism,0,25.0
506,altruism,1,25.0
506,altruism,2,25.0
506,altruism,3,25.0
506,altruism,4,25.0
506,cooperation,0,65.0
506,cooperation,1,85.0
506,cooperation,2,25.0
506,cooperation,3,85.0
506,cooperation,4,85.0
506,modesty,0,25.0
506,modesty,1,25.0
506,modesty,2,25.0
506,modesty,3,25.0
506,modesty,4,25.0
506,sympathy,0,45.0
506,sympathy,1,45.0
506,sympathy,2,45.0
506,sympathy,3,25.0
506,sympathy,4,45.0
507,trust,0,75.0
507,trust,1,85.0
507,trust,2,75.0
507,trust,3,85.0
507,trust,4,85.0
507,altruism,0,90.0
507,altruism,1,90.0
507,altruism,2,90.0
507,altruism,3,90.0
507,altruism,4,90.0
507,cooperation,0,85.0
507,cooperation,1,85.0
507,cooperation,2,85.0
507,cooperation,3,85.0
507,cooperation,4,85.0
507,modesty,0,65.0
507,modesty,1,65.0
507,modesty,2,45.0
507,modesty,3,65.0
507,modesty,4,65.0
507,sympathy,0,90.0
507,sympathy,1,90.0
507,sympathy,2,85.0
507,sympathy,3,90.0
507,sympathy,4,90.0
508,trust,0,85.0
508,trust,1,85.0
508,trust,2,85.0
508,trust,3,85.0
508,trust,4,85.0
508,altruism,0,85.0
508,altruism,1,75.0
508,altruism,2,85.0
508,altruism,3,65.0
508,altruism,4,65.0
508,cooperation,0,60.0
508,cooperation,1,60.0
508,cooperation,2,60.0
508,cooperation,3,65.0
508,cooperation,4,65.0
508,modesty,0,30.0
508,modesty,1,25.0
508,modesty,2,30.0
508,modesty,3,30.0
508,modesty,4,30.0
508,sympathy,0,85.0
508,sympathy,1,85.0
508,sympathy,2,85.0
508,sympathy,3,85.0
508,sympathy,4,85.0
509,trust,0,85.0
509,trust,1,85.0
509,trust,2,85.0
509,trust,3,85.0
509,trust,4,85.0
509,altruism,0,65.0
509,altruism,1,70.0
509,altruism,2,65.0
509,altruism,3,65.0
509,altruism,4,65.0
509,cooperation,0,25.0
509,cooperation,1,25.0
509,cooperation,2,25.0
509,cooperation,3,25.0
509,cooperation,4,25.0
509,modesty,0,30.0
509,modesty,1,35.0
509,modesty,2,30.0
509,modesty,3,30.0
509,modesty,4,30.0
509,sympathy,0,25.0
509,sympathy,1,25.0
509,sympathy,2,25.0
509,sympathy,3,25.0
509,sympathy,4,25.0
510,trust,0,45.0
510,trust,1,45.0
510,trust,2,45.0
510,trust,3,45.0
510,trust,4,45.0
510,altruism,0,45.0
510,altruism,1,45.0
510,altruism,2,45.0
510,altruism,3,45.0
510,altruism,4,45.0
510,cooperation,0,75.0
510,cooperation,1,75.0
510,cooperation,2,75.0
510,cooperation,3,75.0
510,cooperation,4,75.0
510,modesty,0,65.0
510,modesty,1,65.0
510,modesty,2,65.0
510,modesty,3,65.0
510,modesty,4,65.0
510,sympathy,0,45.0
510,sympathy,1,45.0
510,sympathy,2,45.0
510,sympathy,3,45.0
510,sympathy,4,45.0
511,trust,0,45.0
511,trust,1,25.0
511,trust,2,45.0
511,trust,3,45.0
511,trust,4,21.0
511,altruism,0,25.0
511,altruism,1,25.0
511,altruism,2,35.0
511,altruism,3,25.0
511,altruism,4,25.0
511,cooperation,0,45.0
511,cooperation,1,45.0
511,cooperation,2,45.0
511,cooperation,3,45.0
511,cooperation,4,45.0
511,modesty,0,45.0
511,modesty,1,40.0
511,modesty,2,40.0
511,modesty,3,40.0
511,modesty,4,40.0
511,sympathy,0,25.0
511,sympathy,1,25.0
511,sympathy,2,25.0
511,sympathy,3,25.0
511,sympathy,4,25.0
512,trust,0,60.0
512,trust,1,60.0
512,trust,2,60.0
512,trust,3,60.0
512,trust,4,60.0
512,altruism,0,45.0
512,altruism,1,45.0
512,altruism,2,45.0
512,altruism,3,45.0
512,altruism,4,45.0
512,cooperation,0,65.0
512,cooperation,1,65.0
512,cooperation,2,65.0
512,cooperation,3,65.0
512,cooperation,4,65.0
512,modesty,0,65.0
512,modesty,1,65.0
512,modesty,2,65.0
512,modesty,3,75.0
512,modesty,4,65.0
512,sympathy,0,45.0
512,sympathy,1,45.0
512,sympathy,2,45.0
512,sympathy,3,45.0
512,sympathy,4,45.0
513,trust,0,45.0
513,trust,1,45.0
513,trust,2,45.0
513,trust,3,45.0
513,trust,4,45.0
513,altruism,0,45.0
513,altruism,1,45.0
513,altruism,2,25.0
513,altruism,3,45.0
513,altruism,4,45.0
513,cooperation,0,75.0
513,cooperation,1,75.0
513,cooperation,2,75.0
513,cooperation,3,75.0
513,cooperation,4,75.0
513,modesty,0,45.0
513,modesty,1,45.0
513,modesty,2,45.0
513,modesty,3,45.0
513,modesty,4,45.0
513,sympathy,0,45.0
513,sympathy,1,30.0
513,sympathy,2,45.0
513,sympathy,3,45.0
513,sympathy,4,45.0
514,trust,0,45.0
514,trust,1,60.0
514,trust,2,45.0
514,trust,3,45.0
514,trust,4,65.0
514,altruism,0,45.0
514,altruism,1,45.0
514,altruism,2,45.0
514,altruism,3,45.0
514,altruism,4,45.0
514,cooperation,0,65.0
514,cooperation,1,65.0
514,cooperation,2,65.0
514,cooperation,3,75.0
514,cooperation,4,75.0
514,modesty,0,75.0
514,modesty,1,85.0
514,modesty,2,75.0
514,modesty,3,75.0
514,modesty,4,75.0
514,sympathy,0,45.0
514,sympathy,1,45.0
514,sympathy,2,45.0
514,sympathy,3,45.0
514,sympathy,4,45.0
515,trust,0,65.0
515,trust,1,65.0
515,trust,2,65.0
515,trust,3,65.0
515,trust,4,65.0
515,altruism,0,75.0
515,altruism,1,75.0
515,altruism,2,75.0
515,altruism,3,75.0
515,altruism,4,85.0
515,cooperation,0,75.0
515,cooperation,1,75.0
515,cooperation,2,75.0
515,cooperation,3,75.0
515,cooperation,4,75.0
515,modesty,0,65.0
515,modesty,1,65.0
515,modesty,2,65.0
515,modesty,3,65.0
515,modesty,4,65.0
515,sympathy,0,65.0
515,sympathy,1,65.0
515,sympathy,2,65.0
515,sympathy,3,65.0
515,sympathy,4,65.0
516,trust,0,45.0
516,trust,1,45.0
516,trust,2,45.0
516,trust,3,45.0
516,trust,4,45.0
516,altruism,0,70.0
516,altruism,1,65.0
516,altruism,2,65.0
516,altruism,3,65.0
516,altruism,4,65.0
516,cooperation,0,75.0
516,cooperation,1,75.0
516,cooperation,2,75.0
516,cooperation,3,75.0
516,cooperation,4,75.0
516,modesty,0,65.0
516,modesty,1,65.0
516,modesty,2,65.0
516,modesty,3,65.0
516,modesty,4,65.0
516,sympathy,0,65.0
516,sympathy,1,65.0
516,sympathy,2,65.0
516,sympathy,3,65.0
516,sympathy,4,65.0
517,trust,0,65.0
517,trust,1,65.0
517,trust,2,60.0
517,trust,3,45.0
517,trust,4,65.0
517,altruism,0,65.0
517,altruism,1,65.0
517,altruism,2,70.0
517,altruism,3,65.0
517,altruism,4,65.0
517,cooperation,0,75.0
517,cooperation,1,75.0
517,cooperation,2,75.0
517,cooperation,3,75.0
517,cooperation,4,65.0
517,modesty,0,75.0
517,modesty,1,75.0
517,modesty,2,75.0
517,modesty,3,75.0
517,modesty,4,75.0
517,sympathy,0,45.0
517,sympathy,1,45.0
517,sympathy,2,45.0
517,sympathy,3,45.0
517,sympathy,4,45.0
518,trust,0,45.0
518,trust,1,45.0
518,trust,2,45.0
518,trust,3,45.0
518,trust,4,45.0
518,altruism,0,40.0
518,altruism,1,45.0
518,altruism,2,45.0
518,altruism,3,40.0
518,altruism,4,45.0
518,cooperation,0,65.0
518,cooperation,1,65.0
518,cooperation,2,65.0
518,cooperation,3,65.0
518,cooperation,4,65.0
518,modesty,0,65.0
518,modesty,1,65.0
518,modesty,2,45.0
518,modesty,3,65.0
518,modesty,4,65.0
518,sympathy,0,45.0
518,sympathy,1,45.0
518,sympathy,2,45.0
518,sympathy,3,45.0
518,sympathy,4,45.0
519,trust,0,65.0
519,trust,1,65.0
519,trust,2,65.0
519,trust,3,75.0
519,trust,4,70.0
519,altruism,0,85.0
519,altruism,1,85.0
519,altruism,2,85.0
519,altruism,3,85.0
519,altruism,4,85.0
519,cooperation,0,85.0
519,cooperation,1,85.0
519,cooperation,2,85.0
519,cooperation,3,85.0
519,cooperation,4,85.0
519,modesty,0,65.0
519,modesty,1,65.0
519,modesty,2,65.0
519,modesty,3,70.0
519,modesty,4,65.0
519,sympathy,0,75.0
519,sympathy,1,85.0
519,sympathy,2,75.0
519,sympathy,3,85.0
519,sympathy,4,85.0
520,trust,0,65.0
520,trust,1,65.0
520,trust,2,65.0
520,trust,3,65.0
520,trust,4,65.0
520,altruism,0,90.0
520,altruism,1,90.0
520,altruism,2,85.0
520,altruism,3,90.0
520,altruism,4,85.0
520,cooperation,0,90.0
520,cooperation,1,90.0
520,cooperation,2,90.0
520,cooperation,3,90.0
520,cooperation,4,90.0
520,modesty,0,85.0
520,modesty,1,85.0
520,modesty,2,85.0
520,modesty,3,85.0
520,modesty,4,85.0
520,sympathy,0,85.0
520,sympathy,1,75.0
520,sympathy,2,85.0
520,sympathy,3,85.0
520,sympathy,4,85.0
521,trust,0,65.0
521,trust,1,75.0
521,trust,2,75.0
521,trust,3,75.0
521,trust,4,75.0
521,altruism,0,85.0
521,altruism,1,85.0
521,altruism,2,85.0
521,altruism,3,85.0
521,altruism,4,85.0
521,cooperation,0,90.0
521,cooperation,1,90.0
521,cooperation,2,90.0
521,cooperation,3,90.0
521,cooperation,4,90.0
521,modesty,0,75.0
521,modesty,1,85.0
521,modesty,2,75.0
521,modesty,3,85.0
521,modesty,4,85.0
521,sympathy,0,85.0
521,sympathy,1,85.0
521,sympathy,2,85.0
521,sympathy,3,85.0
521,sympathy,4,85.0
522,trust,0,65.0
522,trust,1,65.0
522,trust,2,65.0
522,trust,3,65.0
522,trust,4,65.0
522,altruism,0,85.0
522,altruism,1,85.0
522,altruism,2,90.0
522,altruism,3,85.0
522,altruism,4,85.0
522,cooperation,0,90.0
522,cooperation,1,85.0
522,cooperation,2,90.0
522,cooperation,3,85.0
522,cooperation,4,85.0
522,modesty,0,45.0
522,modesty,1,65.0
522,modesty,2,75.0
522,modesty,3,45.0
522,modesty,4,45.0
522,sympathy,0,45.0
522,sympathy,1,65.0
522,sympathy,2,45.0
522,sympathy,3,45.0
522,sympathy,4,65.0
523,trust,0,75.0
523,trust,1,75.0
523,trust,2,75.0
523,trust,3,75.0
523,trust,4,75.0
523,altruism,0,85.0
523,altruism,1,85.0
523,altruism,2,85.0
523,altruism,3,85.0
523,altruism,4,85.0
523,cooperation,0,75.0
523,cooperation,1,75.0
523,cooperation,2,75.0
523,cooperation,3,75.0
523,cooperation,4,75.0
523,modesty,0,75.0
523,modesty,1,65.0
523,modesty,2,65.0
523,modesty,3,65.0
523,modesty,4,70.0
523,sympathy,0,45.0
523,sympathy,1,45.0
523,sympathy,2,45.0
523,sympathy,3,45.0
523,sympathy,4,45.0
524,trust,0,45.0
524,trust,1,65.0
524,trust,2,45.0
524,trust,3,45.0
524,trust,4,45.0
524,altruism,0,45.0
524,altruism,1,40.0
524,altruism,2,45.0
524,altruism,3,45.0
524,altruism,4,40.0
524,cooperation,0,65.0
524,cooperation,1,70.0
524,cooperation,2,65.0
524,cooperation,3,65.0
524,cooperation,4,65.0
524,modesty,0,45.0
524,modesty,1,45.0
524,modesty,2,45.0
524,modesty,3,40.0
524,modesty,4,45.0
524,sympathy,0,35.0
524,sympathy,1,45.0
524,sympathy,2,45.0
524,sympathy,3,45.0
524,sympathy,4,45.0
525,trust,0,90.0
525,trust,1,90.0
525,trust,2,90.0
525,trust,3,85.0
525,trust,4,90.0
525,altruism,0,90.0
525,altruism,1,90.0
525,altruism,2,90.0
525,altruism,3,90.0
525,altruism,4,90.0
525,cooperation,0,90.0
525,cooperation,1,90.0
525,cooperation,2,90.0
525,cooperation,3,90.0
525,cooperation,4,90.0
525,modesty,0,65.0
525,modesty,1,70.0
525,modesty,2,75.0
525,modesty,3,45.0
525,modesty,4,65.0
525,sympathy,0,90.0
525,sympathy,1,85.0
525,sympathy,2,90.0
525,sympathy,3,90.0
525,sympathy,4,90.0
526,trust,0,85.0
526,trust,1,80.0
526,trust,2,85.0
526,trust,3,85.0
526,trust,4,85.0
526,altruism,0,85.0
526,altruism,1,85.0
526,altruism,2,85.0
526,altruism,3,85.0
526,altruism,4,85.0
526,cooperation,0,85.0
526,cooperation,1,85.0
526,cooperation,2,90.0
526,cooperation,3,90.0
526,cooperation,4,85.0
526,modesty,0,65.0
526,modesty,1,65.0
526,modesty,2,65.0
526,modesty,3,65.0
526,modesty,4,65.0
526,sympathy,0,85.0
526,sympathy,1,85.0
526,sympathy,2,85.0
526,sympathy,3,85.0
526,sympathy,4,85.0
527,trust,0,45.0
527,trust,1,45.0
527,trust,2,45.0
527,trust,3,45.0
527,trust,4,45.0
527,altruism,0,85.0
527,altruism,1,75.0
527,altruism,2,75.0
527,altruism,3,75.0
527,altruism,4,75.0
527,cooperation,0,85.0
527,cooperation,1,85.0
527,cooperation,2,85.0
527,cooperation,3,85.0
527,cooperation,4,85.0
527,modesty,0,75.0
527,modesty,1,75.0
527,modesty,2,85.0
527,modesty,3,85.0
527,modesty,4,75.0
527,sympathy,0,75.0
527,sympathy,1,75.0
527,sympathy,2,75.0
527,sympathy,3,85.0
527,sympathy,4,75.0
528,trust,0,75.0
528,trust,1,65.0
528,trust,2,65.0
528,trust,3,65.0
528,trust,4,70.0
528,altruism,0,85.0
528,altruism,1,85.0
528,altruism,2,85.0
528,altruism,3,85.0
528,altruism,4,85.0
528,cooperation,0,85.0
528,cooperation,1,90.0
528,cooperation,2,85.0
528,cooperation,3,85.0
528,cooperation,4,85.0
528,modesty,0,85.0
528,modesty,1,75.0
528,modesty,2,75.0
528,modesty,3,85.0
528,modesty,4,85.0
528,sympathy,0,75.0
528,sympathy,1,75.0
528,sympathy,2,75.0
528,sympathy,3,75.0
528,sympathy,4,75.0
529,trust,0,75.0
529,trust,1,65.0
529,trust,2,75.0
529,trust,3,65.0
529,trust,4,75.0
529,altruism,0,45.0
529,altruism,1,45.0
529,altruism,2,45.0
529,altruism,3,45.0
529,altruism,4,45.0
529,cooperation,0,85.0
529,cooperation,1,85.0
529,cooperation,2,85.0
529,cooperation,3,85.0
529,cooperation,4,85.0
529,modesty,0,75.0
529,modesty,1,70.0
529,modesty,2,75.0
529,modesty,3,75.0
529,modesty,4,70.0
529,sympathy,0,75.0
529,sympathy,1,75.0
529,sympathy,2,75.0
529,sympathy,3,70.0
529,sympathy,4,75.0
530,trust,0,45.0
530,trust,1,45.0
530,trust,2,45.0
530,trust,3,45.0
530,trust,4,45.0
530,altruism,0,75.0
530,altruism,1,75.0
530,altruism,2,75.0
530,altruism,3,75.0
530,altruism,4,75.0
530,cooperation,0,75.0
530,cooperation,1,75.0
530,cooperation,2,65.0
530,cooperation,3,75.0
530,cooperation,4,65.0
530,modesty,0,45.0
530,modesty,1,45.0
530,modesty,2,45.0
530,modesty,3,45.0
530,modesty,4,45.0
530,sympathy,0,45.0
530,sympathy,1,45.0
530,sympathy,2,45.0
530,sympathy,3,65.0
530,sympathy,4,45.0
531,trust,0,25.0
531,trust,1,25.0
531,trust,2,25.0
531,trust,3,25.0
531,trust,4,25.0
531,altruism,0,65.0
531,altruism,1,65.0
531,altruism,2,65.0
531,altruism,3,65.0
531,altruism,4,65.0
531,cooperation,0,75.0
531,cooperation,1,75.0
531,cooperation,2,70.0
531,cooperation,3,75.0
531,cooperation,4,85.0
531,modesty,0,65.0
531,modesty,1,65.0
531,modesty,2,65.0
531,modesty,3,65.0
531,modesty,4,65.0
531,sympathy,0,45.0
531,sympathy,1,45.0
531,sympathy,2,45.0
531,sympathy,3,45.0
531,sympathy,4,45.0
532,trust,0,45.0
532,trust,1,45.0
532,trust,2,45.0
532,trust,3,45.0
532,trust,4,45.0
532,altruism,0,45.0
532,altruism,1,45.0
532,altruism,2,35.0
532,altruism,3,45.0
532,altruism,4,45.0
532,cooperation,0,75.0
532,cooperation,1,75.0
532,cooperation,2,75.0
532,cooperation,3,75.0
532,cooperation,4,75.0
532,modesty,0,75.0
532,modesty,1,75.0
532,modesty,2,65.0
532,modesty,3,75.0
532,modesty,4,75.0
532,sympathy,0,65.0
532,sympathy,1,45.0
532,sympathy,2,65.0
532,sympathy,3,45.0
532,sympathy,4,65.0
533,trust,0,65.0
533,trust,1,65.0
533,trust,2,65.0
533,trust,3,65.0
533,trust,4,65.0
533,altruism,0,75.0
533,altruism,1,75.0
533,altruism,2,75.0
533,altruism,3,75.0
533,altruism,4,65.0
533,cooperation,0,85.0
533,cooperation,1,90.0
533,cooperation,2,90.0
533,cooperation,3,85.0
533,cooperation,4,85.0
533,modesty,0,85.0
533,modesty,1,85.0
533,modesty,2,85.0
533,modesty,3,85.0
533,modesty,4,75.0
533,sympathy,0,65.0
533,sympathy,1,65.0
533,sympathy,2,65.0
533,sympathy,3,65.0
533,sympathy,4,65.0
534,trust,0,45.0
534,trust,1,45.0
534,trust,2,45.0
534,trust,3,45.0
534,trust,4,45.0
534,altruism,0,45.0
534,altruism,1,45.0
534,altruism,2,45.0
534,altruism,3,45.0
534,altruism,4,45.0
534,cooperation,0,75.0
534,cooperation,1,65.0
534,cooperation,2,70.0
534,cooperation,3,65.0
534,cooperation,4,75.0
534,modesty,0,75.0
534,modesty,1,70.0
534,modesty,2,75.0
534,modesty,3,75.0
534,modesty,4,75.0
534,sympathy,0,45.0
534,sympathy,1,45.0
534,sympathy,2,45.0
534,sympathy,3,45.0
534,sympathy,4,45.0
535,trust,0,65.0
535,trust,1,65.0
535,trust,2,65.0
535,trust,3,65.0
535,trust,4,65.0
535,altruism,0,45.0
535,altruism,1,45.0
535,altruism,2,45.0
535,altruism,3,45.0
535,altruism,4,45.0
535,cooperation,0,75.0
535,cooperation,1,75.0
535,cooperation,2,75.0
535,cooperation,3,75.0
535,cooperation,4,75.0
535,modesty,0,85.0
535,modesty,1,85.0
535,modesty,2,85.0
535,modesty,3,85.0
535,modesty,4,85.0
535,sympathy,0,45.0
535,sympathy,1,45.0
535,sympathy,2,45.0
535,sympathy,3,45.0
535,sympathy,4,45.0
536,trust,0,65.0
536,trust,1,65.0
536,trust,2,65.0
536,trust,3,65.0
536,trust,4,65.0
536,altruism,0,85.0
536,altruism,1,85.0
536,altruism,2,85.0
536,altruism,3,85.0
536,altruism,4,85.0
536,cooperation,0,85.0
536,cooperation,1,85.0
536,cooperation,2,85.0
536,cooperation,3,75.0
536,cooperation,4,85.0
536,modesty,0,45.0
536,modesty,1,45.0
536,modesty,2,45.0
536,modesty,3,45.0
536,modesty,4,45.0
536,sympathy,0,75.0
536,sympathy,1,75.0
536,sympathy,2,75.0
536,sympathy,3,75.0
536,sympathy,4,65.0
537,trust,0,75.0
537,trust,1,75.0
537,trust,2,75.0
537,trust,3,75.0
537,trust,4,65.0
537,altruism,0,90.0
537,altruism,1,90.0
537,altruism,2,90.0
537,altruism,3,90.0
537,altruism,4,90.0
537,cooperation,0,85.0
537,cooperation,1,85.0
537,cooperation,2,85.0
537,cooperation,3,85.0
537,cooperation,4,85.0
537,modesty,0,65.0
537,modesty,1,65.0
537,modesty,2,65.0
537,modesty,3,65.0
537,modesty,4,65.0
537,sympathy,0,85.0
537,sympathy,1,85.0
537,sympathy,2,85.0
537,sympathy,3,85.0
537,sympathy,4,85.0
538,trust,0,75.0
538,trust,1,75.0
538,trust,2,75.0
538,trust,3,75.0
538,trust,4,75.0
538,altruism,0,90.0
538,altruism,1,90.0
538,altruism,2,90.0
538,altruism,3,90.0
538,altruism,4,90.0
538,cooperation,0,75.0
538,cooperation,1,75.0
538,cooperation,2,75.0
538,cooperation,3,75.0
538,cooperation,4,65.0
538,modesty,0,45.0
538,modesty,1,45.0
538,modesty,2,45.0
538,modesty,3,45.0
538,modesty,4,45.0
538,sympathy,0,85.0
538,sympathy,1,75.0
538,sympathy,2,85.0
538,sympathy,3,85.0
538,sympathy,4,85.0
539,trust,0,75.0
539,trust,1,85.0
539,trust,2,75.0
539,trust,3,75.0
539,trust,4,75.0
539,altruism,0,65.0
539,altruism,1,65.0
539,altruism,2,65.0
539,altruism,3,65.0
539,altruism,4,65.0
539,cooperation,0,65.0
539,cooperation,1,65.0
539,cooperation,2,70.0
539,cooperation,3,70.0
539,cooperation,4,60.0
539,modesty,0,45.0
539,modesty,1,45.0
539,modesty,2,45.0
539,modesty,3,65.0
539,modesty,4,45.0
539,sympathy,0,45.0
539,sympathy,1,45.0
539,sympathy,2,45.0
539,sympathy,3,45.0
539,sympathy,4,45.0
540,trust,0,45.0
540,trust,1,45.0
540,trust,2,45.0
540,trust,3,45.0
540,trust,4,45.0
540,altruism,0,45.0
540,altruism,1,45.0
540,altruism,2,45.0
540,altruism,3,45.0
540,altruism,4,45.0
540,cooperation,0,75.0
540,cooperation,1,75.0
540,cooperation,2,65.0
540,cooperation,3,65.0
540,cooperation,4,65.0
540,modesty,0,45.0
540,modesty,1,35.0
540,modesty,2,45.0
540,modesty,3,45.0
540,modesty,4,35.0
540,sympathy,0,25.0
540,sympathy,1,25.0
540,sympathy,2,25.0
540,sympathy,3,25.0
540,sympathy,4,25.0
541,trust,0,60.0
541,trust,1,65.0
541,trust,2,60.0
541,trust,3,65.0
541,trust,4,60.0
541,altruism,0,25.0
541,altruism,1,25.0
541,altruism,2,25.0
541,altruism,3,25.0
541,altruism,4,25.0
541,cooperation,0,65.0
541,cooperation,1,65.0
541,cooperation,2,75.0
541,cooperation,3,75.0
541,cooperation,4,75.0
541,modesty,0,45.0
541,modesty,1,45.0
541,modesty,2,45.0
541,modesty,3,45.0
541,modesty,4,45.0
541,sympathy,0,45.0
541,sympathy,1,65.0
541,sympathy,2,65.0
541,sympathy,3,65.0
541,sympathy,4,65.0
542,trust,0,45.0
542,trust,1,45.0
542,trust,2,45.0
542,trust,3,45.0
542,trust,4,45.0
542,altruism,0,25.0
542,altruism,1,25.0
542,altruism,2,25.0
542,altruism,3,25.0
542,altruism,4,25.0
542,cooperation,0,45.0
542,cooperation,1,45.0
542,cooperation,2,45.0
542,cooperation,3,45.0
542,cooperation,4,65.0
542,modesty,0,20.0
542,modesty,1,25.0
542,modesty,2,20.0
542,modesty,3,25.0
542,modesty,4,25.0
542,sympathy,0,25.0
542,sympathy,1,25.0
542,sympathy,2,25.0
542,sympathy,3,25.0
542,sympathy,4,25.0
543,trust,0,45.0
543,trust,1,45.0
543,trust,2,45.0
543,trust,3,45.0
543,trust,4,45.0
543,altruism,0,45.0
543,altruism,1,45.0
543,altruism,2,45.0
543,altruism,3,45.0
543,altruism,4,45.0
543,cooperation,0,65.0
543,cooperation,1,65.0
543,cooperation,2,65.0
543,cooperation,3,75.0
543,cooperation,4,65.0
543,modesty,0,45.0
543,modesty,1,45.0
543,modesty,2,45.0
543,modesty,3,45.0
543,modesty,4,45.0
543,sympathy,0,45.0
543,sympathy,1,45.0
543,sympathy,2,45.0
543,sympathy,3,45.0
543,sympathy,4,45.0
544,trust,0,65.0
544,trust,1,65.0
544,trust,2,65.0
544,trust,3,65.0
544,trust,4,65.0
544,altruism,0,45.0
544,altruism,1,45.0
544,altruism,2,45.0
544,altruism,3,45.0
544,altruism,4,45.0
544,cooperation,0,65.0
544,cooperation,1,65.0
544,cooperation,2,65.0
544,cooperation,3,65.0
544,cooperation,4,65.0
544,modesty,0,40.0
544,modesty,1,40.0
544,modesty,2,40.0
544,modesty,3,40.0
544,modesty,4,40.0
544,sympathy,0,25.0
544,sympathy,1,25.0
544,sympathy,2,25.0
544,sympathy,3,25.0
544,sympathy,4,25.0
545,trust,0,85.0
545,trust,1,85.0
545,trust,2,85.0
545,trust,3,85.0
545,trust,4,85.0
545,altruism,0,40.0
545,altruism,1,65.0
545,altruism,2,40.0
545,altruism,3,25.0
545,altruism,4,25.0
545,cooperation,0,25.0
545,cooperation,1,25.0
545,cooperation,2,25.0
545,cooperation,3,40.0
545,cooperation,4,25.0
545,modesty,0,40.0
545,modesty,1,40.0
545,modesty,2,40.0
545,modesty,3,40.0
545,modesty,4,40.0
545,sympathy,0,25.0
545,sympathy,1,40.0
545,sympathy,2,25.0
545,sympathy,3,25.0
545,sympathy,4,25.0
546,trust,0,45.0
546,trust,1,45.0
546,trust,2,45.0
546,trust,3,45.0
546,trust,4,45.0
546,altruism,0,45.0
546,altruism,1,45.0
546,altruism,2,45.0
546,altruism,3,45.0
546,altruism,4,45.0
546,cooperation,0,75.0
546,cooperation,1,75.0
546,cooperation,2,75.0
546,cooperation,3,75.0
546,cooperation,4,85.0
546,modesty,0,65.0
546,modesty,1,45.0
546,modesty,2,65.0
546,modesty,3,65.0
546,modesty,4,65.0
546,sympathy,0,45.0
546,sympathy,1,45.0
546,sympathy,2,45.0
546,sympathy,3,45.0
546,sympathy,4,45.0
547,trust,0,45.0
547,trust,1,45.0
547,trust,2,45.0
547,trust,3,45.0
547,trust,4,45.0
547,altruism,0,45.0
547,altruism,1,45.0
547,altruism,2,45.0
547,altruism,3,45.0
547,altruism,4,45.0
547,cooperation,0,65.0
547,cooperation,1,65.0
547,cooperation,2,65.0
547,cooperation,3,65.0
547,cooperation,4,65.0
547,modesty,0,65.0
547,modesty,1,65.0
547,modesty,2,65.0
547,modesty,3,65.0
547,modesty,4,65.0
547,sympathy,0,45.0
547,sympathy,1,45.0
547,sympathy,2,45.0
547,sympathy,3,45.0
547,sympathy,4,45.0
548,trust,0,65.0
548,trust,1,65.0
548,trust,2,65.0
548,trust,3,65.0
548,trust,4,65.0
548,altruism,0,75.0
548,altruism,1,75.0
548,altruism,2,75.0
548,altruism,3,75.0
548,altruism,4,75.0
548,cooperation,0,85.0
548,cooperation,1,85.0
548,cooperation,2,90.0
548,cooperation,3,90.0
548,cooperation,4,85.0
548,modesty,0,65.0
548,modesty,1,75.0
548,modesty,2,65.0
548,modesty,3,65.0
548,modesty,4,65.0
548,sympathy,0,65.0
548,sympathy,1,65.0
548,sympathy,2,65.0
548,sympathy,3,65.0
548,sympathy,4,65.0
549,trust,0,65.0
549,trust,1,65.0
549,trust,2,65.0
549,trust,3,65.0
549,trust,4,65.0
549,altruism,0,85.0
549,altruism,1,85.0
549,altruism,2,85.0
549,altruism,3,85.0
549,altruism,4,85.0
549,cooperation,0,20.0
549,cooperation,1,25.0
549,cooperation,2,25.0
549,cooperation,3,25.0
549,cooperation,4,25.0
549,modesty,0,25.0
549,modesty,1,25.0
549,modesty,2,25.0
549,modesty,3,30.0
549,modesty,4,25.0
549,sympathy,0,90.0
549,sympathy,1,90.0
549,sympathy,2,85.0
549,sympathy,3,90.0
549,sympathy,4,85.0
550,trust,0,45.0
550,trust,1,65.0
550,trust,2,65.0
550,trust,3,65.0
550,trust,4,65.0
550,altruism,0,85.0
550,altruism,1,85.0
550,altruism,2,85.0
550,altruism,3,85.0
550,altruism,4,85.0
550,cooperation,0,85.0
550,cooperation,1,85.0
550,cooperation,2,85.0
550,cooperation,3,85.0
550,cooperation,4,85.0
550,modesty,0,70.0
550,modesty,1,85.0
550,modesty,2,75.0
550,modesty,3,75.0
550,modesty,4,75.0
550,sympathy,0,75.0
550,sympathy,1,75.0
550,sympathy,2,75.0
550,sympathy,3,75.0
550,sympathy,4,75.0
551,trust,0,65.0
551,trust,1,80.0
551,trust,2,85.0
551,trust,3,85.0
551,trust,4,85.0
551,altruism,0,85.0
551,altruism,1,85.0
551,altruism,2,85.0
551,altruism,3,85.0
551,altruism,4,85.0
551,cooperation,0,85.0
551,cooperation,1,85.0
551,cooperation,2,85.0
551,cooperation,3,85.0
551,cooperation,4,85.0
551,modesty,0,45.0
551,modesty,1,45.0
551,modesty,2,55.0
551,modesty,3,65.0
551,modesty,4,55.0
551,sympathy,0,85.0
551,sympathy,1,85.0
551,sympathy,2,85.0
551,sympathy,3,85.0
551,sympathy,4,85.0
552,trust,0,45.0
552,trust,1,55.0
552,trust,2,45.0
552,trust,3,55.0
552,trust,4,55.0
552,altruism,0,65.0
552,altruism,1,65.0
552,altruism,2,65.0
552,altruism,3,65.0
552,altruism,4,65.0
552,cooperation,0,65.0
552,cooperation,1,65.0
552,cooperation,2,65.0
552,cooperation,3,65.0
552,cooperation,4,65.0
552,modesty,0,35.0
552,modesty,1,35.0
552,modesty,2,35.0
552,modesty,3,35.0
552,modesty,4,35.0
552,sympathy,0,45.0
552,sympathy,1,45.0
552,sympathy,2,45.0
552,sympathy,3,45.0
552,sympathy,4,45.0
553,trust,0,65.0
553,trust,1,65.0
553,trust,2,65.0
553,trust,3,65.0
553,trust,4,65.0
553,altruism,0,75.0
553,altruism,1,75.0
553,altruism,2,75.0
553,altruism,3,75.0
553,altruism,4,75.0
553,cooperation,0,85.0
553,cooperation,1,85.0
553,cooperation,2,85.0
553,cooperation,3,85.0
553,cooperation,4,85.0
553,modesty,0,25.0
553,modesty,1,25.0
553,modesty,2,25.0
553,modesty,3,45.0
553,modesty,4,25.0
553,sympathy,0,45.0
553,sympathy,1,45.0
553,sympathy,2,45.0
553,sympathy,3,45.0
553,sympathy,4,45.0
554,trust,0,50.0
554,trust,1,45.0
554,trust,2,45.0
554,trust,3,45.0
554,trust,4,45.0
554,altruism,0,40.0
554,altruism,1,40.0
554,altruism,2,40.0
554,altruism,3,40.0
554,altruism,4,25.0
554,cooperation,0,75.0
554,cooperation,1,75.0
554,cooperation,2,75.0
554,cooperation,3,75.0
554,cooperation,4,75.0
554,modesty,0,65.0
554,modesty,1,65.0
554,modesty,2,65.0
554,modesty,3,65.0
554,modesty,4,65.0
554,sympathy,0,65.0
554,sympathy,1,65.0
554,sympathy,2,45.0
554,sympathy,3,45.0
554,sympathy,4,45.0
555,trust,0,75.0
555,trust,1,75.0
555,trust,2,75.0
555,trust,3,75.0
555,trust,4,75.0
555,altruism,0,75.0
555,altruism,1,75.0
555,altruism,2,75.0
555,altruism,3,85.0
555,altruism,4,75.0
555,cooperation,0,85.0
555,cooperation,1,85.0
555,cooperation,2,85.0
555,cooperation,3,90.0
555,cooperation,4,90.0
555,modesty,0,25.0
555,modesty,1,30.0
555,modesty,2,25.0
555,modesty,3,35.0
555,modesty,4,35.0
555,sympathy,0,45.0
555,sympathy,1,45.0
555,sympathy,2,45.0
555,sympathy,3,45.0
555,sympathy,4,45.0
556,trust,0,65.0
556,trust,1,65.0
556,trust,2,65.0
556,trust,3,65.0
556,trust,4,65.0
556,altruism,0,45.0
556,altruism,1,45.0
556,altruism,2,45.0
556,altruism,3,45.0
556,altruism,4,45.0
556,cooperation,0,85.0
556,cooperation,1,75.0
556,cooperation,2,75.0
556,cooperation,3,75.0
556,cooperation,4,75.0
556,modesty,0,45.0
556,modesty,1,45.0
556,modesty,2,45.0
556,modesty,3,55.0
556,modesty,4,45.0
556,sympathy,0,45.0
556,sympathy,1,45.0
556,sympathy,2,45.0
556,sympathy,3,45.0
556,sympathy,4,45.0
557,trust,0,65.0
557,trust,1,60.0
557,trust,2,60.0
557,trust,3,65.0
557,trust,4,65.0
557,altruism,0,85.0
557,altruism,1,85.0
557,altruism,2,75.0
557,altruism,3,75.0
557,altruism,4,85.0
557,cooperation,0,75.0
557,cooperation,1,65.0
557,cooperation,2,85.0
557,cooperation,3,65.0
557,cooperation,4,65.0
557,modesty,0,85.0
557,modesty,1,85.0
557,modesty,2,85.0
557,modesty,3,85.0
557,modesty,4,65.0
557,sympathy,0,65.0
557,sympathy,1,65.0
557,sympathy,2,65.0
557,sympathy,3,65.0
557,sympathy,4,65.0
558,trust,0,75.0
558,trust,1,75.0
558,trust,2,75.0
558,trust,3,75.0
558,trust,4,70.0
558,altruism,0,90.0
558,altruism,1,85.0
558,altruism,2,85.0
558,altruism,3,85.0
558,altruism,4,85.0
558,cooperation,0,85.0
558,cooperation,1,85.0
558,cooperation,2,85.0
558,cooperation,3,85.0
558,cooperation,4,85.0
558,modesty,0,85.0
558,modesty,1,85.0
558,modesty,2,85.0
558,modesty,3,85.0
558,modesty,4,85.0
558,sympathy,0,90.0
558,sympathy,1,90.0
558,sympathy,2,85.0
558,sympathy,3,85.0
558,sympathy,4,85.0
559,trust,0,85.0
559,trust,1,85.0
559,trust,2,65.0
559,trust,3,85.0
559,trust,4,85.0
559,altruism,0,85.0
559,altruism,1,85.0
559,altruism,2,85.0
559,altruism,3,85.0
559,altruism,4,85.0
559,cooperation,0,65.0
559,cooperation,1,85.0
559,cooperation,2,85.0
559,cooperation,3,85.0
559,cooperation,4,85.0
559,modesty,0,40.0
559,modesty,1,40.0
559,modesty,2,45.0
559,modesty,3,40.0
559,modesty,4,40.0
559,sympathy,0,90.0
559,sympathy,1,85.0
559,sympathy,2,85.0
559,sympathy,3,85.0
559,sympathy,4,85.0
560,trust,0,45.0
560,trust,1,45.0
560,trust,2,45.0
560,trust,3,45.0
560,trust,4,45.0
560,altruism,0,40.0
560,altruism,1,35.0
560,altruism,2,40.0
560,altruism,3,30.0
560,altruism,4,25.0
560,cooperation,0,65.0
560,cooperation,1,65.0
560,cooperation,2,65.0
560,cooperation,3,65.0
560,cooperation,4,65.0
560,modesty,0,45.0
560,modesty,1,45.0
560,modesty,2,45.0
560,modesty,3,45.0
560,modesty,4,45.0
560,sympathy,0,25.0
560,sympathy,1,35.0
560,sympathy,2,25.0
560,sympathy,3,25.0
560,sympathy,4,25.0
561,trust,0,65.0
561,trust,1,65.0
561,trust,2,65.0
561,trust,3,65.0
561,trust,4,65.0
561,altruism,0,45.0
561,altruism,1,45.0
561,altruism,2,25.0
561,altruism,3,45.0
561,altruism,4,45.0
561,cooperation,0,25.0
561,cooperation,1,45.0
561,cooperation,2,45.0
561,cooperation,3,25.0
561,cooperation,4,45.0
561,modesty,0,25.0
561,modesty,1,25.0
561,modesty,2,25.0
561,modesty,3,25.0
561,modesty,4,45.0
561,sympathy,0,25.0
561,sympathy,1,25.0
561,sympathy,2,25.0
561,sympathy,3,25.0
561,sympathy,4,25.0
562,trust,0,40.0
562,trust,1,40.0
562,trust,2,45.0
562,trust,3,40.0
562,trust,4,40.0
562,altruism,0,25.0
562,altruism,1,25.0
562,altruism,2,35.0
562,altruism,3,25.0
562,altruism,4,25.0
562,cooperation,0,65.0
562,cooperation,1,65.0
562,cooperation,2,65.0
562,cooperation,3,65.0
562,cooperation,4,65.0
562,modesty,0,65.0
562,modesty,1,65.0
562,modesty,2,75.0
562,modesty,3,65.0
562,modesty,4,55.0
562,sympathy,0,65.0
562,sympathy,1,65.0
562,sympathy,2,65.0
562,sympathy,3,65.0
562,sympathy,4,65.0
563,trust,0,75.0
563,trust,1,75.0
563,trust,2,75.0
563,trust,3,75.0
563,trust,4,75.0
563,altruism,0,85.0
563,altruism,1,80.0
563,altruism,2,85.0
563,altruism,3,85.0
563,altruism,4,85.0
563,cooperation,0,85.0
563,cooperation,1,85.0
563,cooperation,2,85.0
563,cooperation,3,85.0
563,cooperation,4,85.0
563,modesty,0,75.0
563,modesty,1,65.0
563,modesty,2,65.0
563,modesty,3,65.0
563,modesty,4,75.0
563,sympathy,0,85.0
563,sympathy,1,65.0
563,sympathy,2,65.0
563,sympathy,3,65.0
563,sympathy,4,65.0
564,trust,0,65.0
564,trust,1,65.0
564,trust,2,65.0
564,trust,3,75.0
564,trust,4,65.0
564,altruism,0,65.0
564,altruism,1,65.0
564,altruism,2,65.0
564,altruism,3,65.0
564,altruism,4,65.0
564,cooperation,0,65.0
564,cooperation,1,65.0
564,cooperation,2,40.0
564,cooperation,3,65.0
564,cooperation,4,65.0
564,modesty,0,55.0
564,modesty,1,45.0
564,modesty,2,45.0
564,modesty,3,45.0
564,modesty,4,45.0
564,sympathy,0,45.0
564,sympathy,1,45.0
564,sympathy,2,45.0
564,sympathy,3,45.0
564,sympathy,4,45.0
565,trust,0,60.0
565,trust,1,60.0
565,trust,2,60.0
565,trust,3,60.0
565,trust,4,60.0
565,altruism,0,45.0
565,altruism,1,45.0
565,altruism,2,45.0
565,altruism,3,45.0
565,altruism,4,45.0
565,cooperation,0,75.0
565,cooperation,1,75.0
565,cooperation,2,75.0
565,cooperation,3,75.0
565,cooperation,4,75.0
565,modesty,0,75.0
565,modesty,1,85.0
565,modesty,2,85.0
565,modesty,3,85.0
565,modesty,4,85.0
565,sympathy,0,45.0
565,sympathy,1,45.0
565,sympathy,2,45.0
565,sympathy,3,45.0
565,sympathy,4,45.0
566,trust,0,45.0
566,trust,1,45.0
566,trust,2,45.0
566,trust,3,45.0
566,trust,4,45.0
566,altruism,0,45.0
566,altruism,1,45.0
566,altruism,2,45.0
566,altruism,3,45.0
566,altruism,4,45.0
566,cooperation,0,75.0
566,cooperation,1,65.0
566,cooperation,2,65.0
566,cooperation,3,65.0
566,cooperation,4,65.0
566,modesty,0,85.0
566,modesty,1,85.0
566,modesty,2,85.0
566,modesty,3,85.0
566,modesty,4,75.0
566,sympathy,0,45.0
566,sympathy,1,45.0
566,sympathy,2,45.0
566,sympathy,3,45.0
566,sympathy,4,45.0
567,trust,0,85.0
567,trust,1,85.0
567,trust,2,85.0
567,trust,3,85.0
567,trust,4,41.0
567,altruism,0,85.0
567,altruism,1,85.0
567,altruism,2,85.0
567,altruism,3,90.0
567,altruism,4,85.0
567,cooperation,0,85.0
567,cooperation,1,85.0
567,cooperation,2,85.0
567,cooperation,3,85.0
567,cooperation,4,85.0
567,modesty,0,30.0
567,modesty,1,25.0
567,modesty,2,25.0
567,modesty,3,25.0
567,modesty,4,30.0
567,sympathy,0,95.0
567,sympathy,1,90.0
567,sympathy,2,90.0
567,sympathy,3,90.0
567,sympathy,4,90.0
568,trust,0,85.0
568,trust,1,85.0
568,trust,2,85.0
568,trust,3,85.0
568,trust,4,85.0
568,altruism,0,85.0
568,altruism,1,75.0
568,altruism,2,75.0
568,altruism,3,85.0
568,altruism,4,85.0
568,cooperation,0,65.0
568,cooperation,1,65.0
568,cooperation,2,65.0
568,cooperation,3,65.0
568,cooperation,4,65.0
568,modesty,0,25.0
568,modesty,1,25.0
568,modesty,2,25.0
568,modesty,3,25.0
568,modesty,4,20.0
568,sympathy,0,95.0
568,sympathy,1,90.0
568,sympathy,2,95.0
568,sympathy,3,95.0
568,sympathy,4,95.0
569,trust,0,45.0
569,trust,1,45.0
569,trust,2,45.0
569,trust,3,45.0
569,trust,4,45.0
569,altruism,0,45.0
569,altruism,1,45.0
569,altruism,2,45.0
569,altruism,3,45.0
569,altruism,4,45.0
569,cooperation,0,65.0
569,cooperation,1,65.0
569,cooperation,2,65.0
569,cooperation,3,65.0
569,cooperation,4,65.0
569,modesty,0,65.0
569,modesty,1,60.0
569,modesty,2,45.0
569,modesty,3,45.0
569,modesty,4,45.0
569,sympathy,0,45.0
569,sympathy,1,45.0
569,sympathy,2,45.0
569,sympathy,3,45.0
569,sympathy,4,25.0
570,trust,0,75.0
570,trust,1,75.0
570,trust,2,75.0
570,trust,3,85.0
570,trust,4,75.0
570,altruism,0,65.0
570,altruism,1,65.0
570,altruism,2,65.0
570,altruism,3,45.0
570,altruism,4,45.0
570,cooperation,0,85.0
570,cooperation,1,85.0
570,cooperation,2,85.0
570,cooperation,3,85.0
570,cooperation,4,90.0
570,modesty,0,65.0
570,modesty,1,65.0
570,modesty,2,65.0
570,modesty,3,65.0
570,modesty,4,65.0
570,sympathy,0,65.0
570,sympathy,1,65.0
570,sympathy,2,65.0
570,sympathy,3,65.0
570,sympathy,4,65.0
571,trust,0,65.0
571,trust,1,70.0
571,trust,2,65.0
571,trust,3,65.0
571,trust,4,65.0
571,altruism,0,65.0
571,altruism,1,65.0
571,altruism,2,65.0
571,altruism,3,65.0
571,altruism,4,65.0
571,cooperation,0,75.0
571,cooperation,1,75.0
571,cooperation,2,75.0
571,cooperation,3,85.0
571,cooperation,4,85.0
571,modesty,0,85.0
571,modesty,1,85.0
571,modesty,2,85.0
571,modesty,3,75.0
571,modesty,4,85.0
571,sympathy,0,65.0
571,sympathy,1,65.0
571,sympathy,2,65.0
571,sympathy,3,65.0
571,sympathy,4,65.0
572,trust,0,45.0
572,trust,1,45.0
572,trust,2,45.0
572,trust,3,45.0
572,trust,4,45.0
572,altruism,0,25.0
572,altruism,1,25.0
572,altruism,2,25.0
572,altruism,3,25.0
572,altruism,4,25.0
572,cooperation,0,45.0
572,cooperation,1,45.0
572,cooperation,2,45.0
572,cooperation,3,40.0
572,cooperation,4,45.0
572,modesty,0,45.0
572,modesty,1,45.0
572,modesty,2,45.0
572,modesty,3,65.0
572,modesty,4,45.0
572,sympathy,0,25.0
572,sympathy,1,25.0
572,sympathy,2,25.0
572,sympathy,3,25.0
572,sympathy,4,25.0
573,trust,0,75.0
573,trust,1,75.0
573,trust,2,65.0
573,trust,3,65.0
573,trust,4,65.0
573,altruism,0,65.0
573,altruism,1,65.0
573,altruism,2,65.0
573,altruism,3,65.0
573,altruism,4,65.0
573,cooperation,0,85.0
573,cooperation,1,85.0
573,cooperation,2,85.0
573,cooperation,3,85.0
573,cooperation,4,85.0
573,modesty,0,65.0
573,modesty,1,65.0
573,modesty,2,70.0
573,modesty,3,65.0
573,modesty,4,65.0
573,sympathy,0,65.0
573,sympathy,1,75.0
573,sympathy,2,65.0
573,sympathy,3,65.0
573,sympathy,4,65.0
574,trust,0,70.0
574,trust,1,75.0
574,trust,2,70.0
574,trust,3,75.0
574,trust,4,75.0
574,altruism,0,45.0
574,altruism,1,45.0
574,altruism,2,45.0
574,altruism,3,45.0
574,altruism,4,45.0
574,cooperation,0,85.0
574,cooperation,1,85.0
574,cooperation,2,85.0
574,cooperation,3,85.0
574,cooperation,4,85.0
574,modesty,0,75.0
574,modesty,1,75.0
574,modesty,2,85.0
574,modesty,3,75.0
574,modesty,4,85.0
574,sympathy,0,65.0
574,sympathy,1,65.0
574,sympathy,2,70.0
574,sympathy,3,65.0
574,sympathy,4,65.0
575,trust,0,65.0
575,trust,1,65.0
575,trust,2,75.0
575,trust,3,65.0
575,trust,4,45.0
575,altruism,0,75.0
575,altruism,1,80.0
575,altruism,2,75.0
575,altruism,3,75.0
575,altruism,4,75.0
575,cooperation,0,65.0
575,cooperation,1,65.0
575,cooperation,2,65.0
575,cooperation,3,65.0
575,cooperation,4,65.0
575,modesty,0,65.0
575,modesty,1,65.0
575,modesty,2,45.0
575,modesty,3,65.0
575,modesty,4,45.0
575,sympathy,0,25.0
575,sympathy,1,35.0
575,sympathy,2,25.0
575,sympathy,3,25.0
575,sympathy,4,25.0
576,trust,0,45.0
576,trust,1,45.0
576,trust,2,45.0
576,trust,3,45.0
576,trust,4,45.0
576,altruism,0,45.0
576,altruism,1,45.0
576,altruism,2,65.0
576,altruism,3,45.0
576,altruism,4,45.0
576,cooperation,0,85.0
576,cooperation,1,85.0
576,cooperation,2,85.0
576,cooperation,3,85.0
576,cooperation,4,85.0
576,modesty,0,65.0
576,modesty,1,75.0
576,modesty,2,65.0
576,modesty,3,75.0
576,modesty,4,70.0
576,sympathy,0,45.0
576,sympathy,1,45.0
576,sympathy,2,45.0
576,sympathy,3,45.0
576,sympathy,4,45.0
577,trust,0,75.0
577,trust,1,75.0
577,trust,2,85.0
577,trust,3,85.0
577,trust,4,75.0
577,altruism,0,85.0
577,altruism,1,85.0
577,altruism,2,85.0
577,altruism,3,85.0
577,altruism,4,85.0
577,cooperation,0,85.0
577,cooperation,1,90.0
577,cooperation,2,90.0
577,cooperation,3,90.0
577,cooperation,4,90.0
577,modesty,0,45.0
577,modesty,1,45.0
577,modesty,2,45.0
577,modesty,3,45.0
577,modesty,4,45.0
577,sympathy,0,75.0
577,sympathy,1,75.0
577,sympathy,2,75.0
577,sympathy,3,75.0
577,sympathy,4,75.0
578,trust,0,85.0
578,trust,1,85.0
578,trust,2,85.0
578,trust,3,85.0
578,trust,4,85.0
578,altruism,0,80.0
578,altruism,1,80.0
578,altruism,2,80.0
578,altruism,3,80.0
578,altruism,4,80.0
578,cooperation,0,85.0
578,cooperation,1,85.0
578,cooperation,2,75.0
578,cooperation,3,85.0
578,cooperation,4,85.0
578,modesty,0,45.0
578,modesty,1,45.0
578,modesty,2,45.0
578,modesty,3,65.0
578,modesty,4,45.0
578,sympathy,0,85.0
578,sympathy,1,85.0
578,sympathy,2,85.0
578,sympathy,3,85.0
578,sympathy,4,85.0
579,trust,0,85.0
579,trust,1,85.0
579,trust,2,85.0
579,trust,3,75.0
579,trust,4,90.0
579,altruism,0,90.0
579,altruism,1,90.0
579,altruism,2,90.0
579,altruism,3,90.0
579,altruism,4,90.0
579,cooperation,0,85.0
579,cooperation,1,85.0
579,cooperation,2,85.0
579,cooperation,3,85.0
579,cooperation,4,85.0
579,modesty,0,65.0
579,modesty,1,65.0
579,modesty,2,45.0
579,modesty,3,45.0
579,modesty,4,45.0
579,sympathy,0,90.0
579,sympathy,1,90.0
579,sympathy,2,90.0
579,sympathy,3,90.0
579,sympathy,4,85.0
580,trust,0,65.0
580,trust,1,65.0
580,trust,2,85.0
580,trust,3,65.0
580,trust,4,75.0
580,altruism,0,85.0
580,altruism,1,85.0
580,altruism,2,75.0
580,altruism,3,85.0
580,altruism,4,85.0
580,cooperation,0,85.0
580,cooperation,1,85.0
580,cooperation,2,85.0
580,cooperation,3,85.0
580,cooperation,4,85.0
580,modesty,0,65.0
580,modesty,1,65.0
580,modesty,2,65.0
580,modesty,3,65.0
580,modesty,4,65.0
580,sympathy,0,85.0
580,sympathy,1,85.0
580,sympathy,2,85.0
580,sympathy,3,85.0
580,sympathy,4,85.0
581,trust,0,70.0
581,trust,1,75.0
581,trust,2,65.0
581,trust,3,75.0
581,trust,4,75.0
581,altruism,0,85.0
581,altruism,1,85.0
581,altruism,2,75.0
581,altruism,3,75.0
581,altruism,4,75.0
581,cooperation,0,70.0
581,cooperation,1,75.0
581,cooperation,2,75.0
581,cooperation,3,75.0
581,cooperation,4,70.0
581,modesty,0,75.0
581,modesty,1,75.0
581,modesty,2,85.0
581,modesty,3,75.0
581,modesty,4,65.0
581,sympathy,0,70.0
581,sympathy,1,65.0
581,sympathy,2,65.0
581,sympathy,3,65.0
581,sympathy,4,70.0
582,trust,0,70.0
582,trust,1,70.0
582,trust,2,70.0
582,trust,3,65.0
582,trust,4,70.0
582,altruism,0,75.0
582,altruism,1,80.0
582,altruism,2,75.0
582,altruism,3,75.0
582,altruism,4,75.0
582,cooperation,0,85.0
582,cooperation,1,85.0
582,cooperation,2,85.0
582,cooperation,3,85.0
582,cooperation,4,85.0
582,modesty,0,70.0
582,modesty,1,75.0
582,modesty,2,75.0
582,modesty,3,75.0
582,modesty,4,75.0
582,sympathy,0,65.0
582,sympathy,1,65.0
582,sympathy,2,65.0
582,sympathy,3,65.0
582,sympathy,4,65.0
583,trust,0,75.0
583,trust,1,75.0
583,trust,2,70.0
583,trust,3,75.0
583,trust,4,75.0
583,altruism,0,75.0
583,altruism,1,75.0
583,altruism,2,75.0
583,altruism,3,75.0
583,altruism,4,75.0
583,cooperation,0,65.0
583,cooperation,1,75.0
583,cooperation,2,65.0
583,cooperation,3,75.0
583,cooperation,4,65.0
583,modesty,0,65.0
583,modesty,1,45.0
583,modesty,2,45.0
583,modesty,3,45.0
583,modesty,4,45.0
583,sympathy,0,45.0
583,sympathy,1,45.0
583,sympathy,2,45.0
583,sympathy,3,45.0
583,sympathy,4,45.0
584,trust,0,75.0
584,trust,1,75.0
584,trust,2,65.0
584,trust,3,65.0
584,trust,4,65.0
584,altruism,0,25.0
584,altruism,1,40.0
584,altruism,2,40.0
584,altruism,3,25.0
584,altruism,4,40.0
584,cooperation,0,65.0
584,cooperation,1,65.0
584,cooperation,2,65.0
584,cooperation,3,65.0
584,cooperation,4,65.0
584,modesty,0,45.0
584,modesty,1,45.0
584,modesty,2,45.0
584,modesty,3,45.0
584,modesty,4,45.0
584,sympathy,0,65.0
584,sympathy,1,65.0
584,sympathy,2,65.0
584,sympathy,3,65.0
584,sympathy,4,65.0
585,trust,0,75.0
585,trust,1,75.0
585,trust,2,75.0
585,trust,3,75.0
585,trust,4,75.0
585,altruism,0,85.0
585,altruism,1,80.0
585,altruism,2,85.0
585,altruism,3,85.0
585,altruism,4,85.0
585,cooperation,0,85.0
585,cooperation,1,85.0
585,cooperation,2,85.0
585,cooperation,3,85.0
585,cooperation,4,85.0
585,modesty,0,65.0
585,modesty,1,65.0
585,modesty,2,65.0
585,modesty,3,65.0
585,modesty,4,75.0
585,sympathy,0,65.0
585,sympathy,1,65.0
585,sympathy,2,65.0
585,sympathy,3,65.0
585,sympathy,4,65.0
586,trust,0,40.0
586,trust,1,65.0
586,trust,2,65.0
586,trust,3,65.0
586,trust,4,65.0
586,altruism,0,75.0
586,altruism,1,65.0
586,altruism,2,85.0
586,altruism,3,65.0
586,altruism,4,65.0
586,cooperation,0,85.0
586,cooperation,1,85.0
586,cooperation,2,85.0
586,cooperation,3,85.0
586,cooperation,4,85.0
586,modesty,0,45.0
586,modesty,1,45.0
586,modesty,2,45.0
586,modesty,3,45.0
586,modesty,4,45.0
586,sympathy,0,65.0
586,sympathy,1,45.0
586,sympathy,2,45.0
586,sympathy,3,65.0
586,sympathy,4,65.0
587,trust,0,80.0
587,trust,1,75.0
587,trust,2,75.0
587,trust,3,70.0
587,trust,4,75.0
587,altruism,0,85.0
587,altruism,1,75.0
587,altruism,2,75.0
587,altruism,3,85.0
587,altruism,4,85.0
587,cooperation,0,85.0
587,cooperation,1,75.0
587,cooperation,2,85.0
587,cooperation,3,85.0
587,cooperation,4,85.0
587,modesty,0,75.0
587,modesty,1,75.0
587,modesty,2,75.0
587,modesty,3,75.0
587,modesty,4,75.0
587,sympathy,0,45.0
587,sympathy,1,75.0
587,sympathy,2,75.0
587,sympathy,3,75.0
587,sympathy,4,45.0
588,trust,0,70.0
588,trust,1,65.0
588,trust,2,75.0
588,trust,3,70.0
588,trust,4,70.0
588,altruism,0,75.0
588,altruism,1,75.0
588,altruism,2,75.0
588,altruism,3,75.0
588,altruism,4,75.0
588,cooperation,0,85.0
588,cooperation,1,85.0
588,cooperation,2,85.0
588,cooperation,3,85.0
588,cooperation,4,75.0
588,modesty,0,85.0
588,modesty,1,75.0
588,modesty,2,75.0
588,modesty,3,85.0
588,modesty,4,75.0
588,sympathy,0,65.0
588,sympathy,1,65.0
588,sympathy,2,65.0
588,sympathy,3,65.0
588,sympathy,4,65.0
589,trust,0,65.0
589,trust,1,75.0
589,trust,2,70.0
589,trust,3,65.0
589,trust,4,70.0
589,altruism,0,65.0
589,altruism,1,65.0
589,altruism,2,65.0
589,altruism,3,65.0
589,altruism,4,65.0
589,cooperation,0,75.0
589,cooperation,1,75.0
589,cooperation,2,75.0
589,cooperation,3,85.0
589,cooperation,4,75.0
589,modesty,0,65.0
589,modesty,1,75.0
589,modesty,2,65.0
589,modesty,3,65.0
589,modesty,4,65.0
589,sympathy,0,45.0
589,sympathy,1,45.0
589,sympathy,2,45.0
589,sympathy,3,45.0
589,sympathy,4,45.0
590,trust,0,65.0
590,trust,1,60.0
590,trust,2,65.0
590,trust,3,60.0
590,trust,4,65.0
590,altruism,0,65.0
590,altruism,1,65.0
590,altruism,2,65.0
590,altruism,3,65.0
590,altruism,4,65.0
590,cooperation,0,75.0
590,cooperation,1,85.0
590,cooperation,2,65.0
590,cooperation,3,85.0
590,cooperation,4,85.0
590,modesty,0,65.0
590,modesty,1,65.0
590,modesty,2,65.0
590,modesty,3,65.0
590,modesty,4,65.0
590,sympathy,0,45.0
590,sympathy,1,45.0
590,sympathy,2,65.0
590,sympathy,3,45.0
590,sympathy,4,45.0
591,trust,0,75.0
591,trust,1,65.0
591,trust,2,75.0
591,trust,3,75.0
591,trust,4,75.0
591,altruism,0,30.0
591,altruism,1,40.0
591,altruism,2,40.0
591,altruism,3,40.0
591,altruism,4,30.0
591,cooperation,0,45.0
591,cooperation,1,65.0
591,cooperation,2,45.0
591,cooperation,3,45.0
591,cooperation,4,45.0
591,modesty,0,65.0
591,modesty,1,65.0
591,modesty,2,45.0
591,modesty,3,45.0
591,modesty,4,45.0
591,sympathy,0,25.0
591,sympathy,1,45.0
591,sympathy,2,45.0
591,sympathy,3,45.0
591,sympathy,4,45.0
592,trust,0,45.0
592,trust,1,45.0
592,trust,2,45.0
592,trust,3,45.0
592,trust,4,45.0
592,altruism,0,25.0
592,altruism,1,40.0
592,altruism,2,40.0
592,altruism,3,45.0
592,altruism,4,45.0
592,cooperation,0,80.0
592,cooperation,1,75.0
592,cooperation,2,75.0
592,cooperation,3,75.0
592,cooperation,4,75.0
592,modesty,0,85.0
592,modesty,1,85.0
592,modesty,2,85.0
592,modesty,3,85.0
592,modesty,4,85.0
592,sympathy,0,65.0
592,sympathy,1,65.0
592,sympathy,2,65.0
592,sympathy,3,65.0
592,sympathy,4,65.0
593,trust,0,65.0
593,trust,1,65.0
593,trust,2,65.0
593,trust,3,65.0
593,trust,4,65.0
593,altruism,0,65.0
593,altruism,1,65.0
593,altruism,2,65.0
593,altruism,3,65.0
593,altruism,4,65.0
593,cooperation,0,85.0
593,cooperation,1,85.0
593,cooperation,2,85.0
593,cooperation,3,85.0
593,cooperation,4,85.0
593,modesty,0,65.0
593,modesty,1,65.0
593,modesty,2,65.0
593,modesty,3,65.0
593,modesty,4,65.0
593,sympathy,0,65.0
593,sympathy,1,65.0
593,sympathy,2,65.0
593,sympathy,3,45.0
593,sympathy,4,65.0
594,trust,0,85.0
594,trust,1,85.0
594,trust,2,85.0
594,trust,3,85.0
594,trust,4,85.0
594,altruism,0,85.0
594,altruism,1,85.0
594,altruism,2,85.0
594,altruism,3,85.0
594,altruism,4,85.0
594,cooperation,0,85.0
594,cooperation,1,85.0
594,cooperation,2,85.0
594,cooperation,3,85.0
594,cooperation,4,85.0
594,modesty,0,75.0
594,modesty,1,85.0
594,modesty,2,85.0
594,modesty,3,75.0
594,modesty,4,75.0
594,sympathy,0,65.0
594,sympathy,1,65.0
594,sympathy,2,65.0
594,sympathy,3,65.0
594,sympathy,4,65.0
595,trust,0,75.0
595,trust,1,75.0
595,trust,2,75.0
595,trust,3,75.0
595,trust,4,75.0
595,altruism,0,65.0
595,altruism,1,65.0
595,altruism,2,45.0
595,altruism,3,65.0
595,altruism,4,65.0
595,cooperation,0,85.0
595,cooperation,1,75.0
595,cooperation,2,85.0
595,cooperation,3,85.0
595,cooperation,4,85.0
595,modesty,0,65.0
595,modesty,1,70.0
595,modesty,2,65.0
595,modesty,3,65.0
595,modesty,4,65.0
595,sympathy,0,45.0
595,sympathy,1,45.0
595,sympathy,2,45.0
595,sympathy,3,45.0
595,sympathy,4,45.0
596,trust,0,65.0
596,trust,1,65.0
596,trust,2,65.0
596,trust,3,65.0
596,trust,4,65.0
596,altruism,0,75.0
596,altruism,1,75.0
596,altruism,2,75.0
596,altruism,3,75.0
596,altruism,4,75.0
596,cooperation,0,85.0
596,cooperation,1,85.0
596,cooperation,2,75.0
596,cooperation,3,85.0
596,cooperation,4,85.0
596,modesty,0,75.0
596,modesty,1,75.0
596,modesty,2,75.0
596,modesty,3,75.0
596,modesty,4,75.0
596,sympathy,0,75.0
596,sympathy,1,75.0
596,sympathy,2,75.0
596,sympathy,3,75.0
596,sympathy,4,75.0
597,trust,0,85.0
597,trust,1,85.0
597,trust,2,80.0
597,trust,3,75.0
597,trust,4,80.0
597,altruism,0,85.0
597,altruism,1,90.0
597,altruism,2,90.0
597,altruism,3,85.0
597,altruism,4,90.0
597,cooperation,0,85.0
597,cooperation,1,85.0
597,cooperation,2,85.0
597,cooperation,3,85.0
597,cooperation,4,90.0
597,modesty,0,65.0
597,modesty,1,65.0
597,modesty,2,60.0
597,modesty,3,55.0
597,modesty,4,65.0
597,sympathy,0,75.0
597,sympathy,1,75.0
597,sympathy,2,75.0
597,sympathy,3,65.0
597,sympathy,4,85.0
598,trust,0,65.0
598,trust,1,65.0
598,trust,2,65.0
598,trust,3,65.0
598,trust,4,65.0
598,altruism,0,85.0
598,altruism,1,75.0
598,altruism,2,75.0
598,altruism,3,75.0
598,altruism,4,75.0
598,cooperation,0,90.0
598,cooperation,1,85.0
598,cooperation,2,85.0
598,cooperation,3,85.0
598,cooperation,4,85.0
598,modesty,0,65.0
598,modesty,1,65.0
598,modesty,2,65.0
598,modesty,3,65.0
598,modesty,4,65.0
598,sympathy,0,85.0
598,sympathy,1,85.0
598,sympathy,2,85.0
598,sympathy,3,85.0
598,sympathy,4,85.0
599,trust,0,75.0
599,trust,1,75.0
599,trust,2,85.0
599,trust,3,75.0
599,trust,4,85.0
599,altruism,0,70.0
599,altruism,1,70.0
599,altruism,2,70.0
599,altruism,3,70.0
599,altruism,4,70.0
599,cooperation,0,85.0
599,cooperation,1,85.0
599,cooperation,2,75.0
599,cooperation,3,75.0
599,cooperation,4,80.0
599,modesty,0,65.0
599,modesty,1,65.0
599,modesty,2,45.0
599,modesty,3,45.0
599,modesty,4,65.0
599,sympathy,0,45.0
599,sympathy,1,45.0
599,sympathy,2,45.0
599,sympathy,3,45.0
599,sympathy,4,45.0
600,trust,0,70.0
600,trust,1,80.0
600,trust,2,80.0
600,trust,3,75.0
600,trust,4,80.0
600,altruism,0,45.0
600,altruism,1,45.0
600,altruism,2,45.0
600,altruism,3,45.0
600,altruism,4,65.0
600,cooperation,0,65.0
600,cooperation,1,65.0
600,cooperation,2,75.0
600,cooperation,3,80.0
600,cooperation,4,75.0
600,modesty,0,40.0
600,modesty,1,45.0
600,modesty,2,45.0
600,modesty,3,40.0
600,modesty,4,45.0
600,sympathy,0,65.0
600,sympathy,1,45.0
600,sympathy,2,65.0
600,sympathy,3,65.0
600,sympathy,4,65.0
601,trust,0,65.0
601,trust,1,75.0
601,trust,2,65.0
601,trust,3,65.0
601,trust,4,75.0
601,altruism,0,85.0
601,altruism,1,85.0
601,altruism,2,85.0
601,altruism,3,85.0
601,altruism,4,85.0
601,cooperation,0,85.0
601,cooperation,1,85.0
601,cooperation,2,85.0
601,cooperation,3,85.0
601,cooperation,4,85.0
601,modesty,0,85.0
601,modesty,1,85.0
601,modesty,2,85.0
601,modesty,3,85.0
601,modesty,4,85.0
601,sympathy,0,85.0
601,sympathy,1,85.0
601,sympathy,2,85.0
601,sympathy,3,85.0
601,sympathy,4,85.0
602,trust,0,45.0
602,trust,1,45.0
602,trust,2,60.0
602,trust,3,45.0
602,trust,4,45.0
602,altruism,0,30.0
602,altruism,1,30.0
602,altruism,2,30.0
602,altruism,3,30.0
602,altruism,4,35.0
602,cooperation,0,75.0
602,cooperation,1,75.0
602,cooperation,2,85.0
602,cooperation,3,80.0
602,cooperation,4,70.0
602,modesty,0,65.0
602,modesty,1,65.0
602,modesty,2,70.0
602,modesty,3,75.0
602,modesty,4,65.0
602,sympathy,0,45.0
602,sympathy,1,45.0
602,sympathy,2,45.0
602,sympathy,3,45.0
602,sympathy,4,45.0
603,trust,0,45.0
603,trust,1,45.0
603,trust,2,45.0
603,trust,3,45.0
603,trust,4,45.0
603,altruism,0,40.0
603,altruism,1,45.0
603,altruism,2,40.0
603,altruism,3,40.0
603,altruism,4,40.0
603,cooperation,0,70.0
603,cooperation,1,75.0
603,cooperation,2,75.0
603,cooperation,3,75.0
603,cooperation,4,70.0
603,modesty,0,65.0
603,modesty,1,65.0
603,modesty,2,65.0
603,modesty,3,65.0
603,modesty,4,65.0
603,sympathy,0,65.0
603,sympathy,1,65.0
603,sympathy,2,65.0
603,sympathy,3,65.0
603,sympathy,4,65.0
604,trust,0,45.0
604,trust,1,60.0
604,trust,2,65.0
604,trust,3,45.0
604,trust,4,45.0
604,altruism,0,25.0
604,altruism,1,25.0
604,altruism,2,25.0
604,altruism,3,30.0
604,altruism,4,35.0
604,cooperation,0,45.0
604,cooperation,1,65.0
604,cooperation,2,45.0
604,cooperation,3,65.0
604,cooperation,4,45.0
604,modesty,0,65.0
604,modesty,1,70.0
604,modesty,2,65.0
604,modesty,3,65.0
604,modesty,4,65.0
604,sympathy,0,65.0
604,sympathy,1,75.0
604,sympathy,2,65.0
604,sympathy,3,65.0
604,sympathy,4,65.0
605,trust,0,25.0
605,trust,1,25.0
605,trust,2,40.0
605,trust,3,25.0
605,trust,4,25.0
605,altruism,0,75.0
605,altruism,1,70.0
605,altruism,2,75.0
605,altruism,3,70.0
605,altruism,4,70.0
605,cooperation,0,40.0
605,cooperation,1,25.0
605,cooperation,2,40.0
605,cooperation,3,25.0
605,cooperation,4,40.0
605,modesty,0,45.0
605,modesty,1,40.0
605,modesty,2,45.0
605,modesty,3,45.0
605,modesty,4,40.0
605,sympathy,0,25.0
605,sympathy,1,25.0
605,sympathy,2,25.0
605,sympathy,3,25.0
605,sympathy,4,25.0
606,trust,0,25.0
606,trust,1,25.0
606,trust,2,25.0
606,trust,3,25.0
606,trust,4,25.0
606,altruism,0,25.0
606,altruism,1,25.0
606,altruism,2,25.0
606,altruism,3,25.0
606,altruism,4,25.0
606,cooperation,0,25.0
606,cooperation,1,35.0
606,cooperation,2,30.0
606,cooperation,3,25.0
606,cooperation,4,45.0
606,modesty,0,45.0
606,modesty,1,45.0
606,modesty,2,45.0
606,modesty,3,45.0
606,modesty,4,45.0
606,sympathy,0,25.0
606,sympathy,1,25.0
606,sympathy,2,30.0
606,sympathy,3,25.0
606,sympathy,4,25.0
607,trust,0,65.0
607,trust,1,65.0
607,trust,2,65.0
607,trust,3,65.0
607,trust,4,65.0
607,altruism,0,90.0
607,altruism,1,85.0
607,altruism,2,85.0
607,altruism,3,85.0
607,altruism,4,85.0
607,cooperation,0,65.0
607,cooperation,1,65.0
607,cooperation,2,65.0
607,cooperation,3,75.0
607,cooperation,4,65.0
607,modesty,0,45.0
607,modesty,1,45.0
607,modesty,2,45.0
607,modesty,3,45.0
607,modesty,4,45.0
607,sympathy,0,75.0
607,sympathy,1,75.0
607,sympathy,2,70.0
607,sympathy,3,75.0
607,sympathy,4,75.0
608,trust,0,45.0
608,trust,1,25.0
608,trust,2,25.0
608,trust,3,45.0
608,trust,4,25.0
608,altruism,0,65.0
608,altruism,1,65.0
608,altruism,2,65.0
608,altruism,3,65.0
608,altruism,4,65.0
608,cooperation,0,65.0
608,cooperation,1,65.0
608,cooperation,2,70.0
608,cooperation,3,65.0
608,cooperation,4,65.0
608,modesty,0,45.0
608,modesty,1,60.0
608,modesty,2,45.0
608,modesty,3,55.0
608,modesty,4,45.0
608,sympathy,0,85.0
608,sympathy,1,85.0
608,sympathy,2,85.0
608,sympathy,3,85.0
608,sympathy,4,85.0
609,trust,0,75.0
609,trust,1,75.0
609,trust,2,75.0
609,trust,3,75.0
609,trust,4,75.0
609,altruism,0,90.0
609,altruism,1,90.0
609,altruism,2,90.0
609,altruism,3,90.0
609,altruism,4,90.0
609,cooperation,0,85.0
609,cooperation,1,85.0
609,cooperation,2,85.0
609,cooperation,3,85.0
609,cooperation,4,75.0
609,modesty,0,65.0
609,modesty,1,65.0
609,modesty,2,65.0
609,modesty,3,65.0
609,modesty,4,65.0
609,sympathy,0,85.0
609,sympathy,1,85.0
609,sympathy,2,85.0
609,sympathy,3,85.0
609,sympathy,4,85.0
610,trust,0,90.0
610,trust,1,90.0
610,trust,2,85.0
610,trust,3,90.0
610,trust,4,90.0
610,altruism,0,90.0
610,altruism,1,90.0
610,altruism,2,90.0
610,altruism,3,90.0
610,altruism,4,90.0
610,cooperation,0,25.0
610,cooperation,1,40.0
610,cooperation,2,25.0
610,cooperation,3,40.0
610,cooperation,4,25.0
610,modesty,0,40.0
610,modesty,1,35.0
610,modesty,2,40.0
610,modesty,3,30.0
610,modesty,4,40.0
610,sympathy,0,90.0
610,sympathy,1,90.0
610,sympathy,2,90.0
610,sympathy,3,90.0
610,sympathy,4,90.0
611,trust,0,85.0
611,trust,1,85.0
611,trust,2,85.0
611,trust,3,85.0
611,trust,4,85.0
611,altruism,0,85.0
611,altruism,1,85.0
611,altruism,2,85.0
611,altruism,3,85.0
611,altruism,4,85.0
611,cooperation,0,65.0
611,cooperation,1,45.0
611,cooperation,2,65.0
611,cooperation,3,65.0
611,cooperation,4,65.0
611,modesty,0,45.0
611,modesty,1,65.0
611,modesty,2,45.0
611,modesty,3,45.0
611,modesty,4,45.0
611,sympathy,0,65.0
611,sympathy,1,65.0
611,sympathy,2,65.0
611,sympathy,3,65.0
611,sympathy,4,65.0
612,trust,0,65.0
612,trust,1,65.0
612,trust,2,65.0
612,trust,3,65.0
612,trust,4,65.0
612,altruism,0,80.0
612,altruism,1,75.0
612,altruism,2,80.0
612,altruism,3,75.0
612,altruism,4,75.0
612,cooperation,0,65.0
612,cooperation,1,65.0
612,cooperation,2,65.0
612,cooperation,3,65.0
612,cooperation,4,65.0
612,modesty,0,40.0
612,modesty,1,45.0
612,modesty,2,45.0
612,modesty,3,45.0
612,modesty,4,45.0
612,sympathy,0,65.0
612,sympathy,1,65.0
612,sympathy,2,65.0
612,sympathy,3,65.0
612,sympathy,4,65.0
613,trust,0,75.0
613,trust,1,85.0
613,trust,2,85.0
613,trust,3,85.0
613,trust,4,75.0
613,altruism,0,85.0
613,altruism,1,85.0
613,altruism,2,85.0
613,altruism,3,85.0
613,altruism,4,85.0
613,cooperation,0,35.0
613,cooperation,1,35.0
613,cooperation,2,40.0
613,cooperation,3,30.0
613,cooperation,4,40.0
613,modesty,0,45.0
613,modesty,1,35.0
613,modesty,2,40.0
613,modesty,3,45.0
613,modesty,4,45.0
613,sympathy,0,40.0
613,sympathy,1,40.0
613,sympathy,2,40.0
613,sympathy,3,40.0
613,sympathy,4,40.0
614,trust,0,75.0
614,trust,1,70.0
614,trust,2,75.0
614,trust,3,75.0
614,trust,4,75.0
614,altruism,0,45.0
614,altruism,1,65.0
614,altruism,2,45.0
614,altruism,3,55.0
614,altruism,4,45.0
614,cooperation,0,75.0
614,cooperation,1,85.0
614,cooperation,2,75.0
614,cooperation,3,75.0
614,cooperation,4,75.0
614,modesty,0,65.0
614,modesty,1,65.0
614,modesty,2,65.0
614,modesty,3,65.0
614,modesty,4,70.0
614,sympathy,0,65.0
614,sympathy,1,45.0
614,sympathy,2,65.0
614,sympathy,3,65.0
614,sympathy,4,65.0
615,trust,0,85.0
615,trust,1,85.0
615,trust,2,85.0
615,trust,3,85.0
615,trust,4,80.0
615,altruism,0,85.0
615,altruism,1,85.0
615,altruism,2,85.0
615,altruism,3,85.0
615,altruism,4,85.0
615,cooperation,0,90.0
615,cooperation,1,90.0
615,cooperation,2,90.0
615,cooperation,3,90.0
615,cooperation,4,90.0
615,modesty,0,75.0
615,modesty,1,70.0
615,modesty,2,75.0
615,modesty,3,75.0
615,modesty,4,70.0
615,sympathy,0,85.0
615,sympathy,1,85.0
615,sympathy,2,85.0
615,sympathy,3,85.0
615,sympathy,4,85.0
616,trust,0,85.0
616,trust,1,85.0
616,trust,2,75.0
616,trust,3,85.0
616,trust,4,85.0
616,altruism,0,85.0
616,altruism,1,65.0
616,altruism,2,80.0
616,altruism,3,65.0
616,altruism,4,65.0
616,cooperation,0,80.0
616,cooperation,1,80.0
616,cooperation,2,85.0
616,cooperation,3,80.0
616,cooperation,4,85.0
616,modesty,0,65.0
616,modesty,1,65.0
616,modesty,2,65.0
616,modesty,3,65.0
616,modesty,4,65.0
616,sympathy,0,75.0
616,sympathy,1,85.0
616,sympathy,2,75.0
616,sympathy,3,75.0
616,sympathy,4,75.0
617,trust,0,65.0
617,trust,1,65.0
617,trust,2,65.0
617,trust,3,70.0
617,trust,4,65.0
617,altruism,0,65.0
617,altruism,1,75.0
617,altruism,2,75.0
617,altruism,3,75.0
617,altruism,4,65.0
617,cooperation,0,75.0
617,cooperation,1,75.0
617,cooperation,2,75.0
617,cooperation,3,85.0
617,cooperation,4,75.0
617,modesty,0,65.0
617,modesty,1,75.0
617,modesty,2,65.0
617,modesty,3,70.0
617,modesty,4,65.0
617,sympathy,0,85.0
617,sympathy,1,85.0
617,sympathy,2,75.0
617,sympathy,3,85.0
617,sympathy,4,85.0
618,trust,0,75.0
618,trust,1,75.0
618,trust,2,75.0
618,trust,3,75.0
618,trust,4,70.0
618,altruism,0,75.0
618,altruism,1,75.0
618,altruism,2,70.0
618,altruism,3,75.0
618,altruism,4,75.0
618,cooperation,0,65.0
618,cooperation,1,65.0
618,cooperation,2,65.0
618,cooperation,3,65.0
618,cooperation,4,65.0
618,modesty,0,65.0
618,modesty,1,65.0
618,modesty,2,65.0
618,modesty,3,65.0
618,modesty,4,65.0
618,sympathy,0,45.0
618,sympathy,1,45.0
618,sympathy,2,45.0
618,sympathy,3,45.0
618,sympathy,4,45.0
619,trust,0,40.0
619,trust,1,40.0
619,trust,2,40.0
619,trust,3,40.0
619,trust,4,40.0
619,altruism,0,25.0
619,altruism,1,25.0
619,altruism,2,25.0
619,altruism,3,25.0
619,altruism,4,25.0
619,cooperation,0,85.0
619,cooperation,1,85.0
619,cooperation,2,85.0
619,cooperation,3,85.0
619,cooperation,4,85.0
619,modesty,0,75.0
619,modesty,1,75.0
619,modesty,2,75.0
619,modesty,3,75.0
619,modesty,4,75.0
619,sympathy,0,45.0
619,sympathy,1,45.0
619,sympathy,2,45.0
619,sympathy,3,45.0
619,sympathy,4,45.0
620,trust,0,45.0
620,trust,1,45.0
620,trust,2,45.0
620,trust,3,45.0
620,trust,4,45.0
620,altruism,0,35.0
620,altruism,1,45.0
620,altruism,2,45.0
620,altruism,3,40.0
620,altruism,4,40.0
620,cooperation,0,85.0
620,cooperation,1,85.0
620,cooperation,2,85.0
620,cooperation,3,85.0
620,cooperation,4,85.0
620,modesty,0,65.0
620,modesty,1,75.0
620,modesty,2,75.0
620,modesty,3,75.0
620,modesty,4,85.0
620,sympathy,0,45.0
620,sympathy,1,45.0
620,sympathy,2,45.0
620,sympathy,3,45.0
620,sympathy,4,45.0
621,trust,0,45.0
621,trust,1,45.0
621,trust,2,45.0
621,trust,3,45.0
621,trust,4,45.0
621,altruism,0,25.0
621,altruism,1,25.0
621,altruism,2,25.0
621,altruism,3,25.0
621,altruism,4,25.0
621,cooperation,0,25.0
621,cooperation,1,25.0
621,cooperation,2,25.0
621,cooperation,3,25.0
621,cooperation,4,25.0
621,modesty,0,25.0
621,modesty,1,25.0
621,modesty,2,25.0
621,modesty,3,25.0
621,modesty,4,25.0
621,sympathy,0,45.0
621,sympathy,1,25.0
621,sympathy,2,25.0
621,sympathy,3,25.0
621,sympathy,4,25.0
622,trust,0,45.0
622,trust,1,45.0
622,trust,2,45.0
622,trust,3,45.0
622,trust,4,45.0
622,altruism,0,35.0
622,altruism,1,35.0
622,altruism,2,35.0
622,altruism,3,35.0
622,altruism,4,35.0
622,cooperation,0,75.0
622,cooperation,1,75.0
622,cooperation,2,75.0
622,cooperation,3,75.0
622,cooperation,4,75.0
622,modesty,0,75.0
622,modesty,1,75.0
622,modesty,2,75.0
622,modesty,3,75.0
622,modesty,4,75.0
622,sympathy,0,65.0
622,sympathy,1,65.0
622,sympathy,2,65.0
622,sympathy,3,65.0
622,sympathy,4,65.0
623,trust,0,75.0
623,trust,1,75.0
623,trust,2,75.0
623,trust,3,75.0
623,trust,4,75.0
623,altruism,0,85.0
623,altruism,1,85.0
623,altruism,2,85.0
623,altruism,3,85.0
623,altruism,4,85.0
623,cooperation,0,85.0
623,cooperation,1,85.0
623,cooperation,2,85.0
623,cooperation,3,85.0
623,cooperation,4,85.0
623,modesty,0,65.0
623,modesty,1,65.0
623,modesty,2,65.0
623,modesty,3,65.0
623,modesty,4,65.0
623,sympathy,0,85.0
623,sympathy,1,75.0
623,sympathy,2,75.0
623,sympathy,3,75.0
623,sympathy,4,75.0
624,trust,0,75.0
624,trust,1,85.0
624,trust,2,85.0
624,trust,3,85.0
624,trust,4,85.0
624,altruism,0,85.0
624,altruism,1,85.0
624,altruism,2,85.0
624,altruism,3,85.0
624,altruism,4,85.0
624,cooperation,0,65.0
624,cooperation,1,65.0
624,cooperation,2,65.0
624,cooperation,3,65.0
624,cooperation,4,65.0
624,modesty,0,45.0
624,modesty,1,45.0
624,modesty,2,45.0
624,modesty,3,45.0
624,modesty,4,45.0
624,sympathy,0,45.0
624,sympathy,1,45.0
624,sympathy,2,65.0
624,sympathy,3,45.0
624,sympathy,4,65.0
625,trust,0,80.0
625,trust,1,85.0
625,trust,2,85.0
625,trust,3,85.0
625,trust,4,85.0
625,altruism,0,75.0
625,altruism,1,75.0
625,altruism,2,75.0
625,altruism,3,75.0
625,altruism,4,75.0
625,cooperation,0,70.0
625,cooperation,1,65.0
625,cooperation,2,65.0
625,cooperation,3,65.0
625,cooperation,4,75.0
625,modesty,0,65.0
625,modesty,1,70.0
625,modesty,2,65.0
625,modesty,3,60.0
625,modesty,4,65.0
625,sympathy,0,45.0
625,sympathy,1,45.0
625,sympathy,2,45.0
625,sympathy,3,45.0
625,sympathy,4,45.0
626,trust,0,65.0
626,trust,1,65.0
626,trust,2,65.0
626,trust,3,65.0
626,trust,4,65.0
626,altruism,0,75.0
626,altruism,1,75.0
626,altruism,2,75.0
626,altruism,3,75.0
626,altruism,4,75.0
626,cooperation,0,85.0
626,cooperation,1,85.0
626,cooperation,2,85.0
626,cooperation,3,85.0
626,cooperation,4,85.0
626,modesty,0,85.0
626,modesty,1,75.0
626,modesty,2,85.0
626,modesty,3,75.0
626,modesty,4,75.0
626,sympathy,0,75.0
626,sympathy,1,75.0
626,sympathy,2,75.0
626,sympathy,3,75.0
626,sympathy,4,75.0
627,trust,0,85.0
627,trust,1,85.0
627,trust,2,85.0
627,trust,3,85.0
627,trust,4,85.0
627,altruism,0,90.0
627,altruism,1,90.0
627,altruism,2,90.0
627,altruism,3,90.0
627,altruism,4,90.0
627,cooperation,0,95.0
627,cooperation,1,90.0
627,cooperation,2,90.0
627,cooperation,3,90.0
627,cooperation,4,90.0
627,modesty,0,85.0
627,modesty,1,85.0
627,modesty,2,85.0
627,modesty,3,85.0
627,modesty,4,70.0
627,sympathy,0,85.0
627,sympathy,1,90.0
627,sympathy,2,90.0
627,sympathy,3,85.0
627,sympathy,4,90.0
628,trust,0,65.0
628,trust,1,65.0
628,trust,2,65.0
628,trust,3,65.0
628,trust,4,65.0
628,altruism,0,85.0
628,altruism,1,85.0
628,altruism,2,90.0
628,altruism,3,85.0
628,altruism,4,85.0
628,cooperation,0,90.0
628,cooperation,1,85.0
628,cooperation,2,85.0
628,cooperation,3,85.0
628,cooperation,4,90.0
628,modesty,0,45.0
628,modesty,1,45.0
628,modesty,2,45.0
628,modesty,3,45.0
628,modesty,4,45.0
628,sympathy,0,85.0
628,sympathy,1,85.0
628,sympathy,2,85.0
628,sympathy,3,85.0
628,sympathy,4,85.0
629,trust,0,65.0
629,trust,1,65.0
629,trust,2,85.0
629,trust,3,80.0
629,trust,4,80.0
629,altruism,0,65.0
629,altruism,1,65.0
629,altruism,2,65.0
629,altruism,3,65.0
629,altruism,4,45.0
629,cooperation,0,75.0
629,cooperation,1,65.0
629,cooperation,2,75.0
629,cooperation,3,75.0
629,cooperation,4,75.0
629,modesty,0,45.0
629,modesty,1,45.0
629,modesty,2,55.0
629,modesty,3,55.0
629,modesty,4,55.0
629,sympathy,0,35.0
629,sympathy,1,35.0
629,sympathy,2,35.0
629,sympathy,3,35.0
629,sympathy,4,35.0
630,trust,0,75.0
630,trust,1,75.0
630,trust,2,75.0
630,trust,3,75.0
630,trust,4,75.0
630,altruism,0,45.0
630,altruism,1,45.0
630,altruism,2,45.0
630,altruism,3,45.0
630,altruism,4,45.0
630,cooperation,0,85.0
630,cooperation,1,85.0
630,cooperation,2,85.0
630,cooperation,3,80.0
630,cooperation,4,85.0
630,modesty,0,65.0
630,modesty,1,65.0
630,modesty,2,65.0
630,modesty,3,65.0
630,modesty,4,65.0
630,sympathy,0,65.0
630,sympathy,1,65.0
630,sympathy,2,65.0
630,sympathy,3,65.0
630,sympathy,4,65.0
631,trust,0,65.0
631,trust,1,65.0
631,trust,2,65.0
631,trust,3,65.0
631,trust,4,65.0
631,altruism,0,45.0
631,altruism,1,45.0
631,altruism,2,45.0
631,altruism,3,45.0
631,altruism,4,45.0
631,cooperation,0,75.0
631,cooperation,1,75.0
631,cooperation,2,85.0
631,cooperation,3,75.0
631,cooperation,4,85.0
631,modesty,0,85.0
631,modesty,1,85.0
631,modesty,2,85.0
631,modesty,3,85.0
631,modesty,4,85.0
631,sympathy,0,65.0
631,sympathy,1,75.0
631,sympathy,2,65.0
631,sympathy,3,65.0
631,sympathy,4,65.0
632,trust,0,45.0
632,trust,1,45.0
632,trust,2,45.0
632,trust,3,45.0
632,trust,4,50.0
632,altruism,0,45.0
632,altruism,1,40.0
632,altruism,2,45.0
632,altruism,3,45.0
632,altruism,4,35.0
632,cooperation,0,65.0
632,cooperation,1,65.0
632,cooperation,2,65.0
632,cooperation,3,65.0
632,cooperation,4,55.0
632,modesty,0,85.0
632,modesty,1,85.0
632,modesty,2,75.0
632,modesty,3,85.0
632,modesty,4,85.0
632,sympathy,0,45.0
632,sympathy,1,45.0
632,sympathy,2,45.0
632,sympathy,3,45.0
632,sympathy,4,45.0
633,trust,0,45.0
633,trust,1,45.0
633,trust,2,45.0
633,trust,3,45.0
633,trust,4,45.0
633,altruism,0,35.0
633,altruism,1,35.0
633,altruism,2,35.0
633,altruism,3,30.0
633,altruism,4,25.0
633,cooperation,0,55.0
633,cooperation,1,45.0
633,cooperation,2,45.0
633,cooperation,3,45.0
633,cooperation,4,25.0
633,modesty,0,45.0
633,modesty,1,45.0
633,modesty,2,45.0
633,modesty,3,45.0
633,modesty,4,45.0
633,sympathy,0,45.0
633,sympathy,1,25.0
633,sympathy,2,30.0
633,sympathy,3,25.0
633,sympathy,4,25.0
634,trust,0,65.0
634,trust,1,65.0
634,trust,2,65.0
634,trust,3,70.0
634,trust,4,70.0
634,altruism,0,45.0
634,altruism,1,45.0
634,altruism,2,45.0
634,altruism,3,45.0
634,altruism,4,65.0
634,cooperation,0,85.0
634,cooperation,1,85.0
634,cooperation,2,85.0
634,cooperation,3,85.0
634,cooperation,4,85.0
634,modesty,0,85.0
634,modesty,1,85.0
634,modesty,2,85.0
634,modesty,3,85.0
634,modesty,4,85.0
634,sympathy,0,75.0
634,sympathy,1,75.0
634,sympathy,2,75.0
634,sympathy,3,75.0
634,sympathy,4,75.0
635,trust,0,45.0
635,trust,1,45.0
635,trust,2,45.0
635,trust,3,65.0
635,trust,4,45.0
635,altruism,0,65.0
635,altruism,1,65.0
635,altruism,2,65.0
635,altruism,3,65.0
635,altruism,4,65.0
635,cooperation,0,45.0
635,cooperation,1,45.0
635,cooperation,2,45.0
635,cooperation,3,45.0
635,cooperation,4,45.0
635,modesty,0,45.0
635,modesty,1,45.0
635,modesty,2,45.0
635,modesty,3,45.0
635,modesty,4,45.0
635,sympathy,0,25.0
635,sympathy,1,25.0
635,sympathy,2,30.0
635,sympathy,3,25.0
635,sympathy,4,45.0
636,trust,0,45.0
636,trust,1,40.0
636,trust,2,45.0
636,trust,3,45.0
636,trust,4,45.0
636,altruism,0,40.0
636,altruism,1,40.0
636,altruism,2,40.0
636,altruism,3,40.0
636,altruism,4,40.0
636,cooperation,0,75.0
636,cooperation,1,65.0
636,cooperation,2,65.0
636,cooperation,3,75.0
636,cooperation,4,65.0
636,modesty,0,65.0
636,modesty,1,75.0
636,modesty,2,65.0
636,modesty,3,75.0
636,modesty,4,65.0
636,sympathy,0,45.0
636,sympathy,1,45.0
636,sympathy,2,65.0
636,sympathy,3,65.0
636,sympathy,4,65.0
637,trust,0,75.0
637,trust,1,65.0
637,trust,2,75.0
637,trust,3,75.0
637,trust,4,70.0
637,altruism,0,75.0
637,altruism,1,75.0
637,altruism,2,75.0
637,altruism,3,75.0
637,altruism,4,75.0
637,cooperation,0,85.0
637,cooperation,1,85.0
637,cooperation,2,85.0
637,cooperation,3,85.0
637,cooperation,4,85.0
637,modesty,0,65.0
637,modesty,1,75.0
637,modesty,2,75.0
637,modesty,3,70.0
637,modesty,4,65.0
637,sympathy,0,65.0
637,sympathy,1,65.0
637,sympathy,2,65.0
637,sympathy,3,65.0
637,sympathy,4,65.0
638,trust,0,70.0
638,trust,1,70.0
638,trust,2,70.0
638,trust,3,65.0
638,trust,4,65.0
638,altruism,0,70.0
638,altruism,1,75.0
638,altruism,2,65.0
638,altruism,3,65.0
638,altruism,4,65.0
638,cooperation,0,85.0
638,cooperation,1,85.0
638,cooperation,2,85.0
638,cooperation,3,85.0
638,cooperation,4,85.0
638,modesty,0,85.0
638,modesty,1,85.0
638,modesty,2,85.0
638,modesty,3,85.0
638,modesty,4,90.0
638,sympathy,0,85.0
638,sympathy,1,85.0
638,sympathy,2,85.0
638,sympathy,3,85.0
638,sympathy,4,85.0
639,trust,0,75.0
639,trust,1,70.0
639,trust,2,80.0
639,trust,3,70.0
639,trust,4,70.0
639,altruism,0,85.0
639,altruism,1,85.0
639,altruism,2,85.0
639,altruism,3,85.0
639,altruism,4,85.0
639,cooperation,0,85.0
639,cooperation,1,85.0
639,cooperation,2,85.0
639,cooperation,3,85.0
639,cooperation,4,85.0
639,modesty,0,65.0
639,modesty,1,65.0
639,modesty,2,65.0
639,modesty,3,65.0
639,modesty,4,65.0
639,sympathy,0,75.0
639,sympathy,1,75.0
639,sympathy,2,85.0
639,sympathy,3,75.0
639,sympathy,4,75.0
640,trust,0,65.0
640,trust,1,65.0
640,trust,2,65.0
640,trust,3,65.0
640,trust,4,65.0
640,altruism,0,85.0
640,altruism,1,85.0
640,altruism,2,85.0
640,altruism,3,85.0
640,altruism,4,85.0
640,cooperation,0,85.0
640,cooperation,1,85.0
640,cooperation,2,85.0
640,cooperation,3,85.0
640,cooperation,4,85.0
640,modesty,0,65.0
640,modesty,1,65.0
640,modesty,2,75.0
640,modesty,3,65.0
640,modesty,4,65.0
640,sympathy,0,65.0
640,sympathy,1,75.0
640,sympathy,2,85.0
640,sympathy,3,75.0
640,sympathy,4,75.0
641,trust,0,65.0
641,trust,1,65.0
641,trust,2,65.0
641,trust,3,65.0
641,trust,4,65.0
641,altruism,0,65.0
641,altruism,1,75.0
641,altruism,2,65.0
641,altruism,3,65.0
641,altruism,4,65.0
641,cooperation,0,85.0
641,cooperation,1,85.0
641,cooperation,2,85.0
641,cooperation,3,85.0
641,cooperation,4,85.0
641,modesty,0,85.0
641,modesty,1,65.0
641,modesty,2,70.0
641,modesty,3,75.0
641,modesty,4,75.0
641,sympathy,0,85.0
641,sympathy,1,85.0
641,sympathy,2,85.0
641,sympathy,3,90.0
641,sympathy,4,85.0
642,trust,0,70.0
642,trust,1,75.0
642,trust,2,70.0
642,trust,3,65.0
642,trust,4,70.0
642,altruism,0,85.0
642,altruism,1,85.0
642,altruism,2,85.0
642,altruism,3,75.0
642,altruism,4,85.0
642,cooperation,0,85.0
642,cooperation,1,85.0
642,cooperation,2,85.0
642,cooperation,3,85.0
642,cooperation,4,85.0
642,modesty,0,75.0
642,modesty,1,75.0
642,modesty,2,85.0
642,modesty,3,75.0
642,modesty,4,75.0
642,sympathy,0,75.0
642,sympathy,1,70.0
642,sympathy,2,65.0
642,sympathy,3,75.0
642,sympathy,4,70.0
643,trust,0,65.0
643,trust,1,65.0
643,trust,2,65.0
643,trust,3,70.0
643,trust,4,65.0
643,altruism,0,65.0
643,altruism,1,65.0
643,altruism,2,65.0
643,altruism,3,65.0
643,altruism,4,70.0
643,cooperation,0,75.0
643,cooperation,1,75.0
643,cooperation,2,75.0
643,cooperation,3,75.0
643,cooperation,4,65.0
643,modesty,0,65.0
643,modesty,1,65.0
643,modesty,2,65.0
643,modesty,3,65.0
643,modesty,4,65.0
643,sympathy,0,45.0
643,sympathy,1,45.0
643,sympathy,2,45.0
643,sympathy,3,45.0
643,sympathy,4,45.0
644,trust,0,70.0
644,trust,1,75.0
644,trust,2,70.0
644,trust,3,70.0
644,trust,4,70.0
644,altruism,0,45.0
644,altruism,1,45.0
644,altruism,2,45.0
644,altruism,3,45.0
644,altruism,4,45.0
644,cooperation,0,75.0
644,cooperation,1,75.0
644,cooperation,2,75.0
644,cooperation,3,75.0
644,cooperation,4,75.0
644,modesty,0,70.0
644,modesty,1,70.0
644,modesty,2,75.0
644,modesty,3,75.0
644,modesty,4,70.0
644,sympathy,0,65.0
644,sympathy,1,65.0
644,sympathy,2,65.0
644,sympathy,3,65.0
644,sympathy,4,65.0
645,trust,0,75.0
645,trust,1,75.0
645,trust,2,75.0
645,trust,3,75.0
645,trust,4,75.0
645,altruism,0,85.0
645,altruism,1,85.0
645,altruism,2,85.0
645,altruism,3,85.0
645,altruism,4,85.0
645,cooperation,0,85.0
645,cooperation,1,85.0
645,cooperation,2,85.0
645,cooperation,3,85.0
645,cooperation,4,85.0
645,modesty,0,65.0
645,modesty,1,75.0
645,modesty,2,75.0
645,modesty,3,75.0
645,modesty,4,65.0
645,sympathy,0,75.0
645,sympathy,1,75.0
645,sympathy,2,75.0
645,sympathy,3,75.0
645,sympathy,4,75.0
646,trust,0,65.0
646,trust,1,65.0
646,trust,2,75.0
646,trust,3,65.0
646,trust,4,65.0
646,altruism,0,65.0
646,altruism,1,65.0
646,altruism,2,65.0
646,altruism,3,65.0
646,altruism,4,65.0
646,cooperation,0,85.0
646,cooperation,1,85.0
646,cooperation,2,85.0
646,cooperation,3,85.0
646,cooperation,4,85.0
646,modesty,0,65.0
646,modesty,1,75.0
646,modesty,2,75.0
646,modesty,3,75.0
646,modesty,4,75.0
646,sympathy,0,65.0
646,sympathy,1,75.0
646,sympathy,2,75.0
646,sympathy,3,75.0
646,sympathy,4,75.0
647,trust,0,45.0
647,trust,1,45.0
647,trust,2,40.0
647,trust,3,45.0
647,trust,4,45.0
647,altruism,0,40.0
647,altruism,1,45.0
647,altruism,2,45.0
647,altruism,3,45.0
647,altruism,4,45.0
647,cooperation,0,85.0
647,cooperation,1,85.0
647,cooperation,2,85.0
647,cooperation,3,85.0
647,cooperation,4,85.0
647,modesty,0,85.0
647,modesty,1,85.0
647,modesty,2,85.0
647,modesty,3,85.0
647,modesty,4,85.0
647,sympathy,0,75.0
647,sympathy,1,75.0
647,sympathy,2,75.0
647,sympathy,3,75.0
647,sympathy,4,75.0
648,trust,0,65.0
648,trust,1,65.0
648,trust,2,65.0
648,trust,3,65.0
648,trust,4,65.0
648,altruism,0,85.0
648,altruism,1,85.0
648,altruism,2,85.0
648,altruism,3,90.0
648,altruism,4,85.0
648,cooperation,0,85.0
648,cooperation,1,85.0
648,cooperation,2,85.0
648,cooperation,3,85.0
648,cooperation,4,85.0
648,modesty,0,85.0
648,modesty,1,85.0
648,modesty,2,85.0
648,modesty,3,85.0
648,modesty,4,85.0
648,sympathy,0,65.0
648,sympathy,1,65.0
648,sympathy,2,65.0
648,sympathy,3,75.0
648,sympathy,4,75.0
649,trust,0,45.0
649,trust,1,45.0
649,trust,2,45.0
649,trust,3,45.0
649,trust,4,45.0
649,altruism,0,30.0
649,altruism,1,25.0
649,altruism,2,25.0
649,altruism,3,25.0
649,altruism,4,40.0
649,cooperation,0,85.0
649,cooperation,1,85.0
649,cooperation,2,85.0
649,cooperation,3,85.0
649,cooperation,4,85.0
649,modesty,0,75.0
649,modesty,1,75.0
649,modesty,2,75.0
649,modesty,3,75.0
649,modesty,4,75.0
649,sympathy,0,30.0
649,sympathy,1,30.0
649,sympathy,2,30.0
649,sympathy,3,30.0
649,sympathy,4,35.0
650,trust,0,40.0
650,trust,1,40.0
650,trust,2,45.0
650,trust,3,40.0
650,trust,4,40.0
650,altruism,0,45.0
650,altruism,1,45.0
650,altruism,2,40.0
650,altruism,3,40.0
650,altruism,4,45.0
650,cooperation,0,85.0
650,cooperation,1,85.0
650,cooperation,2,85.0
650,cooperation,3,85.0
650,cooperation,4,85.0
650,modesty,0,85.0
650,modesty,1,85.0
650,modesty,2,85.0
650,modesty,3,85.0
650,modesty,4,85.0
650,sympathy,0,65.0
650,sympathy,1,65.0
650,sympathy,2,65.0
650,sympathy,3,65.0
650,sympathy,4,65.0
651,trust,0,65.0
651,trust,1,65.0
651,trust,2,65.0
651,trust,3,65.0
651,trust,4,65.0
651,altruism,0,65.0
651,altruism,1,65.0
651,altruism,2,65.0
651,altruism,3,65.0
651,altruism,4,65.0
651,cooperation,0,75.0
651,cooperation,1,85.0
651,cooperation,2,75.0
651,cooperation,3,75.0
651,cooperation,4,75.0
651,modesty,0,75.0
651,modesty,1,75.0
651,modesty,2,75.0
651,modesty,3,75.0
651,modesty,4,75.0
651,sympathy,0,65.0
651,sympathy,1,65.0
651,sympathy,2,65.0
651,sympathy,3,65.0
651,sympathy,4,65.0
652,trust,0,45.0
652,trust,1,45.0
652,trust,2,45.0
652,trust,3,45.0
652,trust,4,45.0
652,altruism,0,25.0
652,altruism,1,25.0
652,altruism,2,25.0
652,altruism,3,30.0
652,altruism,4,25.0
652,cooperation,0,65.0
652,cooperation,1,65.0
652,cooperation,2,65.0
652,cooperation,3,65.0
652,cooperation,4,65.0
652,modesty,0,65.0
652,modesty,1,65.0
652,modesty,2,65.0
652,modesty,3,65.0
652,modesty,4,65.0
652,sympathy,0,45.0
652,sympathy,1,45.0
652,sympathy,2,45.0
652,sympathy,3,65.0
652,sympathy,4,65.0
653,trust,0,75.0
653,trust,1,65.0
653,trust,2,75.0
653,trust,3,75.0
653,trust,4,75.0
653,altruism,0,75.0
653,altruism,1,75.0
653,altruism,2,75.0
653,altruism,3,75.0
653,altruism,4,75.0
653,cooperation,0,90.0
653,cooperation,1,90.0
653,cooperation,2,90.0
653,cooperation,3,85.0
653,cooperation,4,90.0
653,modesty,0,75.0
653,modesty,1,70.0
653,modesty,2,70.0
653,modesty,3,75.0
653,modesty,4,75.0
653,sympathy,0,65.0
653,sympathy,1,65.0
653,sympathy,2,65.0
653,sympathy,3,65.0
653,sympathy,4,65.0
654,trust,0,70.0
654,trust,1,70.0
654,trust,2,65.0
654,trust,3,65.0
654,trust,4,65.0
654,altruism,0,65.0
654,altruism,1,70.0
654,altruism,2,75.0
654,altruism,3,70.0
654,altruism,4,65.0
654,cooperation,0,80.0
654,cooperation,1,75.0
654,cooperation,2,75.0
654,cooperation,3,75.0
654,cooperation,4,75.0
654,modesty,0,85.0
654,modesty,1,75.0
654,modesty,2,85.0
654,modesty,3,85.0
654,modesty,4,85.0
654,sympathy,0,45.0
654,sympathy,1,45.0
654,sympathy,2,45.0
654,sympathy,3,65.0
654,sympathy,4,45.0
655,trust,0,60.0
655,trust,1,60.0
655,trust,2,60.0
655,trust,3,60.0
655,trust,4,60.0
655,altruism,0,45.0
655,altruism,1,65.0
655,altruism,2,45.0
655,altruism,3,45.0
655,altruism,4,45.0
655,cooperation,0,75.0
655,cooperation,1,65.0
655,cooperation,2,75.0
655,cooperation,3,65.0
655,cooperation,4,65.0
655,modesty,0,65.0
655,modesty,1,65.0
655,modesty,2,75.0
655,modesty,3,65.0
655,modesty,4,65.0
655,sympathy,0,45.0
655,sympathy,1,45.0
655,sympathy,2,45.0
655,sympathy,3,45.0
655,sympathy,4,45.0
656,trust,0,55.0
656,trust,1,60.0
656,trust,2,55.0
656,trust,3,65.0
656,trust,4,60.0
656,altruism,0,65.0
656,altruism,1,65.0
656,altruism,2,70.0
656,altruism,3,65.0
656,altruism,4,70.0
656,cooperation,0,75.0
656,cooperation,1,75.0
656,cooperation,2,75.0
656,cooperation,3,75.0
656,cooperation,4,75.0
656,modesty,0,75.0
656,modesty,1,75.0
656,modesty,2,75.0
656,modesty,3,75.0
656,modesty,4,75.0
656,sympathy,0,65.0
656,sympathy,1,65.0
656,sympathy,2,65.0
656,sympathy,3,65.0
656,sympathy,4,65.0
657,trust,0,75.0
657,trust,1,85.0
657,trust,2,75.0
657,trust,3,85.0
657,trust,4,85.0
657,altruism,0,95.0
657,altruism,1,95.0
657,altruism,2,95.0
657,altruism,3,90.0
657,altruism,4,95.0
657,cooperation,0,90.0
657,cooperation,1,90.0
657,cooperation,2,90.0
657,cooperation,3,90.0
657,cooperation,4,90.0
657,modesty,0,65.0
657,modesty,1,65.0
657,modesty,2,65.0
657,modesty,3,65.0
657,modesty,4,65.0
657,sympathy,0,90.0
657,sympathy,1,90.0
657,sympathy,2,90.0
657,sympathy,3,95.0
657,sympathy,4,90.0
658,trust,0,85.0
658,trust,1,85.0
658,trust,2,85.0
658,trust,3,85.0
658,trust,4,85.0
658,altruism,0,85.0
658,altruism,1,85.0
658,altruism,2,85.0
658,altruism,3,85.0
658,altruism,4,85.0
658,cooperation,0,90.0
658,cooperation,1,90.0
658,cooperation,2,90.0
658,cooperation,3,90.0
658,cooperation,4,90.0
658,modesty,0,65.0
658,modesty,1,65.0
658,modesty,2,65.0
658,modesty,3,65.0
658,modesty,4,65.0
658,sympathy,0,85.0
658,sympathy,1,85.0
658,sympathy,2,85.0
658,sympathy,3,90.0
658,sympathy,4,85.0
659,trust,0,85.0
659,trust,1,75.0
659,trust,2,75.0
659,trust,3,75.0
659,trust,4,75.0
659,altruism,0,45.0
659,altruism,1,45.0
659,altruism,2,45.0
659,altruism,3,45.0
659,altruism,4,65.0
659,cooperation,0,65.0
659,cooperation,1,65.0
659,cooperation,2,65.0
659,cooperation,3,65.0
659,cooperation,4,65.0
659,modesty,0,65.0
659,modesty,1,50.0
659,modesty,2,45.0
659,modesty,3,45.0
659,modesty,4,65.0
659,sympathy,0,45.0
659,sympathy,1,45.0
659,sympathy,2,45.0
659,sympathy,3,45.0
659,sympathy,4,45.0
660,trust,0,75.0
660,trust,1,85.0
660,trust,2,85.0
660,trust,3,75.0
660,trust,4,75.0
660,altruism,0,35.0
660,altruism,1,45.0
660,altruism,2,35.0
660,altruism,3,30.0
660,altruism,4,30.0
660,cooperation,0,65.0
660,cooperation,1,65.0
660,cooperation,2,75.0
660,cooperation,3,65.0
660,cooperation,4,65.0
660,modesty,0,65.0
660,modesty,1,65.0
660,modesty,2,65.0
660,modesty,3,65.0
660,modesty,4,65.0
660,sympathy,0,45.0
660,sympathy,1,45.0
660,sympathy,2,45.0
660,sympathy,3,45.0
660,sympathy,4,45.0
661,trust,0,45.0
661,trust,1,55.0
661,trust,2,55.0
661,trust,3,45.0
661,trust,4,55.0
661,altruism,0,40.0
661,altruism,1,40.0
661,altruism,2,45.0
661,altruism,3,45.0
661,altruism,4,65.0
661,cooperation,0,75.0
661,cooperation,1,75.0
661,cooperation,2,75.0
661,cooperation,3,75.0
661,cooperation,4,75.0
661,modesty,0,75.0
661,modesty,1,75.0
661,modesty,2,75.0
661,modesty,3,75.0
661,modesty,4,75.0
661,sympathy,0,65.0
661,sympathy,1,65.0
661,sympathy,2,65.0
661,sympathy,3,65.0
661,sympathy,4,65.0
662,trust,0,45.0
662,trust,1,45.0
662,trust,2,45.0
662,trust,3,45.0
662,trust,4,45.0
662,altruism,0,25.0
662,altruism,1,25.0
662,altruism,2,25.0
662,altruism,3,25.0
662,altruism,4,25.0
662,cooperation,0,45.0
662,cooperation,1,45.0
662,cooperation,2,45.0
662,cooperation,3,45.0
662,cooperation,4,45.0
662,modesty,0,45.0
662,modesty,1,45.0
662,modesty,2,45.0
662,modesty,3,45.0
662,modesty,4,45.0
662,sympathy,0,25.0
662,sympathy,1,25.0
662,sympathy,2,25.0
662,sympathy,3,25.0
662,sympathy,4,25.0
663,trust,0,25.0
663,trust,1,25.0
663,trust,2,25.0
663,trust,3,25.0
663,trust,4,25.0
663,altruism,0,25.0
663,altruism,1,25.0
663,altruism,2,25.0
663,altruism,3,25.0
663,altruism,4,25.0
663,cooperation,0,25.0
663,cooperation,1,25.0
663,cooperation,2,25.0
663,cooperation,3,35.0
663,cooperation,4,40.0
663,modesty,0,45.0
663,modesty,1,45.0
663,modesty,2,45.0
663,modesty,3,45.0
663,modesty,4,45.0
663,sympathy,0,25.0
663,sympathy,1,25.0
663,sympathy,2,25.0
663,sympathy,3,25.0
663,sympathy,4,25.0
664,trust,0,45.0
664,trust,1,45.0
664,trust,2,45.0
664,trust,3,45.0
664,trust,4,45.0
664,altruism,0,30.0
664,altruism,1,30.0
664,altruism,2,30.0
664,altruism,3,35.0
664,altruism,4,35.0
664,cooperation,0,65.0
664,cooperation,1,65.0
664,cooperation,2,65.0
664,cooperation,3,65.0
664,cooperation,4,65.0
664,modesty,0,70.0
664,modesty,1,85.0
664,modesty,2,70.0
664,modesty,3,70.0
664,modesty,4,85.0
664,sympathy,0,45.0
664,sympathy,1,65.0
664,sympathy,2,45.0
664,sympathy,3,65.0
664,sympathy,4,65.0
665,trust,0,25.0
665,trust,1,25.0
665,trust,2,25.0
665,trust,3,25.0
665,trust,4,25.0
665,altruism,0,25.0
665,altruism,1,25.0
665,altruism,2,25.0
665,altruism,3,25.0
665,altruism,4,25.0
665,cooperation,0,25.0
665,cooperation,1,25.0
665,cooperation,2,25.0
665,cooperation,3,25.0
665,cooperation,4,25.0
665,modesty,0,30.0
665,modesty,1,30.0
665,modesty,2,30.0
665,modesty,3,30.0
665,modesty,4,30.0
665,sympathy,0,10.0
665,sympathy,1,10.0
665,sympathy,2,25.0
665,sympathy,3,0.0
665,sympathy,4,0.0
666,trust,0,40.0
666,trust,1,40.0
666,trust,2,45.0
666,trust,3,45.0
666,trust,4,40.0
666,altruism,0,40.0
666,altruism,1,40.0
666,altruism,2,35.0
666,altruism,3,45.0
666,altruism,4,40.0
666,cooperation,0,65.0
666,cooperation,1,65.0
666,cooperation,2,65.0
666,cooperation,3,65.0
666,cooperation,4,65.0
666,modesty,0,65.0
666,modesty,1,65.0
666,modesty,2,65.0
666,modesty,3,65.0
666,modesty,4,65.0
666,sympathy,0,45.0
666,sympathy,1,45.0
666,sympathy,2,45.0
666,sympathy,3,45.0
666,sympathy,4,45.0
667,trust,0,45.0
667,trust,1,45.0
667,trust,2,45.0
667,trust,3,45.0
667,trust,4,45.0
667,altruism,0,75.0
667,altruism,1,70.0
667,altruism,2,70.0
667,altruism,3,75.0
667,altruism,4,75.0
667,cooperation,0,40.0
667,cooperation,1,45.0
667,cooperation,2,40.0
667,cooperation,3,45.0
667,cooperation,4,40.0
667,modesty,0,45.0
667,modesty,1,45.0
667,modesty,2,40.0
667,modesty,3,40.0
667,modesty,4,45.0
667,sympathy,0,25.0
667,sympathy,1,25.0
667,sympathy,2,25.0
667,sympathy,3,30.0
667,sympathy,4,25.0
668,trust,0,75.0
668,trust,1,75.0
668,trust,2,75.0
668,trust,3,80.0
668,trust,4,75.0
668,altruism,0,70.0
668,altruism,1,75.0
668,altruism,2,75.0
668,altruism,3,70.0
668,altruism,4,70.0
668,cooperation,0,85.0
668,cooperation,1,80.0
668,cooperation,2,85.0
668,cooperation,3,85.0
668,cooperation,4,75.0
668,modesty,0,65.0
668,modesty,1,65.0
668,modesty,2,65.0
668,modesty,3,65.0
668,modesty,4,65.0
668,sympathy,0,75.0
668,sympathy,1,75.0
668,sympathy,2,75.0
668,sympathy,3,75.0
668,sympathy,4,70.0
669,trust,0,75.0
669,trust,1,85.0
669,trust,2,85.0
669,trust,3,75.0
669,trust,4,85.0
669,altruism,0,85.0
669,altruism,1,85.0
669,altruism,2,85.0
669,altruism,3,85.0
669,altruism,4,85.0
669,cooperation,0,85.0
669,cooperation,1,85.0
669,cooperation,2,85.0
669,cooperation,3,90.0
669,cooperation,4,85.0
669,modesty,0,65.0
669,modesty,1,65.0
669,modesty,2,65.0
669,modesty,3,65.0
669,modesty,4,75.0
669,sympathy,0,85.0
669,sympathy,1,85.0
669,sympathy,2,85.0
669,sympathy,3,85.0
669,sympathy,4,85.0
670,trust,0,85.0
670,trust,1,85.0
670,trust,2,85.0
670,trust,3,85.0
670,trust,4,85.0
670,altruism,0,85.0
670,altruism,1,85.0
670,altruism,2,85.0
670,altruism,3,85.0
670,altruism,4,85.0
670,cooperation,0,85.0
670,cooperation,1,85.0
670,cooperation,2,65.0
670,cooperation,3,85.0
670,cooperation,4,85.0
670,modesty,0,45.0
670,modesty,1,45.0
670,modesty,2,45.0
670,modesty,3,55.0
670,modesty,4,45.0
670,sympathy,0,85.0
670,sympathy,1,85.0
670,sympathy,2,85.0
670,sympathy,3,85.0
670,sympathy,4,85.0
671,trust,0,65.0
671,trust,1,65.0
671,trust,2,65.0
671,trust,3,65.0
671,trust,4,65.0
671,altruism,0,65.0
671,altruism,1,75.0
671,altruism,2,75.0
671,altruism,3,65.0
671,altruism,4,70.0
671,cooperation,0,65.0
671,cooperation,1,65.0
671,cooperation,2,60.0
671,cooperation,3,65.0
671,cooperation,4,65.0
671,modesty,0,65.0
671,modesty,1,65.0
671,modesty,2,65.0
671,modesty,3,65.0
671,modesty,4,65.0
671,sympathy,0,85.0
671,sympathy,1,65.0
671,sympathy,2,65.0
671,sympathy,3,65.0
671,sympathy,4,65.0
672,trust,0,85.0
672,trust,1,80.0
672,trust,2,80.0
672,trust,3,85.0
672,trust,4,85.0
672,altruism,0,85.0
672,altruism,1,70.0
672,altruism,2,70.0
672,altruism,3,80.0
672,altruism,4,80.0
672,cooperation,0,45.0
672,cooperation,1,45.0
672,cooperation,2,45.0
672,cooperation,3,45.0
672,cooperation,4,45.0
672,modesty,0,45.0
672,modesty,1,40.0
672,modesty,2,40.0
672,modesty,3,40.0
672,modesty,4,45.0
672,sympathy,0,40.0
672,sympathy,1,45.0
672,sympathy,2,40.0
672,sympathy,3,45.0
672,sympathy,4,40.0
673,trust,0,25.0
673,trust,1,25.0
673,trust,2,25.0
673,trust,3,25.0
673,trust,4,25.0
673,altruism,0,65.0
673,altruism,1,65.0
673,altruism,2,65.0
673,altruism,3,65.0
673,altruism,4,65.0
673,cooperation,0,25.0
673,cooperation,1,25.0
673,cooperation,2,25.0
673,cooperation,3,25.0
673,cooperation,4,25.0
673,modesty,0,45.0
673,modesty,1,45.0
673,modesty,2,40.0
673,modesty,3,40.0
673,modesty,4,45.0
673,sympathy,0,25.0
673,sympathy,1,25.0
673,sympathy,2,25.0
673,sympathy,3,25.0
673,sympathy,4,25.0
674,trust,0,65.0
674,trust,1,65.0
674,trust,2,65.0
674,trust,3,65.0
674,trust,4,65.0
674,altruism,0,30.0
674,altruism,1,30.0
674,altruism,2,30.0
674,altruism,3,30.0
674,altruism,4,30.0
674,cooperation,0,75.0
674,cooperation,1,75.0
674,cooperation,2,65.0
674,cooperation,3,65.0
674,cooperation,4,65.0
674,modesty,0,75.0
674,modesty,1,70.0
674,modesty,2,70.0
674,modesty,3,75.0
674,modesty,4,75.0
674,sympathy,0,45.0
674,sympathy,1,45.0
674,sympathy,2,45.0
674,sympathy,3,45.0
674,sympathy,4,45.0
675,trust,0,65.0
675,trust,1,65.0
675,trust,2,65.0
675,trust,3,65.0
675,trust,4,65.0
675,altruism,0,70.0
675,altruism,1,75.0
675,altruism,2,75.0
675,altruism,3,70.0
675,altruism,4,70.0
675,cooperation,0,30.0
675,cooperation,1,30.0
675,cooperation,2,30.0
675,cooperation,3,45.0
675,cooperation,4,40.0
675,modesty,0,45.0
675,modesty,1,45.0
675,modesty,2,45.0
675,modesty,3,45.0
675,modesty,4,45.0
675,sympathy,0,25.0
675,sympathy,1,30.0
675,sympathy,2,45.0
675,sympathy,3,45.0
675,sympathy,4,45.0
676,trust,0,65.0
676,trust,1,65.0
676,trust,2,65.0
676,trust,3,65.0
676,trust,4,65.0
676,altruism,0,85.0
676,altruism,1,85.0
676,altruism,2,85.0
676,altruism,3,85.0
676,altruism,4,85.0
676,cooperation,0,85.0
676,cooperation,1,85.0
676,cooperation,2,85.0
676,cooperation,3,85.0
676,cooperation,4,85.0
676,modesty,0,75.0
676,modesty,1,75.0
676,modesty,2,75.0
676,modesty,3,75.0
676,modesty,4,75.0
676,sympathy,0,85.0
676,sympathy,1,85.0
676,sympathy,2,85.0
676,sympathy,3,85.0
676,sympathy,4,85.0
677,trust,0,75.0
677,trust,1,70.0
677,trust,2,70.0
677,trust,3,70.0
677,trust,4,70.0
677,altruism,0,75.0
677,altruism,1,70.0
677,altruism,2,75.0
677,altruism,3,75.0
677,altruism,4,75.0
677,cooperation,0,75.0
677,cooperation,1,75.0
677,cooperation,2,75.0
677,cooperation,3,75.0
677,cooperation,4,75.0
677,modesty,0,75.0
677,modesty,1,75.0
677,modesty,2,75.0
677,modesty,3,75.0
677,modesty,4,75.0
677,sympathy,0,75.0
677,sympathy,1,75.0
677,sympathy,2,75.0
677,sympathy,3,65.0
677,sympathy,4,75.0
678,trust,0,25.0
678,trust,1,25.0
678,trust,2,25.0
678,trust,3,25.0
678,trust,4,25.0
678,altruism,0,25.0
678,altruism,1,25.0
678,altruism,2,25.0
678,altruism,3,25.0
678,altruism,4,25.0
678,cooperation,0,40.0
678,cooperation,1,30.0
678,cooperation,2,25.0
678,cooperation,3,40.0
678,cooperation,4,40.0
678,modesty,0,35.0
678,modesty,1,35.0
678,modesty,2,35.0
678,modesty,3,40.0
678,modesty,4,35.0
678,sympathy,0,25.0
678,sympathy,1,25.0
678,sympathy,2,25.0
678,sympathy,3,25.0
678,sympathy,4,25.0
679,trust,0,45.0
679,trust,1,45.0
679,trust,2,45.0
679,trust,3,45.0
679,trust,4,45.0
679,altruism,0,40.0
679,altruism,1,45.0
679,altruism,2,40.0
679,altruism,3,45.0
679,altruism,4,40.0
679,cooperation,0,65.0
679,cooperation,1,65.0
679,cooperation,2,75.0
679,cooperation,3,65.0
679,cooperation,4,65.0
679,modesty,0,45.0
679,modesty,1,45.0
679,modesty,2,45.0
679,modesty,3,45.0
679,modesty,4,45.0
679,sympathy,0,45.0
679,sympathy,1,45.0
679,sympathy,2,45.0
679,sympathy,3,45.0
679,sympathy,4,45.0
680,trust,0,85.0
680,trust,1,85.0
680,trust,2,85.0
680,trust,3,85.0
680,trust,4,85.0
680,altruism,0,85.0
680,altruism,1,85.0
680,altruism,2,85.0
680,altruism,3,85.0
680,altruism,4,85.0
680,cooperation,0,25.0
680,cooperation,1,25.0
680,cooperation,2,25.0
680,cooperation,3,25.0
680,cooperation,4,25.0
680,modesty,0,40.0
680,modesty,1,30.0
680,modesty,2,30.0
680,modesty,3,30.0
680,modesty,4,40.0
680,sympathy,0,25.0
680,sympathy,1,25.0
680,sympathy,2,25.0
680,sympathy,3,25.0
680,sympathy,4,65.0
681,trust,0,65.0
681,trust,1,55.0
681,trust,2,65.0
681,trust,3,55.0
681,trust,4,65.0
681,altruism,0,65.0
681,altruism,1,65.0
681,altruism,2,65.0
681,altruism,3,65.0
681,altruism,4,65.0
681,cooperation,0,75.0
681,cooperation,1,75.0
681,cooperation,2,75.0
681,cooperation,3,75.0
681,cooperation,4,85.0
681,modesty,0,65.0
681,modesty,1,65.0
681,modesty,2,65.0
681,modesty,3,75.0
681,modesty,4,75.0
681,sympathy,0,65.0
681,sympathy,1,65.0
681,sympathy,2,65.0
681,sympathy,3,65.0
681,sympathy,4,65.0
682,trust,0,65.0
682,trust,1,45.0
682,trust,2,45.0
682,trust,3,25.0
682,trust,4,45.0
682,altruism,0,75.0
682,altruism,1,75.0
682,altruism,2,75.0
682,altruism,3,75.0
682,altruism,4,75.0
682,cooperation,0,85.0
682,cooperation,1,85.0
682,cooperation,2,85.0
682,cooperation,3,85.0
682,cooperation,4,85.0
682,modesty,0,45.0
682,modesty,1,45.0
682,modesty,2,45.0
682,modesty,3,45.0
682,modesty,4,45.0
682,sympathy,0,25.0
682,sympathy,1,25.0
682,sympathy,2,25.0
682,sympathy,3,25.0
682,sympathy,4,25.0
683,trust,0,75.0
683,trust,1,75.0
683,trust,2,75.0
683,trust,3,75.0
683,trust,4,75.0
683,altruism,0,85.0
683,altruism,1,85.0
683,altruism,2,85.0
683,altruism,3,85.0
683,altruism,4,85.0
683,cooperation,0,85.0
683,cooperation,1,85.0
683,cooperation,2,85.0
683,cooperation,3,90.0
683,cooperation,4,85.0
683,modesty,0,85.0
683,modesty,1,85.0
683,modesty,2,85.0
683,modesty,3,85.0
683,modesty,4,85.0
683,sympathy,0,65.0
683,sympathy,1,70.0
683,sympathy,2,70.0
683,sympathy,3,70.0
683,sympathy,4,70.0
684,trust,0,85.0
684,trust,1,85.0
684,trust,2,85.0
684,trust,3,85.0
684,trust,4,80.0
684,altruism,0,75.0
684,altruism,1,75.0
684,altruism,2,75.0
684,altruism,3,75.0
684,altruism,4,75.0
684,cooperation,0,75.0
684,cooperation,1,75.0
684,cooperation,2,85.0
684,cooperation,3,75.0
684,cooperation,4,75.0
684,modesty,0,65.0
684,modesty,1,65.0
684,modesty,2,55.0
684,modesty,3,65.0
684,modesty,4,65.0
684,sympathy,0,65.0
684,sympathy,1,65.0
684,sympathy,2,65.0
684,sympathy,3,65.0
684,sympathy,4,65.0
685,trust,0,85.0
685,trust,1,85.0
685,trust,2,75.0
685,trust,3,85.0
685,trust,4,80.0
685,altruism,0,75.0
685,altruism,1,75.0
685,altruism,2,75.0
685,altruism,3,75.0
685,altruism,4,75.0
685,cooperation,0,75.0
685,cooperation,1,75.0
685,cooperation,2,75.0
685,cooperation,3,75.0
685,cooperation,4,75.0
685,modesty,0,65.0
685,modesty,1,65.0
685,modesty,2,65.0
685,modesty,3,65.0
685,modesty,4,65.0
685,sympathy,0,65.0
685,sympathy,1,65.0
685,sympathy,2,65.0
685,sympathy,3,65.0
685,sympathy,4,65.0
686,trust,0,65.0
686,trust,1,65.0
686,trust,2,75.0
686,trust,3,65.0
686,trust,4,65.0
686,altruism,0,85.0
686,altruism,1,85.0
686,altruism,2,85.0
686,altruism,3,85.0
686,altruism,4,85.0
686,cooperation,0,80.0
686,cooperation,1,85.0
686,cooperation,2,85.0
686,cooperation,3,85.0
686,cooperation,4,80.0
686,modesty,0,45.0
686,modesty,1,45.0
686,modesty,2,45.0
686,modesty,3,60.0
686,modesty,4,65.0
686,sympathy,0,85.0
686,sympathy,1,85.0
686,sympathy,2,85.0
686,sympathy,3,85.0
686,sympathy,4,85.0
687,trust,0,75.0
687,trust,1,60.0
687,trust,2,60.0
687,trust,3,60.0
687,trust,4,60.0
687,altruism,0,85.0
687,altruism,1,85.0
687,altruism,2,85.0
687,altruism,3,85.0
687,altruism,4,85.0
687,cooperation,0,85.0
687,cooperation,1,85.0
687,cooperation,2,85.0
687,cooperation,3,85.0
687,cooperation,4,85.0
687,modesty,0,65.0
687,modesty,1,70.0
687,modesty,2,65.0
687,modesty,3,65.0
687,modesty,4,65.0
687,sympathy,0,85.0
687,sympathy,1,85.0
687,sympathy,2,85.0
687,sympathy,3,85.0
687,sympathy,4,85.0
688,trust,0,85.0
688,trust,1,85.0
688,trust,2,85.0
688,trust,3,85.0
688,trust,4,85.0
688,altruism,0,85.0
688,altruism,1,85.0
688,altruism,2,85.0
688,altruism,3,90.0
688,altruism,4,85.0
688,cooperation,0,90.0
688,cooperation,1,90.0
688,cooperation,2,95.0
688,cooperation,3,90.0
688,cooperation,4,95.0
688,modesty,0,75.0
688,modesty,1,75.0
688,modesty,2,75.0
688,modesty,3,75.0
688,modesty,4,75.0
688,sympathy,0,90.0
688,sympathy,1,90.0
688,sympathy,2,90.0
688,sympathy,3,90.0
688,sympathy,4,85.0
689,trust,0,75.0
689,trust,1,75.0
689,trust,2,80.0
689,trust,3,65.0
689,trust,4,65.0
689,altruism,0,65.0
689,altruism,1,65.0
689,altruism,2,65.0
689,altruism,3,65.0
689,altruism,4,65.0
689,cooperation,0,65.0
689,cooperation,1,65.0
689,cooperation,2,65.0
689,cooperation,3,65.0
689,cooperation,4,65.0
689,modesty,0,65.0
689,modesty,1,65.0
689,modesty,2,65.0
689,modesty,3,65.0
689,modesty,4,65.0
689,sympathy,0,35.0
689,sympathy,1,45.0
689,sympathy,2,45.0
689,sympathy,3,45.0
689,sympathy,4,45.0
690,trust,0,25.0
690,trust,1,25.0
690,trust,2,25.0
690,trust,3,25.0
690,trust,4,25.0
690,altruism,0,25.0
690,altruism,1,25.0
690,altruism,2,25.0
690,altruism,3,25.0
690,altruism,4,25.0
690,cooperation,0,25.0
690,cooperation,1,25.0
690,cooperation,2,25.0
690,cooperation,3,30.0
690,cooperation,4,25.0
690,modesty,0,35.0
690,modesty,1,35.0
690,modesty,2,35.0
690,modesty,3,35.0
690,modesty,4,25.0
690,sympathy,0,0.0
690,sympathy,1,0.0
690,sympathy,2,0.0
690,sympathy,3,0.0
690,sympathy,4,0.0
691,trust,0,75.0
691,trust,1,75.0
691,trust,2,75.0
691,trust,3,75.0
691,trust,4,75.0
691,altruism,0,85.0
691,altruism,1,85.0
691,altruism,2,85.0
691,altruism,3,85.0
691,altruism,4,85.0
691,cooperation,0,85.0
691,cooperation,1,85.0
691,cooperation,2,85.0
691,cooperation,3,85.0
691,cooperation,4,85.0
691,modesty,0,75.0
691,modesty,1,75.0
691,modesty,2,75.0
691,modesty,3,85.0
691,modesty,4,85.0
691,sympathy,0,85.0
691,sympathy,1,85.0
691,sympathy,2,85.0
691,sympathy,3,85.0
691,sympathy,4,85.0
692,trust,0,45.0
692,trust,1,45.0
692,trust,2,45.0
692,trust,3,45.0
692,trust,4,45.0
692,altruism,0,25.0
692,altruism,1,25.0
692,altruism,2,25.0
692,altruism,3,25.0
692,altruism,4,25.0
692,cooperation,0,40.0
692,cooperation,1,40.0
692,cooperation,2,40.0
692,cooperation,3,45.0
692,cooperation,4,40.0
692,modesty,0,45.0
692,modesty,1,45.0
692,modesty,2,45.0
692,modesty,3,45.0
692,modesty,4,45.0
692,sympathy,0,25.0
692,sympathy,1,25.0
692,sympathy,2,25.0
692,sympathy,3,25.0
692,sympathy,4,25.0
693,trust,0,65.0
693,trust,1,65.0
693,trust,2,65.0
693,trust,3,65.0
693,trust,4,65.0
693,altruism,0,30.0
693,altruism,1,30.0
693,altruism,2,30.0
693,altruism,3,30.0
693,altruism,4,30.0
693,cooperation,0,85.0
693,cooperation,1,85.0
693,cooperation,2,85.0
693,cooperation,3,85.0
693,cooperation,4,85.0
693,modesty,0,65.0
693,modesty,1,65.0
693,modesty,2,65.0
693,modesty,3,65.0
693,modesty,4,65.0
693,sympathy,0,25.0
693,sympathy,1,40.0
693,sympathy,2,25.0
693,sympathy,3,40.0
693,sympathy,4,40.0
694,trust,0,45.0
694,trust,1,45.0
694,trust,2,45.0
694,trust,3,45.0
694,trust,4,45.0
694,altruism,0,35.0
694,altruism,1,35.0
694,altruism,2,40.0
694,altruism,3,35.0
694,altruism,4,35.0
694,cooperation,0,45.0
694,cooperation,1,45.0
694,cooperation,2,45.0
694,cooperation,3,40.0
694,cooperation,4,45.0
694,modesty,0,45.0
694,modesty,1,45.0
694,modesty,2,45.0
694,modesty,3,45.0
694,modesty,4,45.0
694,sympathy,0,25.0
694,sympathy,1,25.0
694,sympathy,2,25.0
694,sympathy,3,25.0
694,sympathy,4,25.0
695,trust,0,25.0
695,trust,1,25.0
695,trust,2,25.0
695,trust,3,40.0
695,trust,4,40.0
695,altruism,0,25.0
695,altruism,1,25.0
695,altruism,2,25.0
695,altruism,3,25.0
695,altruism,4,25.0
695,cooperation,0,85.0
695,cooperation,1,85.0
695,cooperation,2,75.0
695,cooperation,3,85.0
695,cooperation,4,75.0
695,modesty,0,65.0
695,modesty,1,65.0
695,modesty,2,65.0
695,modesty,3,65.0
695,modesty,4,65.0
695,sympathy,0,25.0
695,sympathy,1,25.0
695,sympathy,2,25.0
695,sympathy,3,25.0
695,sympathy,4,25.0
696,trust,0,25.0
696,trust,1,25.0
696,trust,2,25.0
696,trust,3,25.0
696,trust,4,25.0
696,altruism,0,25.0
696,altruism,1,25.0
696,altruism,2,25.0
696,altruism,3,25.0
696,altruism,4,25.0
696,cooperation,0,90.0
696,cooperation,1,90.0
696,cooperation,2,90.0
696,cooperation,3,90.0
696,cooperation,4,90.0
696,modesty,0,65.0
696,modesty,1,65.0
696,modesty,2,65.0
696,modesty,3,70.0
696,modesty,4,65.0
696,sympathy,0,25.0
696,sympathy,1,25.0
696,sympathy,2,25.0
696,sympathy,3,25.0
696,sympathy,4,25.0
697,trust,0,25.0
697,trust,1,25.0
697,trust,2,25.0
697,trust,3,25.0
697,trust,4,25.0
697,altruism,0,25.0
697,altruism,1,25.0
697,altruism,2,25.0
697,altruism,3,25.0
697,altruism,4,25.0
697,cooperation,0,85.0
697,cooperation,1,75.0
697,cooperation,2,85.0
697,cooperation,3,75.0
697,cooperation,4,70.0
697,modesty,0,65.0
697,modesty,1,65.0
697,modesty,2,65.0
697,modesty,3,65.0
697,modesty,4,65.0
697,sympathy,0,25.0
697,sympathy,1,25.0
697,sympathy,2,25.0
697,sympathy,3,25.0
697,sympathy,4,25.0
698,trust,0,25.0
698,trust,1,25.0
698,trust,2,25.0
698,trust,3,25.0
698,trust,4,25.0
698,altruism,0,20.0
698,altruism,1,25.0
698,altruism,2,25.0
698,altruism,3,25.0
698,altruism,4,25.0
698,cooperation,0,25.0
698,cooperation,1,25.0
698,cooperation,2,25.0
698,cooperation,3,25.0
698,cooperation,4,25.0
698,modesty,0,65.0
698,modesty,1,65.0
698,modesty,2,45.0
698,modesty,3,45.0
698,modesty,4,45.0
698,sympathy,0,25.0
698,sympathy,1,25.0
698,sympathy,2,10.0
698,sympathy,3,20.0
698,sympathy,4,25.0
699,trust,0,70.0
699,trust,1,75.0
699,trust,2,75.0
699,trust,3,70.0
699,trust,4,65.0
699,altruism,0,45.0
699,altruism,1,45.0
699,altruism,2,45.0
699,altruism,3,45.0
699,altruism,4,45.0
699,cooperation,0,85.0
699,cooperation,1,85.0
699,cooperation,2,85.0
699,cooperation,3,85.0
699,cooperation,4,85.0
699,modesty,0,65.0
699,modesty,1,65.0
699,modesty,2,65.0
699,modesty,3,65.0
699,modesty,4,65.0
699,sympathy,0,65.0
699,sympathy,1,65.0
699,sympathy,2,65.0
699,sympathy,3,65.0
699,sympathy,4,65.0
700,trust,0,85.0
700,trust,1,85.0
700,trust,2,85.0
700,trust,3,85.0
700,trust,4,85.0
700,altruism,0,90.0
700,altruism,1,90.0
700,altruism,2,85.0
700,altruism,3,85.0
700,altruism,4,90.0
700,cooperation,0,85.0
700,cooperation,1,85.0
700,cooperation,2,90.0
700,cooperation,3,85.0
700,cooperation,4,85.0
700,modesty,0,65.0
700,modesty,1,75.0
700,modesty,2,75.0
700,modesty,3,75.0
700,modesty,4,80.0
700,sympathy,0,90.0
700,sympathy,1,90.0
700,sympathy,2,90.0
700,sympathy,3,90.0
700,sympathy,4,90.0
701,trust,0,65.0
701,trust,1,65.0
701,trust,2,65.0
701,trust,3,65.0
701,trust,4,65.0
701,altruism,0,40.0
701,altruism,1,40.0
701,altruism,2,40.0
701,altruism,3,40.0
701,altruism,4,25.0
701,cooperation,0,85.0
701,cooperation,1,85.0
701,cooperation,2,85.0
701,cooperation,3,85.0
701,cooperation,4,90.0
701,modesty,0,75.0
701,modesty,1,75.0
701,modesty,2,75.0
701,modesty,3,75.0
701,modesty,4,85.0
701,sympathy,0,45.0
701,sympathy,1,45.0
701,sympathy,2,45.0
701,sympathy,3,45.0
701,sympathy,4,45.0
702,trust,0,45.0
702,trust,1,45.0
702,trust,2,45.0
702,trust,3,45.0
702,trust,4,45.0
702,altruism,0,25.0
702,altruism,1,25.0
702,altruism,2,25.0
702,altruism,3,25.0
702,altruism,4,25.0
702,cooperation,0,85.0
702,cooperation,1,85.0
702,cooperation,2,85.0
702,cooperation,3,85.0
702,cooperation,4,90.0
702,modesty,0,65.0
702,modesty,1,65.0
702,modesty,2,65.0
702,modesty,3,65.0
702,modesty,4,65.0
702,sympathy,0,25.0
702,sympathy,1,25.0
702,sympathy,2,25.0
702,sympathy,3,25.0
702,sympathy,4,25.0
703,trust,0,25.0
703,trust,1,25.0
703,trust,2,25.0
703,trust,3,25.0
703,trust,4,25.0
703,altruism,0,0.0
703,altruism,1,0.0
703,altruism,2,0.0
703,altruism,3,0.0
703,altruism,4,0.0
703,cooperation,0,25.0
703,cooperation,1,25.0
703,cooperation,2,25.0
703,cooperation,3,25.0
703,cooperation,4,25.0
703,modesty,0,45.0
703,modesty,1,65.0
703,modesty,2,45.0
703,modesty,3,45.0
703,modesty,4,55.0
703,sympathy,0,15.0
703,sympathy,1,25.0
703,sympathy,2,25.0
703,sympathy,3,10.0
703,sympathy,4,25.0
704,trust,0,40.0
704,trust,1,40.0
704,trust,2,35.0
704,trust,3,35.0
704,trust,4,35.0
704,altruism,0,25.0
704,altruism,1,25.0
704,altruism,2,25.0
704,altruism,3,25.0
704,altruism,4,25.0
704,cooperation,0,40.0
704,cooperation,1,40.0
704,cooperation,2,40.0
704,cooperation,3,40.0
704,cooperation,4,45.0
704,modesty,0,55.0
704,modesty,1,55.0
704,modesty,2,55.0
704,modesty,3,45.0
704,modesty,4,55.0
704,sympathy,0,25.0
704,sympathy,1,35.0
704,sympathy,2,25.0
704,sympathy,3,25.0
704,sympathy,4,25.0
705,trust,0,85.0
705,trust,1,75.0
705,trust,2,75.0
705,trust,3,80.0
705,trust,4,75.0
705,altruism,0,75.0
705,altruism,1,75.0
705,altruism,2,75.0
705,altruism,3,75.0
705,altruism,4,70.0
705,cooperation,0,85.0
705,cooperation,1,85.0
705,cooperation,2,85.0
705,cooperation,3,85.0
705,cooperation,4,85.0
705,modesty,0,65.0
705,modesty,1,65.0
705,modesty,2,65.0
705,modesty,3,65.0
705,modesty,4,65.0
705,sympathy,0,65.0
705,sympathy,1,65.0
705,sympathy,2,45.0
705,sympathy,3,45.0
705,sympathy,4,65.0
706,trust,0,85.0
706,trust,1,85.0
706,trust,2,80.0
706,trust,3,80.0
706,trust,4,85.0
706,altruism,0,85.0
706,altruism,1,85.0
706,altruism,2,85.0
706,altruism,3,85.0
706,altruism,4,85.0
706,cooperation,0,85.0
706,cooperation,1,85.0
706,cooperation,2,85.0
706,cooperation,3,85.0
706,cooperation,4,85.0
706,modesty,0,65.0
706,modesty,1,65.0
706,modesty,2,65.0
706,modesty,3,65.0
706,modesty,4,65.0
706,sympathy,0,85.0
706,sympathy,1,85.0
706,sympathy,2,85.0
706,sympathy,3,85.0
706,sympathy,4,85.0
707,trust,0,45.0
707,trust,1,35.0
707,trust,2,40.0
707,trust,3,40.0
707,trust,4,40.0
707,altruism,0,25.0
707,altruism,1,25.0
707,altruism,2,25.0
707,altruism,3,30.0
707,altruism,4,25.0
707,cooperation,0,85.0
707,cooperation,1,85.0
707,cooperation,2,85.0
707,cooperation,3,85.0
707,cooperation,4,85.0
707,modesty,0,75.0
707,modesty,1,65.0
707,modesty,2,75.0
707,modesty,3,75.0
707,modesty,4,65.0
707,sympathy,0,25.0
707,sympathy,1,25.0
707,sympathy,2,25.0
707,sympathy,3,25.0
707,sympathy,4,25.0
708,trust,0,80.0
708,trust,1,75.0
708,trust,2,80.0
708,trust,3,75.0
708,trust,4,80.0
708,altruism,0,75.0
708,altruism,1,75.0
708,altruism,2,75.0
708,altruism,3,75.0
708,altruism,4,75.0
708,cooperation,0,85.0
708,cooperation,1,85.0
708,cooperation,2,85.0
708,cooperation,3,85.0
708,cooperation,4,85.0
708,modesty,0,65.0
708,modesty,1,65.0
708,modesty,2,65.0
708,modesty,3,65.0
708,modesty,4,65.0
708,sympathy,0,65.0
708,sympathy,1,65.0
708,sympathy,2,65.0
708,sympathy,3,65.0
708,sympathy,4,65.0
709,trust,0,45.0
709,trust,1,45.0
709,trust,2,45.0
709,trust,3,45.0
709,trust,4,45.0
709,altruism,0,25.0
709,altruism,1,25.0
709,altruism,2,25.0
709,altruism,3,25.0
709,altruism,4,25.0
709,cooperation,0,85.0
709,cooperation,1,85.0
709,cooperation,2,85.0
709,cooperation,3,85.0
709,cooperation,4,85.0
709,modesty,0,85.0
709,modesty,1,85.0
709,modesty,2,85.0
709,modesty,3,75.0
709,modesty,4,85.0
709,sympathy,0,25.0
709,sympathy,1,25.0
709,sympathy,2,25.0
709,sympathy,3,25.0
709,sympathy,4,25.0
710,trust,0,45.0
710,trust,1,45.0
710,trust,2,45.0
710,trust,3,45.0
710,trust,4,45.0
710,altruism,0,35.0
710,altruism,1,35.0
710,altruism,2,35.0
710,altruism,3,25.0
710,altruism,4,35.0
710,cooperation,0,85.0
710,cooperation,1,75.0
710,cooperation,2,65.0
710,cooperation,3,70.0
710,cooperation,4,85.0
710,modesty,0,65.0
710,modesty,1,65.0
710,modesty,2,70.0
710,modesty,3,65.0
710,modesty,4,65.0
710,sympathy,0,45.0
710,sympathy,1,45.0
710,sympathy,2,45.0
710,sympathy,3,45.0
710,sympathy,4,45.0
711,trust,0,25.0
711,trust,1,25.0
711,trust,2,25.0
711,trust,3,25.0
711,trust,4,25.0
711,altruism,0,25.0
711,altruism,1,25.0
711,altruism,2,25.0
711,altruism,3,25.0
711,altruism,4,25.0
711,cooperation,0,25.0
711,cooperation,1,25.0
711,cooperation,2,25.0
711,cooperation,3,25.0
711,cooperation,4,30.0
711,modesty,0,35.0
711,modesty,1,35.0
711,modesty,2,30.0
711,modesty,3,35.0
711,modesty,4,35.0
711,sympathy,0,25.0
711,sympathy,1,25.0
711,sympathy,2,25.0
711,sympathy,3,25.0
711,sympathy,4,25.0
712,trust,0,65.0
712,trust,1,65.0
712,trust,2,85.0
712,trust,3,65.0
712,trust,4,65.0
712,altruism,0,85.0
712,altruism,1,75.0
712,altruism,2,85.0
712,altruism,3,80.0
712,altruism,4,85.0
712,cooperation,0,85.0
712,cooperation,1,85.0
712,cooperation,2,85.0
712,cooperation,3,85.0
712,cooperation,4,85.0
712,modesty,0,45.0
712,modesty,1,45.0
712,modesty,2,45.0
712,modesty,3,45.0
712,modesty,4,40.0
712,sympathy,0,25.0
712,sympathy,1,25.0
712,sympathy,2,25.0
712,sympathy,3,10.0
712,sympathy,4,25.0
713,trust,0,65.0
713,trust,1,65.0
713,trust,2,65.0
713,trust,3,65.0
713,trust,4,65.0
713,altruism,0,25.0
713,altruism,1,25.0
713,altruism,2,25.0
713,altruism,3,25.0
713,altruism,4,25.0
713,cooperation,0,85.0
713,cooperation,1,85.0
713,cooperation,2,85.0
713,cooperation,3,65.0
713,cooperation,4,85.0
713,modesty,0,40.0
713,modesty,1,40.0
713,modesty,2,30.0
713,modesty,3,40.0
713,modesty,4,40.0
713,sympathy,0,20.0
713,sympathy,1,20.0
713,sympathy,2,10.0
713,sympathy,3,25.0
713,sympathy,4,20.0
714,trust,0,45.0
714,trust,1,45.0
714,trust,2,45.0
714,trust,3,45.0
714,trust,4,45.0
714,altruism,0,30.0
714,altruism,1,35.0
714,altruism,2,35.0
714,altruism,3,30.0
714,altruism,4,35.0
714,cooperation,0,65.0
714,cooperation,1,65.0
714,cooperation,2,65.0
714,cooperation,3,65.0
714,cooperation,4,65.0
714,modesty,0,65.0
714,modesty,1,65.0
714,modesty,2,85.0
714,modesty,3,85.0
714,modesty,4,65.0
714,sympathy,0,45.0
714,sympathy,1,30.0
714,sympathy,2,45.0
714,sympathy,3,45.0
714,sympathy,4,40.0
715,trust,0,70.0
715,trust,1,85.0
715,trust,2,85.0
715,trust,3,85.0
715,trust,4,85.0
715,altruism,0,75.0
715,altruism,1,80.0
715,altruism,2,75.0
715,altruism,3,75.0
715,altruism,4,75.0
715,cooperation,0,70.0
715,cooperation,1,70.0
715,cooperation,2,85.0
715,cooperation,3,85.0
715,cooperation,4,85.0
715,modesty,0,65.0
715,modesty,1,65.0
715,modesty,2,65.0
715,modesty,3,65.0
715,modesty,4,65.0
715,sympathy,0,65.0
715,sympathy,1,75.0
715,sympathy,2,65.0
715,sympathy,3,65.0
715,sympathy,4,65.0
716,trust,0,45.0
716,trust,1,45.0
716,trust,2,45.0
716,trust,3,45.0
716,trust,4,45.0
716,altruism,0,25.0
716,altruism,1,35.0
716,altruism,2,35.0
716,altruism,3,35.0
716,altruism,4,35.0
716,cooperation,0,85.0
716,cooperation,1,75.0
716,cooperation,2,85.0
716,cooperation,3,75.0
716,cooperation,4,80.0
716,modesty,0,65.0
716,modesty,1,65.0
716,modesty,2,65.0
716,modesty,3,65.0
716,modesty,4,65.0
716,sympathy,0,25.0
716,sympathy,1,25.0
716,sympathy,2,25.0
716,sympathy,3,25.0
716,sympathy,4,25.0
717,trust,0,40.0
717,trust,1,40.0
717,trust,2,25.0
717,trust,3,40.0
717,trust,4,40.0
717,altruism,0,65.0
717,altruism,1,65.0
717,altruism,2,40.0
717,altruism,3,65.0
717,altruism,4,45.0
717,cooperation,0,45.0
717,cooperation,1,45.0
717,cooperation,2,45.0
717,cooperation,3,45.0
717,cooperation,4,45.0
717,modesty,0,45.0
717,modesty,1,40.0
717,modesty,2,45.0
717,modesty,3,45.0
717,modesty,4,40.0
717,sympathy,0,35.0
717,sympathy,1,25.0
717,sympathy,2,35.0
717,sympathy,3,35.0
717,sympathy,4,35.0
718,trust,0,85.0
718,trust,1,85.0
718,trust,2,85.0
718,trust,3,85.0
718,trust,4,85.0
718,altruism,0,85.0
718,altruism,1,85.0
718,altruism,2,85.0
718,altruism,3,85.0
718,altruism,4,85.0
718,cooperation,0,85.0
718,cooperation,1,85.0
718,cooperation,2,85.0
718,cooperation,3,75.0
718,cooperation,4,85.0
718,modesty,0,75.0
718,modesty,1,75.0
718,modesty,2,75.0
718,modesty,3,75.0
718,modesty,4,75.0
718,sympathy,0,85.0
718,sympathy,1,90.0
718,sympathy,2,85.0
718,sympathy,3,90.0
718,sympathy,4,85.0
719,trust,0,45.0
719,trust,1,45.0
719,trust,2,45.0
719,trust,3,45.0
719,trust,4,45.0
719,altruism,0,45.0
719,altruism,1,45.0
719,altruism,2,45.0
719,altruism,3,45.0
719,altruism,4,45.0
719,cooperation,0,75.0
719,cooperation,1,85.0
719,cooperation,2,85.0
719,cooperation,3,75.0
719,cooperation,4,65.0
719,modesty,0,65.0
719,modesty,1,45.0
719,modesty,2,45.0
719,modesty,3,45.0
719,modesty,4,45.0
719,sympathy,0,45.0
719,sympathy,1,45.0
719,sympathy,2,45.0
719,sympathy,3,45.0
719,sympathy,4,45.0
720,trust,0,75.0
720,trust,1,75.0
720,trust,2,75.0
720,trust,3,75.0
720,trust,4,75.0
720,altruism,0,45.0
720,altruism,1,45.0
720,altruism,2,45.0
720,altruism,3,45.0
720,altruism,4,45.0
720,cooperation,0,65.0
720,cooperation,1,75.0
720,cooperation,2,65.0
720,cooperation,3,65.0
720,cooperation,4,65.0
720,modesty,0,65.0
720,modesty,1,65.0
720,modesty,2,65.0
720,modesty,3,65.0
720,modesty,4,65.0
720,sympathy,0,45.0
720,sympathy,1,45.0
720,sympathy,2,45.0
720,sympathy,3,45.0
720,sympathy,4,45.0
721,trust,0,85.0
721,trust,1,85.0
721,trust,2,85.0
721,trust,3,85.0
721,trust,4,85.0
721,altruism,0,85.0
721,altruism,1,85.0
721,altruism,2,85.0
721,altruism,3,85.0
721,altruism,4,85.0
721,cooperation,0,85.0
721,cooperation,1,85.0
721,cooperation,2,85.0
721,cooperation,3,85.0
721,cooperation,4,85.0
721,modesty,0,45.0
721,modesty,1,65.0
721,modesty,2,45.0
721,modesty,3,65.0
721,modesty,4,65.0
721,sympathy,0,85.0
721,sympathy,1,85.0
721,sympathy,2,75.0
721,sympathy,3,85.0
721,sympathy,4,85.0
722,trust,0,60.0
722,trust,1,60.0
722,trust,2,65.0
722,trust,3,60.0
722,trust,4,60.0
722,altruism,0,35.0
722,altruism,1,40.0
722,altruism,2,40.0
722,altruism,3,40.0
722,altruism,4,40.0
722,cooperation,0,80.0
722,cooperation,1,85.0
722,cooperation,2,65.0
722,cooperation,3,65.0
722,cooperation,4,80.0
722,modesty,0,65.0
722,modesty,1,65.0
722,modesty,2,65.0
722,modesty,3,65.0
722,modesty,4,65.0
722,sympathy,0,45.0
722,sympathy,1,45.0
722,sympathy,2,45.0
722,sympathy,3,45.0
722,sympathy,4,45.0
723,trust,0,45.0
723,trust,1,45.0
723,trust,2,45.0
723,trust,3,45.0
723,trust,4,45.0
723,altruism,0,45.0
723,altruism,1,35.0
723,altruism,2,45.0
723,altruism,3,45.0
723,altruism,4,45.0
723,cooperation,0,45.0
723,cooperation,1,45.0
723,cooperation,2,55.0
723,cooperation,3,45.0
723,cooperation,4,45.0
723,modesty,0,65.0
723,modesty,1,45.0
723,modesty,2,50.0
723,modesty,3,50.0
723,modesty,4,50.0
723,sympathy,0,45.0
723,sympathy,1,45.0
723,sympathy,2,45.0
723,sympathy,3,45.0
723,sympathy,4,45.0
724,trust,0,65.0
724,trust,1,65.0
724,trust,2,65.0
724,trust,3,65.0
724,trust,4,65.0
724,altruism,0,40.0
724,altruism,1,45.0
724,altruism,2,45.0
724,altruism,3,40.0
724,altruism,4,40.0
724,cooperation,0,85.0
724,cooperation,1,65.0
724,cooperation,2,65.0
724,cooperation,3,65.0
724,cooperation,4,65.0
724,modesty,0,75.0
724,modesty,1,70.0
724,modesty,2,75.0
724,modesty,3,75.0
724,modesty,4,85.0
724,sympathy,0,45.0
724,sympathy,1,45.0
724,sympathy,2,45.0
724,sympathy,3,45.0
724,sympathy,4,45.0
725,trust,0,65.0
725,trust,1,45.0
725,trust,2,45.0
725,trust,3,60.0
725,trust,4,45.0
725,altruism,0,65.0
725,altruism,1,65.0
725,altruism,2,65.0
725,altruism,3,65.0
725,altruism,4,65.0
725,cooperation,0,25.0
725,cooperation,1,30.0
725,cooperation,2,25.0
725,cooperation,3,45.0
725,cooperation,4,30.0
725,modesty,0,45.0
725,modesty,1,45.0
725,modesty,2,45.0
725,modesty,3,45.0
725,modesty,4,45.0
725,sympathy,0,30.0
725,sympathy,1,25.0
725,sympathy,2,25.0
725,sympathy,3,25.0
725,sympathy,4,25.0
726,trust,0,40.0
726,trust,1,45.0
726,trust,2,45.0
726,trust,3,45.0
726,trust,4,45.0
726,altruism,0,45.0
726,altruism,1,45.0
726,altruism,2,45.0
726,altruism,3,45.0
726,altruism,4,45.0
726,cooperation,0,45.0
726,cooperation,1,65.0
726,cooperation,2,65.0
726,cooperation,3,65.0
726,cooperation,4,45.0
726,modesty,0,55.0
726,modesty,1,45.0
726,modesty,2,65.0
726,modesty,3,55.0
726,modesty,4,55.0
726,sympathy,0,45.0
726,sympathy,1,45.0
726,sympathy,2,45.0
726,sympathy,3,45.0
726,sympathy,4,45.0
727,trust,0,65.0
727,trust,1,70.0
727,trust,2,65.0
727,trust,3,65.0
727,trust,4,65.0
727,altruism,0,75.0
727,altruism,1,75.0
727,altruism,2,75.0
727,altruism,3,85.0
727,altruism,4,85.0
727,cooperation,0,45.0
727,cooperation,1,45.0
727,cooperation,2,45.0
727,cooperation,3,45.0
727,cooperation,4,55.0
727,modesty,0,45.0
727,modesty,1,45.0
727,modesty,2,45.0
727,modesty,3,45.0
727,modesty,4,45.0
727,sympathy,0,45.0
727,sympathy,1,45.0
727,sympathy,2,45.0
727,sympathy,3,45.0
727,sympathy,4,35.0
728,trust,0,90.0
728,trust,1,85.0
728,trust,2,85.0
728,trust,3,85.0
728,trust,4,85.0
728,altruism,0,85.0
728,altruism,1,85.0
728,altruism,2,85.0
728,altruism,3,85.0
728,altruism,4,90.0
728,cooperation,0,85.0
728,cooperation,1,85.0
728,cooperation,2,90.0
728,cooperation,3,85.0
728,cooperation,4,85.0
728,modesty,0,65.0
728,modesty,1,65.0
728,modesty,2,65.0
728,modesty,3,65.0
728,modesty,4,65.0
728,sympathy,0,90.0
728,sympathy,1,90.0
728,sympathy,2,90.0
728,sympathy,3,90.0
728,sympathy,4,90.0
729,trust,0,75.0
729,trust,1,70.0
729,trust,2,70.0
729,trust,3,75.0
729,trust,4,80.0
729,altruism,0,85.0
729,altruism,1,75.0
729,altruism,2,75.0
729,altruism,3,85.0
729,altruism,4,75.0
729,cooperation,0,90.0
729,cooperation,1,90.0
729,cooperation,2,90.0
729,cooperation,3,90.0
729,cooperation,4,90.0
729,modesty,0,65.0
729,modesty,1,65.0
729,modesty,2,65.0
729,modesty,3,75.0
729,modesty,4,65.0
729,sympathy,0,85.0
729,sympathy,1,85.0
729,sympathy,2,85.0
729,sympathy,3,85.0
729,sympathy,4,75.0
730,trust,0,85.0
730,trust,1,85.0
730,trust,2,85.0
730,trust,3,85.0
730,trust,4,85.0
730,altruism,0,85.0
730,altruism,1,85.0
730,altruism,2,90.0
730,altruism,3,85.0
730,altruism,4,85.0
730,cooperation,0,85.0
730,cooperation,1,85.0
730,cooperation,2,85.0
730,cooperation,3,85.0
730,cooperation,4,85.0
730,modesty,0,75.0
730,modesty,1,75.0
730,modesty,2,75.0
730,modesty,3,75.0
730,modesty,4,70.0
730,sympathy,0,85.0
730,sympathy,1,85.0
730,sympathy,2,85.0
730,sympathy,3,85.0
730,sympathy,4,85.0
731,trust,0,65.0
731,trust,1,65.0
731,trust,2,65.0
731,trust,3,65.0
731,trust,4,65.0
731,altruism,0,75.0
731,altruism,1,75.0
731,altruism,2,75.0
731,altruism,3,70.0
731,altruism,4,85.0
731,cooperation,0,85.0
731,cooperation,1,85.0
731,cooperation,2,85.0
731,cooperation,3,85.0
731,cooperation,4,85.0
731,modesty,0,75.0
731,modesty,1,85.0
731,modesty,2,75.0
731,modesty,3,75.0
731,modesty,4,70.0
731,sympathy,0,75.0
731,sympathy,1,75.0
731,sympathy,2,85.0
731,sympathy,3,75.0
731,sympathy,4,75.0
732,trust,0,75.0
732,trust,1,75.0
732,trust,2,75.0
732,trust,3,75.0
732,trust,4,80.0
732,altruism,0,85.0
732,altruism,1,90.0
732,altruism,2,85.0
732,altruism,3,85.0
732,altruism,4,90.0
732,cooperation,0,85.0
732,cooperation,1,85.0
732,cooperation,2,85.0
732,cooperation,3,85.0
732,cooperation,4,85.0
732,modesty,0,45.0
732,modesty,1,45.0
732,modesty,2,40.0
732,modesty,3,65.0
732,modesty,4,40.0
732,sympathy,0,85.0
732,sympathy,1,85.0
732,sympathy,2,75.0
732,sympathy,3,85.0
732,sympathy,4,85.0
733,trust,0,85.0
733,trust,1,85.0
733,trust,2,85.0
733,trust,3,85.0
733,trust,4,85.0
733,altruism,0,90.0
733,altruism,1,90.0
733,altruism,2,90.0
733,altruism,3,90.0
733,altruism,4,90.0
733,cooperation,0,90.0
733,cooperation,1,90.0
733,cooperation,2,90.0
733,cooperation,3,90.0
733,cooperation,4,90.0
733,modesty,0,65.0
733,modesty,1,75.0
733,modesty,2,65.0
733,modesty,3,65.0
733,modesty,4,65.0
733,sympathy,0,75.0
733,sympathy,1,75.0
733,sympathy,2,75.0
733,sympathy,3,65.0
733,sympathy,4,75.0
734,trust,0,85.0
734,trust,1,75.0
734,trust,2,85.0
734,trust,3,85.0
734,trust,4,85.0
734,altruism,0,40.0
734,altruism,1,40.0
734,altruism,2,40.0
734,altruism,3,40.0
734,altruism,4,40.0
734,cooperation,0,75.0
734,cooperation,1,75.0
734,cooperation,2,75.0
734,cooperation,3,75.0
734,cooperation,4,75.0
734,modesty,0,65.0
734,modesty,1,65.0
734,modesty,2,65.0
734,modesty,3,65.0
734,modesty,4,65.0
734,sympathy,0,65.0
734,sympathy,1,65.0
734,sympathy,2,65.0
734,sympathy,3,65.0
734,sympathy,4,65.0
735,trust,0,75.0
735,trust,1,75.0
735,trust,2,75.0
735,trust,3,65.0
735,trust,4,75.0
735,altruism,0,85.0
735,altruism,1,85.0
735,altruism,2,85.0
735,altruism,3,85.0
735,altruism,4,85.0
735,cooperation,0,90.0
735,cooperation,1,90.0
735,cooperation,2,90.0
735,cooperation,3,90.0
735,cooperation,4,85.0
735,modesty,0,65.0
735,modesty,1,65.0
735,modesty,2,65.0
735,modesty,3,65.0
735,modesty,4,65.0
735,sympathy,0,75.0
735,sympathy,1,75.0
735,sympathy,2,75.0
735,sympathy,3,75.0
735,sympathy,4,75.0
736,trust,0,85.0
736,trust,1,85.0
736,trust,2,85.0
736,trust,3,85.0
736,trust,4,85.0
736,altruism,0,25.0
736,altruism,1,25.0
736,altruism,2,25.0
736,altruism,3,25.0
736,altruism,4,25.0
736,cooperation,0,25.0
736,cooperation,1,40.0
736,cooperation,2,40.0
736,cooperation,3,40.0
736,cooperation,4,25.0
736,modesty,0,40.0
736,modesty,1,40.0
736,modesty,2,40.0
736,modesty,3,40.0
736,modesty,4,40.0
736,sympathy,0,25.0
736,sympathy,1,25.0
736,sympathy,2,25.0
736,sympathy,3,25.0
736,sympathy,4,25.0
737,trust,0,65.0
737,trust,1,65.0
737,trust,2,65.0
737,trust,3,65.0
737,trust,4,65.0
737,altruism,0,75.0
737,altruism,1,75.0
737,altruism,2,75.0
737,altruism,3,75.0
737,altruism,4,75.0
737,cooperation,0,75.0
737,cooperation,1,75.0
737,cooperation,2,75.0
737,cooperation,3,75.0
737,cooperation,4,75.0
737,modesty,0,65.0
737,modesty,1,65.0
737,modesty,2,65.0
737,modesty,3,65.0
737,modesty,4,65.0
737,sympathy,0,65.0
737,sympathy,1,65.0
737,sympathy,2,65.0
737,sympathy,3,65.0
737,sympathy,4,65.0
738,trust,0,65.0
738,trust,1,65.0
738,trust,2,65.0
738,trust,3,65.0
738,trust,4,65.0
738,altruism,0,65.0
738,altruism,1,65.0
738,altruism,2,65.0
738,altruism,3,65.0
738,altruism,4,70.0
738,cooperation,0,85.0
738,cooperation,1,85.0
738,cooperation,2,85.0
738,cooperation,3,75.0
738,cooperation,4,85.0
738,modesty,0,75.0
738,modesty,1,65.0
738,modesty,2,65.0
738,modesty,3,65.0
738,modesty,4,65.0
738,sympathy,0,65.0
738,sympathy,1,65.0
738,sympathy,2,65.0
738,sympathy,3,45.0
738,sympathy,4,65.0
739,trust,0,75.0
739,trust,1,75.0
739,trust,2,75.0
739,trust,3,75.0
739,trust,4,65.0
739,altruism,0,85.0
739,altruism,1,85.0
739,altruism,2,85.0
739,altruism,3,85.0
739,altruism,4,85.0
739,cooperation,0,90.0
739,cooperation,1,90.0
739,cooperation,2,90.0
739,cooperation,3,90.0
739,cooperation,4,90.0
739,modesty,0,85.0
739,modesty,1,85.0
739,modesty,2,85.0
739,modesty,3,75.0
739,modesty,4,85.0
739,sympathy,0,85.0
739,sympathy,1,85.0
739,sympathy,2,85.0
739,sympathy,3,85.0
739,sympathy,4,85.0
740,trust,0,70.0
740,trust,1,75.0
740,trust,2,75.0
740,trust,3,75.0
740,trust,4,70.0
740,altruism,0,65.0
740,altruism,1,65.0
740,altruism,2,65.0
740,altruism,3,65.0
740,altruism,4,75.0
740,cooperation,0,85.0
740,cooperation,1,85.0
740,cooperation,2,85.0
740,cooperation,3,85.0
740,cooperation,4,85.0
740,modesty,0,65.0
740,modesty,1,65.0
740,modesty,2,65.0
740,modesty,3,65.0
740,modesty,4,65.0
740,sympathy,0,65.0
740,sympathy,1,65.0
740,sympathy,2,65.0
740,sympathy,3,65.0
740,sympathy,4,65.0
741,trust,0,65.0
741,trust,1,45.0
741,trust,2,65.0
741,trust,3,45.0
741,trust,4,45.0
741,altruism,0,65.0
741,altruism,1,65.0
741,altruism,2,65.0
741,altruism,3,65.0
741,altruism,4,45.0
741,cooperation,0,75.0
741,cooperation,1,75.0
741,cooperation,2,75.0
741,cooperation,3,75.0
741,cooperation,4,65.0
741,modesty,0,65.0
741,modesty,1,65.0
741,modesty,2,65.0
741,modesty,3,65.0
741,modesty,4,65.0
741,sympathy,0,45.0
741,sympathy,1,45.0
741,sympathy,2,45.0
741,sympathy,3,45.0
741,sympathy,4,45.0
742,trust,0,65.0
742,trust,1,65.0
742,trust,2,65.0
742,trust,3,65.0
742,trust,4,65.0
742,altruism,0,35.0
742,altruism,1,30.0
742,altruism,2,25.0
742,altruism,3,35.0
742,altruism,4,30.0
742,cooperation,0,65.0
742,cooperation,1,45.0
742,cooperation,2,65.0
742,cooperation,3,65.0
742,cooperation,4,65.0
742,modesty,0,60.0
742,modesty,1,45.0
742,modesty,2,65.0
742,modesty,3,45.0
742,modesty,4,65.0
742,sympathy,0,45.0
742,sympathy,1,45.0
742,sympathy,2,45.0
742,sympathy,3,45.0
742,sympathy,4,45.0
743,trust,0,85.0
743,trust,1,85.0
743,trust,2,85.0
743,trust,3,85.0
743,trust,4,85.0
743,altruism,0,85.0
743,altruism,1,85.0
743,altruism,2,75.0
743,altruism,3,85.0
743,altruism,4,75.0
743,cooperation,0,85.0
743,cooperation,1,65.0
743,cooperation,2,85.0
743,cooperation,3,85.0
743,cooperation,4,85.0
743,modesty,0,65.0
743,modesty,1,45.0
743,modesty,2,45.0
743,modesty,3,45.0
743,modesty,4,45.0
743,sympathy,0,65.0
743,sympathy,1,65.0
743,sympathy,2,65.0
743,sympathy,3,65.0
743,sympathy,4,65.0
744,trust,0,85.0
744,trust,1,90.0
744,trust,2,85.0
744,trust,3,85.0
744,trust,4,85.0
744,altruism,0,85.0
744,altruism,1,75.0
744,altruism,2,85.0
744,altruism,3,85.0
744,altruism,4,85.0
744,cooperation,0,45.0
744,cooperation,1,45.0
744,cooperation,2,45.0
744,cooperation,3,45.0
744,cooperation,4,45.0
744,modesty,0,40.0
744,modesty,1,40.0
744,modesty,2,40.0
744,modesty,3,40.0
744,modesty,4,40.0
744,sympathy,0,45.0
744,sympathy,1,45.0
744,sympathy,2,45.0
744,sympathy,3,45.0
744,sympathy,4,45.0
745,trust,0,85.0
745,trust,1,85.0
745,trust,2,85.0
745,trust,3,85.0
745,trust,4,85.0
745,altruism,0,70.0
745,altruism,1,70.0
745,altruism,2,70.0
745,altruism,3,70.0
745,altruism,4,75.0
745,cooperation,0,75.0
745,cooperation,1,65.0
745,cooperation,2,65.0
745,cooperation,3,65.0
745,cooperation,4,65.0
745,modesty,0,50.0
745,modesty,1,65.0
745,modesty,2,65.0
745,modesty,3,65.0
745,modesty,4,65.0
745,sympathy,0,65.0
745,sympathy,1,45.0
745,sympathy,2,65.0
745,sympathy,3,65.0
745,sympathy,4,65.0
746,trust,0,80.0
746,trust,1,80.0
746,trust,2,80.0
746,trust,3,80.0
746,trust,4,75.0
746,altruism,0,75.0
746,altruism,1,75.0
746,altruism,2,75.0
746,altruism,3,75.0
746,altruism,4,75.0
746,cooperation,0,65.0
746,cooperation,1,65.0
746,cooperation,2,65.0
746,cooperation,3,65.0
746,cooperation,4,75.0
746,modesty,0,45.0
746,modesty,1,45.0
746,modesty,2,45.0
746,modesty,3,45.0
746,modesty,4,45.0
746,sympathy,0,45.0
746,sympathy,1,65.0
746,sympathy,2,65.0
746,sympathy,3,65.0
746,sympathy,4,65.0
747,trust,0,85.0
747,trust,1,85.0
747,trust,2,85.0
747,trust,3,85.0
747,trust,4,85.0
747,altruism,0,90.0
747,altruism,1,90.0
747,altruism,2,90.0
747,altruism,3,90.0
747,altruism,4,90.0
747,cooperation,0,85.0
747,cooperation,1,85.0
747,cooperation,2,85.0
747,cooperation,3,85.0
747,cooperation,4,85.0
747,modesty,0,65.0
747,modesty,1,65.0
747,modesty,2,70.0
747,modesty,3,65.0
747,modesty,4,65.0
747,sympathy,0,90.0
747,sympathy,1,90.0
747,sympathy,2,90.0
747,sympathy,3,90.0
747,sympathy,4,90.0
748,trust,0,90.0
748,trust,1,90.0
748,trust,2,90.0
748,trust,3,90.0
748,trust,4,90.0
748,altruism,0,85.0
748,altruism,1,85.0
748,altruism,2,85.0
748,altruism,3,85.0
748,altruism,4,85.0
748,cooperation,0,85.0
748,cooperation,1,85.0
748,cooperation,2,85.0
748,cooperation,3,85.0
748,cooperation,4,85.0
748,modesty,0,65.0
748,modesty,1,65.0
748,modesty,2,65.0
748,modesty,3,65.0
748,modesty,4,65.0
748,sympathy,0,85.0
748,sympathy,1,85.0
748,sympathy,2,85.0
748,sympathy,3,85.0
748,sympathy,4,85.0
749,trust,0,85.0
749,trust,1,85.0
749,trust,2,85.0
749,trust,3,85.0
749,trust,4,85.0
749,altruism,0,75.0
749,altruism,1,75.0
749,altruism,2,75.0
749,altruism,3,75.0
749,altruism,4,75.0
749,cooperation,0,85.0
749,cooperation,1,85.0
749,cooperation,2,85.0
749,cooperation,3,85.0
749,cooperation,4,85.0
749,modesty,0,45.0
749,modesty,1,45.0
749,modesty,2,45.0
749,modesty,3,45.0
749,modesty,4,45.0
749,sympathy,0,45.0
749,sympathy,1,45.0
749,sympathy,2,45.0
749,sympathy,3,45.0
749,sympathy,4,45.0
750,trust,0,65.0
750,trust,1,65.0
750,trust,2,65.0
750,trust,3,65.0
750,trust,4,65.0
750,altruism,0,45.0
750,altruism,1,45.0
750,altruism,2,45.0
750,altruism,3,45.0
750,altruism,4,45.0
750,cooperation,0,85.0
750,cooperation,1,85.0
750,cooperation,2,85.0
750,cooperation,3,85.0
750,cooperation,4,85.0
750,modesty,0,75.0
750,modesty,1,75.0
750,modesty,2,75.0
750,modesty,3,75.0
750,modesty,4,75.0
750,sympathy,0,45.0
750,sympathy,1,45.0
750,sympathy,2,45.0
750,sympathy,3,45.0
750,sympathy,4,45.0
751,trust,0,75.0
751,trust,1,75.0
751,trust,2,75.0
751,trust,3,75.0
751,trust,4,75.0
751,altruism,0,75.0
751,altruism,1,75.0
751,altruism,2,75.0
751,altruism,3,75.0
751,altruism,4,75.0
751,cooperation,0,85.0
751,cooperation,1,85.0
751,cooperation,2,85.0
751,cooperation,3,85.0
751,cooperation,4,85.0
751,modesty,0,90.0
751,modesty,1,90.0
751,modesty,2,85.0
751,modesty,3,90.0
751,modesty,4,90.0
751,sympathy,0,85.0
751,sympathy,1,85.0
751,sympathy,2,85.0
751,sympathy,3,85.0
751,sympathy,4,85.0
752,trust,0,65.0
752,trust,1,65.0
752,trust,2,65.0
752,trust,3,65.0
752,trust,4,65.0
752,altruism,0,45.0
752,altruism,1,45.0
752,altruism,2,45.0
752,altruism,3,45.0
752,altruism,4,45.0
752,cooperation,0,85.0
752,cooperation,1,85.0
752,cooperation,2,85.0
752,cooperation,3,85.0
752,cooperation,4,85.0
752,modesty,0,90.0
752,modesty,1,90.0
752,modesty,2,90.0
752,modesty,3,90.0
752,modesty,4,90.0
752,sympathy,0,45.0
752,sympathy,1,45.0
752,sympathy,2,45.0
752,sympathy,3,45.0
752,sympathy,4,45.0
753,trust,0,45.0
753,trust,1,45.0
753,trust,2,45.0
753,trust,3,45.0
753,trust,4,45.0
753,altruism,0,45.0
753,altruism,1,45.0
753,altruism,2,45.0
753,altruism,3,45.0
753,altruism,4,45.0
753,cooperation,0,85.0
753,cooperation,1,75.0
753,cooperation,2,85.0
753,cooperation,3,75.0
753,cooperation,4,85.0
753,modesty,0,85.0
753,modesty,1,85.0
753,modesty,2,85.0
753,modesty,3,75.0
753,modesty,4,85.0
753,sympathy,0,45.0
753,sympathy,1,45.0
753,sympathy,2,45.0
753,sympathy,3,45.0
753,sympathy,4,45.0
754,trust,0,75.0
754,trust,1,75.0
754,trust,2,75.0
754,trust,3,75.0
754,trust,4,75.0
754,altruism,0,65.0
754,altruism,1,65.0
754,altruism,2,65.0
754,altruism,3,65.0
754,altruism,4,45.0
754,cooperation,0,85.0
754,cooperation,1,75.0
754,cooperation,2,85.0
754,cooperation,3,85.0
754,cooperation,4,85.0
754,modesty,0,85.0
754,modesty,1,85.0
754,modesty,2,85.0
754,modesty,3,85.0
754,modesty,4,85.0
754,sympathy,0,75.0
754,sympathy,1,75.0
754,sympathy,2,75.0
754,sympathy,3,75.0
754,sympathy,4,75.0
755,trust,0,45.0
755,trust,1,45.0
755,trust,2,45.0
755,trust,3,45.0
755,trust,4,45.0
755,altruism,0,65.0
755,altruism,1,65.0
755,altruism,2,65.0
755,altruism,3,65.0
755,altruism,4,65.0
755,cooperation,0,75.0
755,cooperation,1,85.0
755,cooperation,2,85.0
755,cooperation,3,75.0
755,cooperation,4,85.0
755,modesty,0,85.0
755,modesty,1,85.0
755,modesty,2,85.0
755,modesty,3,85.0
755,modesty,4,85.0
755,sympathy,0,65.0
755,sympathy,1,65.0
755,sympathy,2,65.0
755,sympathy,3,65.0
755,sympathy,4,65.0
756,trust,0,45.0
756,trust,1,45.0
756,trust,2,45.0
756,trust,3,45.0
756,trust,4,45.0
756,altruism,0,45.0
756,altruism,1,45.0
756,altruism,2,45.0
756,altruism,3,45.0
756,altruism,4,45.0
756,cooperation,0,85.0
756,cooperation,1,85.0
756,cooperation,2,85.0
756,cooperation,3,85.0
756,cooperation,4,85.0
756,modesty,0,65.0
756,modesty,1,70.0
756,modesty,2,75.0
756,modesty,3,65.0
756,modesty,4,65.0
756,sympathy,0,65.0
756,sympathy,1,75.0
756,sympathy,2,75.0
756,sympathy,3,65.0
756,sympathy,4,65.0
757,trust,0,75.0
757,trust,1,75.0
757,trust,2,70.0
757,trust,3,75.0
757,trust,4,75.0
757,altruism,0,85.0
757,altruism,1,75.0
757,altruism,2,75.0
757,altruism,3,75.0
757,altruism,4,75.0
757,cooperation,0,85.0
757,cooperation,1,85.0
757,cooperation,2,85.0
757,cooperation,3,85.0
757,cooperation,4,85.0
757,modesty,0,85.0
757,modesty,1,85.0
757,modesty,2,85.0
757,modesty,3,85.0
757,modesty,4,85.0
757,sympathy,0,65.0
757,sympathy,1,55.0
757,sympathy,2,65.0
757,sympathy,3,65.0
757,sympathy,4,65.0
758,trust,0,85.0
758,trust,1,85.0
758,trust,2,85.0
758,trust,3,85.0
758,trust,4,85.0
758,altruism,0,85.0
758,altruism,1,85.0
758,altruism,2,85.0
758,altruism,3,85.0
758,altruism,4,85.0
758,cooperation,0,90.0
758,cooperation,1,90.0
758,cooperation,2,90.0
758,cooperation,3,85.0
758,cooperation,4,90.0
758,modesty,0,75.0
758,modesty,1,85.0
758,modesty,2,75.0
758,modesty,3,75.0
758,modesty,4,75.0
758,sympathy,0,85.0
758,sympathy,1,85.0
758,sympathy,2,85.0
758,sympathy,3,85.0
758,sympathy,4,85.0
759,trust,0,75.0
759,trust,1,70.0
759,trust,2,75.0
759,trust,3,75.0
759,trust,4,75.0
759,altruism,0,90.0
759,altruism,1,90.0
759,altruism,2,90.0
759,altruism,3,90.0
759,altruism,4,90.0
759,cooperation,0,85.0
759,cooperation,1,90.0
759,cooperation,2,90.0
759,cooperation,3,90.0
759,cooperation,4,90.0
759,modesty,0,85.0
759,modesty,1,85.0
759,modesty,2,85.0
759,modesty,3,75.0
759,modesty,4,85.0
759,sympathy,0,85.0
759,sympathy,1,85.0
759,sympathy,2,85.0
759,sympathy,3,85.0
759,sympathy,4,85.0
760,trust,0,85.0
760,trust,1,85.0
760,trust,2,85.0
760,trust,3,85.0
760,trust,4,85.0
760,altruism,0,90.0
760,altruism,1,90.0
760,altruism,2,90.0
760,altruism,3,90.0
760,altruism,4,90.0
760,cooperation,0,95.0
760,cooperation,1,95.0
760,cooperation,2,95.0
760,cooperation,3,95.0
760,cooperation,4,90.0
760,modesty,0,85.0
760,modesty,1,85.0
760,modesty,2,85.0
760,modesty,3,85.0
760,modesty,4,85.0
760,sympathy,0,90.0
760,sympathy,1,90.0
760,sympathy,2,90.0
760,sympathy,3,90.0
760,sympathy,4,90.0
761,trust,0,45.0
761,trust,1,45.0
761,trust,2,45.0
761,trust,3,65.0
761,trust,4,65.0
761,altruism,0,65.0
761,altruism,1,65.0
761,altruism,2,65.0
761,altruism,3,65.0
761,altruism,4,65.0
761,cooperation,0,75.0
761,cooperation,1,85.0
761,cooperation,2,85.0
761,cooperation,3,75.0
761,cooperation,4,75.0
761,modesty,0,85.0
761,modesty,1,75.0
761,modesty,2,75.0
761,modesty,3,85.0
761,modesty,4,85.0
761,sympathy,0,65.0
761,sympathy,1,65.0
761,sympathy,2,65.0
761,sympathy,3,65.0
761,sympathy,4,65.0
762,trust,0,75.0
762,trust,1,75.0
762,trust,2,75.0
762,trust,3,75.0
762,trust,4,75.0
762,altruism,0,90.0
762,altruism,1,90.0
762,altruism,2,90.0
762,altruism,3,90.0
762,altruism,4,90.0
762,cooperation,0,90.0
762,cooperation,1,85.0
762,cooperation,2,90.0
762,cooperation,3,90.0
762,cooperation,4,90.0
762,modesty,0,85.0
762,modesty,1,85.0
762,modesty,2,75.0
762,modesty,3,85.0
762,modesty,4,85.0
762,sympathy,0,85.0
762,sympathy,1,90.0
762,sympathy,2,85.0
762,sympathy,3,90.0
762,sympathy,4,90.0
763,trust,0,85.0
763,trust,1,90.0
763,trust,2,85.0
763,trust,3,85.0
763,trust,4,85.0
763,altruism,0,85.0
763,altruism,1,85.0
763,altruism,2,85.0
763,altruism,3,85.0
763,altruism,4,85.0
763,cooperation,0,25.0
763,cooperation,1,25.0
763,cooperation,2,25.0
763,cooperation,3,25.0
763,cooperation,4,45.0
763,modesty,0,40.0
763,modesty,1,45.0
763,modesty,2,45.0
763,modesty,3,40.0
763,modesty,4,40.0
763,sympathy,0,45.0
763,sympathy,1,45.0
763,sympathy,2,45.0
763,sympathy,3,45.0
763,sympathy,4,45.0
764,trust,0,45.0
764,trust,1,45.0
764,trust,2,45.0
764,trust,3,45.0
764,trust,4,65.0
764,altruism,0,45.0
764,altruism,1,45.0
764,altruism,2,45.0
764,altruism,3,45.0
764,altruism,4,45.0
764,cooperation,0,85.0
764,cooperation,1,75.0
764,cooperation,2,85.0
764,cooperation,3,85.0
764,cooperation,4,75.0
764,modesty,0,75.0
764,modesty,1,75.0
764,modesty,2,75.0
764,modesty,3,75.0
764,modesty,4,75.0
764,sympathy,0,45.0
764,sympathy,1,65.0
764,sympathy,2,45.0
764,sympathy,3,65.0
764,sympathy,4,45.0
765,trust,0,85.0
765,trust,1,85.0
765,trust,2,85.0
765,trust,3,85.0
765,trust,4,85.0
765,altruism,0,90.0
765,altruism,1,90.0
765,altruism,2,90.0
765,altruism,3,90.0
765,altruism,4,90.0
765,cooperation,0,90.0
765,cooperation,1,90.0
765,cooperation,2,90.0
765,cooperation,3,90.0
765,cooperation,4,90.0
765,modesty,0,75.0
765,modesty,1,75.0
765,modesty,2,75.0
765,modesty,3,75.0
765,modesty,4,75.0
765,sympathy,0,85.0
765,sympathy,1,85.0
765,sympathy,2,85.0
765,sympathy,3,85.0
765,sympathy,4,85.0
766,trust,0,85.0
766,trust,1,85.0
766,trust,2,85.0
766,trust,3,85.0
766,trust,4,85.0
766,altruism,0,40.0
766,altruism,1,40.0
766,altruism,2,40.0
766,altruism,3,40.0
766,altruism,4,40.0
766,cooperation,0,85.0
766,cooperation,1,85.0
766,cooperation,2,80.0
766,cooperation,3,75.0
766,cooperation,4,85.0
766,modesty,0,45.0
766,modesty,1,45.0
766,modesty,2,45.0
766,modesty,3,45.0
766,modesty,4,45.0
766,sympathy,0,65.0
766,sympathy,1,65.0
766,sympathy,2,65.0
766,sympathy,3,65.0
766,sympathy,4,65.0
767,trust,0,75.0
767,trust,1,75.0
767,trust,2,75.0
767,trust,3,70.0
767,trust,4,70.0
767,altruism,0,75.0
767,altruism,1,85.0
767,altruism,2,85.0
767,altruism,3,85.0
767,altruism,4,85.0
767,cooperation,0,85.0
767,cooperation,1,85.0
767,cooperation,2,85.0
767,cooperation,3,85.0
767,cooperation,4,85.0
767,modesty,0,75.0
767,modesty,1,75.0
767,modesty,2,75.0
767,modesty,3,75.0
767,modesty,4,75.0
767,sympathy,0,90.0
767,sympathy,1,90.0
767,sympathy,2,90.0
767,sympathy,3,90.0
767,sympathy,4,90.0
768,trust,0,75.0
768,trust,1,75.0
768,trust,2,75.0
768,trust,3,75.0
768,trust,4,75.0
768,altruism,0,85.0
768,altruism,1,85.0
768,altruism,2,85.0
768,altruism,3,85.0
768,altruism,4,85.0
768,cooperation,0,90.0
768,cooperation,1,85.0
768,cooperation,2,85.0
768,cooperation,3,90.0
768,cooperation,4,85.0
768,modesty,0,90.0
768,modesty,1,85.0
768,modesty,2,85.0
768,modesty,3,85.0
768,modesty,4,85.0
768,sympathy,0,90.0
768,sympathy,1,85.0
768,sympathy,2,85.0
768,sympathy,3,90.0
768,sympathy,4,85.0
769,trust,0,75.0
769,trust,1,75.0
769,trust,2,75.0
769,trust,3,75.0
769,trust,4,75.0
769,altruism,0,85.0
769,altruism,1,85.0
769,altruism,2,75.0
769,altruism,3,85.0
769,altruism,4,75.0
769,cooperation,0,90.0
769,cooperation,1,90.0
769,cooperation,2,90.0
769,cooperation,3,90.0
769,cooperation,4,90.0
769,modesty,0,85.0
769,modesty,1,85.0
769,modesty,2,85.0
769,modesty,3,85.0
769,modesty,4,85.0
769,sympathy,0,75.0
769,sympathy,1,75.0
769,sympathy,2,75.0
769,sympathy,3,75.0
769,sympathy,4,75.0
770,trust,0,45.0
770,trust,1,45.0
770,trust,2,45.0
770,trust,3,45.0
770,trust,4,45.0
770,altruism,0,40.0
770,altruism,1,40.0
770,altruism,2,40.0
770,altruism,3,40.0
770,altruism,4,40.0
770,cooperation,0,75.0
770,cooperation,1,85.0
770,cooperation,2,85.0
770,cooperation,3,85.0
770,cooperation,4,85.0
770,modesty,0,85.0
770,modesty,1,85.0
770,modesty,2,85.0
770,modesty,3,85.0
770,modesty,4,85.0
770,sympathy,0,65.0
770,sympathy,1,65.0
770,sympathy,2,65.0
770,sympathy,3,65.0
770,sympathy,4,45.0
771,trust,0,45.0
771,trust,1,45.0
771,trust,2,45.0
771,trust,3,25.0
771,trust,4,45.0
771,altruism,0,25.0
771,altruism,1,25.0
771,altruism,2,25.0
771,altruism,3,25.0
771,altruism,4,25.0
771,cooperation,0,25.0
771,cooperation,1,30.0
771,cooperation,2,25.0
771,cooperation,3,30.0
771,cooperation,4,25.0
771,modesty,0,30.0
771,modesty,1,45.0
771,modesty,2,40.0
771,modesty,3,30.0
771,modesty,4,35.0
771,sympathy,0,25.0
771,sympathy,1,25.0
771,sympathy,2,25.0
771,sympathy,3,25.0
771,sympathy,4,25.0
772,trust,0,75.0
772,trust,1,75.0
772,trust,2,75.0
772,trust,3,75.0
772,trust,4,75.0
772,altruism,0,25.0
772,altruism,1,25.0
772,altruism,2,25.0
772,altruism,3,25.0
772,altruism,4,25.0
772,cooperation,0,65.0
772,cooperation,1,65.0
772,cooperation,2,65.0
772,cooperation,3,65.0
772,cooperation,4,65.0
772,modesty,0,75.0
772,modesty,1,75.0
772,modesty,2,75.0
772,modesty,3,75.0
772,modesty,4,75.0
772,sympathy,0,75.0
772,sympathy,1,75.0
772,sympathy,2,75.0
772,sympathy,3,75.0
772,sympathy,4,75.0
773,trust,0,70.0
773,trust,1,75.0
773,trust,2,75.0
773,trust,3,75.0
773,trust,4,75.0
773,altruism,0,65.0
773,altruism,1,75.0
773,altruism,2,65.0
773,altruism,3,70.0
773,altruism,4,75.0
773,cooperation,0,85.0
773,cooperation,1,85.0
773,cooperation,2,85.0
773,cooperation,3,85.0
773,cooperation,4,85.0
773,modesty,0,75.0
773,modesty,1,75.0
773,modesty,2,75.0
773,modesty,3,65.0
773,modesty,4,75.0
773,sympathy,0,80.0
773,sympathy,1,80.0
773,sympathy,2,80.0
773,sympathy,3,75.0
773,sympathy,4,85.0
774,trust,0,85.0
774,trust,1,85.0
774,trust,2,85.0
774,trust,3,85.0
774,trust,4,85.0
774,altruism,0,85.0
774,altruism,1,85.0
774,altruism,2,85.0
774,altruism,3,85.0
774,altruism,4,85.0
774,cooperation,0,85.0
774,cooperation,1,85.0
774,cooperation,2,85.0
774,cooperation,3,85.0
774,cooperation,4,85.0
774,modesty,0,65.0
774,modesty,1,65.0
774,modesty,2,65.0
774,modesty,3,75.0
774,modesty,4,65.0
774,sympathy,0,75.0
774,sympathy,1,75.0
774,sympathy,2,75.0
774,sympathy,3,75.0
774,sympathy,4,75.0
775,trust,0,85.0
775,trust,1,85.0
775,trust,2,85.0
775,trust,3,85.0
775,trust,4,85.0
775,altruism,0,75.0
775,altruism,1,75.0
775,altruism,2,75.0
775,altruism,3,75.0
775,altruism,4,75.0
775,cooperation,0,85.0
775,cooperation,1,85.0
775,cooperation,2,85.0
775,cooperation,3,85.0
775,cooperation,4,85.0
775,modesty,0,75.0
775,modesty,1,75.0
775,modesty,2,75.0
775,modesty,3,75.0
775,modesty,4,75.0
775,sympathy,0,65.0
775,sympathy,1,65.0
775,sympathy,2,65.0
775,sympathy,3,65.0
775,sympathy,4,65.0
776,trust,0,75.0
776,trust,1,75.0
776,trust,2,75.0
776,trust,3,75.0
776,trust,4,75.0
776,altruism,0,85.0
776,altruism,1,85.0
776,altruism,2,85.0
776,altruism,3,85.0
776,altruism,4,85.0
776,cooperation,0,85.0
776,cooperation,1,90.0
776,cooperation,2,90.0
776,cooperation,3,85.0
776,cooperation,4,90.0
776,modesty,0,65.0
776,modesty,1,75.0
776,modesty,2,75.0
776,modesty,3,75.0
776,modesty,4,75.0
776,sympathy,0,85.0
776,sympathy,1,85.0
776,sympathy,2,85.0
776,sympathy,3,85.0
776,sympathy,4,85.0
777,trust,0,65.0
777,trust,1,75.0
777,trust,2,65.0
777,trust,3,65.0
777,trust,4,65.0
777,altruism,0,90.0
777,altruism,1,90.0
777,altruism,2,85.0
777,altruism,3,90.0
777,altruism,4,90.0
777,cooperation,0,90.0
777,cooperation,1,90.0
777,cooperation,2,90.0
777,cooperation,3,90.0
777,cooperation,4,90.0
777,modesty,0,85.0
777,modesty,1,95.0
777,modesty,2,85.0
777,modesty,3,85.0
777,modesty,4,85.0
777,sympathy,0,90.0
777,sympathy,1,85.0
777,sympathy,2,90.0
777,sympathy,3,90.0
777,sympathy,4,90.0
778,trust,0,85.0
778,trust,1,85.0
778,trust,2,85.0
778,trust,3,85.0
778,trust,4,85.0
778,altruism,0,85.0
778,altruism,1,85.0
778,altruism,2,85.0
778,altruism,3,85.0
778,altruism,4,85.0
778,cooperation,0,85.0
778,cooperation,1,90.0
778,cooperation,2,90.0
778,cooperation,3,85.0
778,cooperation,4,90.0
778,modesty,0,65.0
778,modesty,1,65.0
778,modesty,2,65.0
778,modesty,3,65.0
778,modesty,4,70.0
778,sympathy,0,90.0
778,sympathy,1,90.0
778,sympathy,2,85.0
778,sympathy,3,85.0
778,sympathy,4,85.0
779,trust,0,75.0
779,trust,1,75.0
779,trust,2,75.0
779,trust,3,75.0
779,trust,4,75.0
779,altruism,0,65.0
779,altruism,1,65.0
779,altruism,2,75.0
779,altruism,3,65.0
779,altruism,4,75.0
779,cooperation,0,85.0
779,cooperation,1,85.0
779,cooperation,2,85.0
779,cooperation,3,85.0
779,cooperation,4,85.0
779,modesty,0,45.0
779,modesty,1,45.0
779,modesty,2,45.0
779,modesty,3,45.0
779,modesty,4,45.0
779,sympathy,0,45.0
779,sympathy,1,45.0
779,sympathy,2,65.0
779,sympathy,3,65.0
779,sympathy,4,45.0
780,trust,0,75.0
780,trust,1,75.0
780,trust,2,75.0
780,trust,3,85.0
780,trust,4,75.0
780,altruism,0,45.0
780,altruism,1,45.0
780,altruism,2,45.0
780,altruism,3,45.0
780,altruism,4,45.0
780,cooperation,0,45.0
780,cooperation,1,65.0
780,cooperation,2,45.0
780,cooperation,3,45.0
780,cooperation,4,65.0
780,modesty,0,45.0
780,modesty,1,65.0
780,modesty,2,65.0
780,modesty,3,45.0
780,modesty,4,45.0
780,sympathy,0,45.0
780,sympathy,1,45.0
780,sympathy,2,45.0
780,sympathy,3,45.0
780,sympathy,4,45.0
781,trust,0,45.0
781,trust,1,45.0
781,trust,2,25.0
781,trust,3,45.0
781,trust,4,25.0
781,altruism,0,25.0
781,altruism,1,25.0
781,altruism,2,25.0
781,altruism,3,25.0
781,altruism,4,25.0
781,cooperation,0,45.0
781,cooperation,1,45.0
781,cooperation,2,45.0
781,cooperation,3,45.0
781,cooperation,4,45.0
781,modesty,0,45.0
781,modesty,1,45.0
781,modesty,2,40.0
781,modesty,3,40.0
781,modesty,4,45.0
781,sympathy,0,25.0
781,sympathy,1,25.0
781,sympathy,2,25.0
781,sympathy,3,25.0
781,sympathy,4,25.0
782,trust,0,45.0
782,trust,1,45.0
782,trust,2,60.0
782,trust,3,45.0
782,trust,4,45.0
782,altruism,0,30.0
782,altruism,1,25.0
782,altruism,2,30.0
782,altruism,3,30.0
782,altruism,4,30.0
782,cooperation,0,45.0
782,cooperation,1,65.0
782,cooperation,2,65.0
782,cooperation,3,65.0
782,cooperation,4,45.0
782,modesty,0,45.0
782,modesty,1,45.0
782,modesty,2,45.0
782,modesty,3,50.0
782,modesty,4,45.0
782,sympathy,0,35.0
782,sympathy,1,40.0
782,sympathy,2,35.0
782,sympathy,3,35.0
782,sympathy,4,35.0
783,trust,0,65.0
783,trust,1,65.0
783,trust,2,65.0
783,trust,3,65.0
783,trust,4,65.0
783,altruism,0,25.0
783,altruism,1,25.0
783,altruism,2,25.0
783,altruism,3,30.0
783,altruism,4,40.0
783,cooperation,0,45.0
783,cooperation,1,35.0
783,cooperation,2,35.0
783,cooperation,3,45.0
783,cooperation,4,45.0
783,modesty,0,45.0
783,modesty,1,45.0
783,modesty,2,45.0
783,modesty,3,45.0
783,modesty,4,45.0
783,sympathy,0,40.0
783,sympathy,1,45.0
783,sympathy,2,45.0
783,sympathy,3,35.0
783,sympathy,4,40.0
784,trust,0,75.0
784,trust,1,75.0
784,trust,2,75.0
784,trust,3,75.0
784,trust,4,75.0
784,altruism,0,45.0
784,altruism,1,45.0
784,altruism,2,65.0
784,altruism,3,65.0
784,altruism,4,65.0
784,cooperation,0,85.0
784,cooperation,1,85.0
784,cooperation,2,85.0
784,cooperation,3,85.0
784,cooperation,4,85.0
784,modesty,0,85.0
784,modesty,1,85.0
784,modesty,2,75.0
784,modesty,3,85.0
784,modesty,4,85.0
784,sympathy,0,65.0
784,sympathy,1,65.0
784,sympathy,2,65.0
784,sympathy,3,65.0
784,sympathy,4,45.0
785,trust,0,60.0
785,trust,1,45.0
785,trust,2,45.0
785,trust,3,45.0
785,trust,4,45.0
785,altruism,0,45.0
785,altruism,1,65.0
785,altruism,2,45.0
785,altruism,3,45.0
785,altruism,4,65.0
785,cooperation,0,45.0
785,cooperation,1,45.0
785,cooperation,2,45.0
785,cooperation,3,45.0
785,cooperation,4,30.0
785,modesty,0,45.0
785,modesty,1,45.0
785,modesty,2,45.0
785,modesty,3,45.0
785,modesty,4,45.0
785,sympathy,0,25.0
785,sympathy,1,25.0
785,sympathy,2,25.0
785,sympathy,3,25.0
785,sympathy,4,30.0
786,trust,0,45.0
786,trust,1,45.0
786,trust,2,45.0
786,trust,3,45.0
786,trust,4,45.0
786,altruism,0,45.0
786,altruism,1,45.0
786,altruism,2,45.0
786,altruism,3,45.0
786,altruism,4,45.0
786,cooperation,0,65.0
786,cooperation,1,65.0
786,cooperation,2,65.0
786,cooperation,3,65.0
786,cooperation,4,65.0
786,modesty,0,45.0
786,modesty,1,45.0
786,modesty,2,55.0
786,modesty,3,55.0
786,modesty,4,55.0
786,sympathy,0,45.0
786,sympathy,1,45.0
786,sympathy,2,45.0
786,sympathy,3,45.0
786,sympathy,4,45.0
787,trust,0,65.0
787,trust,1,65.0
787,trust,2,65.0
787,trust,3,65.0
787,trust,4,75.0
787,altruism,0,65.0
787,altruism,1,65.0
787,altruism,2,75.0
787,altruism,3,65.0
787,altruism,4,65.0
787,cooperation,0,75.0
787,cooperation,1,75.0
787,cooperation,2,85.0
787,cooperation,3,75.0
787,cooperation,4,75.0
787,modesty,0,55.0
787,modesty,1,65.0
787,modesty,2,65.0
787,modesty,3,65.0
787,modesty,4,55.0
787,sympathy,0,45.0
787,sympathy,1,45.0
787,sympathy,2,45.0
787,sympathy,3,45.0
787,sympathy,4,45.0
788,trust,0,85.0
788,trust,1,80.0
788,trust,2,75.0
788,trust,3,85.0
788,trust,4,80.0
788,altruism,0,65.0
788,altruism,1,65.0
788,altruism,2,65.0
788,altruism,3,65.0
788,altruism,4,80.0
788,cooperation,0,45.0
788,cooperation,1,45.0
788,cooperation,2,45.0
788,cooperation,3,45.0
788,cooperation,4,45.0
788,modesty,0,65.0
788,modesty,1,55.0
788,modesty,2,55.0
788,modesty,3,65.0
788,modesty,4,65.0
788,sympathy,0,85.0
788,sympathy,1,75.0
788,sympathy,2,65.0
788,sympathy,3,85.0
788,sympathy,4,75.0
789,trust,0,80.0
789,trust,1,80.0
789,trust,2,80.0
789,trust,3,80.0
789,trust,4,80.0
789,altruism,0,65.0
789,altruism,1,65.0
789,altruism,2,65.0
789,altruism,3,65.0
789,altruism,4,65.0
789,cooperation,0,75.0
789,cooperation,1,85.0
789,cooperation,2,75.0
789,cooperation,3,70.0
789,cooperation,4,65.0
789,modesty,0,35.0
789,modesty,1,35.0
789,modesty,2,45.0
789,modesty,3,30.0
789,modesty,4,35.0
789,sympathy,0,45.0
789,sympathy,1,40.0
789,sympathy,2,45.0
789,sympathy,3,45.0
789,sympathy,4,45.0
790,trust,0,75.0
790,trust,1,75.0
790,trust,2,75.0
790,trust,3,75.0
790,trust,4,75.0
790,altruism,0,90.0
790,altruism,1,90.0
790,altruism,2,90.0
790,altruism,3,90.0
790,altruism,4,90.0
790,cooperation,0,75.0
790,cooperation,1,85.0
790,cooperation,2,75.0
790,cooperation,3,85.0
790,cooperation,4,85.0
790,modesty,0,65.0
790,modesty,1,65.0
790,modesty,2,45.0
790,modesty,3,65.0
790,modesty,4,65.0
790,sympathy,0,70.0
790,sympathy,1,75.0
790,sympathy,2,75.0
790,sympathy,3,75.0
790,sympathy,4,70.0
791,trust,0,85.0
791,trust,1,75.0
791,trust,2,80.0
791,trust,3,85.0
791,trust,4,85.0
791,altruism,0,85.0
791,altruism,1,85.0
791,altruism,2,85.0
791,altruism,3,85.0
791,altruism,4,85.0
791,cooperation,0,85.0
791,cooperation,1,85.0
791,cooperation,2,85.0
791,cooperation,3,85.0
791,cooperation,4,85.0
791,modesty,0,45.0
791,modesty,1,65.0
791,modesty,2,40.0
791,modesty,3,50.0
791,modesty,4,65.0
791,sympathy,0,70.0
791,sympathy,1,75.0
791,sympathy,2,75.0
791,sympathy,3,65.0
791,sympathy,4,75.0
792,trust,0,75.0
792,trust,1,75.0
792,trust,2,75.0
792,trust,3,75.0
792,trust,4,75.0
792,altruism,0,85.0
792,altruism,1,85.0
792,altruism,2,85.0
792,altruism,3,85.0
792,altruism,4,85.0
792,cooperation,0,85.0
792,cooperation,1,85.0
792,cooperation,2,85.0
792,cooperation,3,85.0
792,cooperation,4,85.0
792,modesty,0,65.0
792,modesty,1,65.0
792,modesty,2,65.0
792,modesty,3,65.0
792,modesty,4,65.0
792,sympathy,0,75.0
792,sympathy,1,75.0
792,sympathy,2,75.0
792,sympathy,3,75.0
792,sympathy,4,75.0
793,trust,0,75.0
793,trust,1,75.0
793,trust,2,75.0
793,trust,3,75.0
793,trust,4,75.0
793,altruism,0,85.0
793,altruism,1,85.0
793,altruism,2,85.0
793,altruism,3,85.0
793,altruism,4,85.0
793,cooperation,0,65.0
793,cooperation,1,65.0
793,cooperation,2,65.0
793,cooperation,3,65.0
793,cooperation,4,65.0
793,modesty,0,45.0
793,modesty,1,65.0
793,modesty,2,65.0
793,modesty,3,55.0
793,modesty,4,55.0
793,sympathy,0,45.0
793,sympathy,1,45.0
793,sympathy,2,35.0
793,sympathy,3,35.0
793,sympathy,4,45.0
794,trust,0,30.0
794,trust,1,30.0
794,trust,2,30.0
794,trust,3,35.0
794,trust,4,30.0
794,altruism,0,25.0
794,altruism,1,25.0
794,altruism,2,30.0
794,altruism,3,25.0
794,altruism,4,25.0
794,cooperation,0,45.0
794,cooperation,1,45.0
794,cooperation,2,45.0
794,cooperation,3,45.0
794,cooperation,4,45.0
794,modesty,0,65.0
794,modesty,1,55.0
794,modesty,2,45.0
794,modesty,3,65.0
794,modesty,4,55.0
794,sympathy,0,25.0
794,sympathy,1,25.0
794,sympathy,2,30.0
794,sympathy,3,35.0
794,sympathy,4,25.0
795,trust,0,75.0
795,trust,1,85.0
795,trust,2,75.0
795,trust,3,70.0
795,trust,4,85.0
795,altruism,0,85.0
795,altruism,1,85.0
795,altruism,2,85.0
795,altruism,3,75.0
795,altruism,4,85.0
795,cooperation,0,75.0
795,cooperation,1,85.0
795,cooperation,2,75.0
795,cooperation,3,85.0
795,cooperation,4,85.0
795,modesty,0,65.0
795,modesty,1,65.0
795,modesty,2,65.0
795,modesty,3,65.0
795,modesty,4,65.0
795,sympathy,0,65.0
795,sympathy,1,65.0
795,sympathy,2,65.0
795,sympathy,3,65.0
795,sympathy,4,65.0
796,trust,0,80.0
796,trust,1,75.0
796,trust,2,85.0
796,trust,3,85.0
796,trust,4,75.0
796,altruism,0,80.0
796,altruism,1,65.0
796,altruism,2,85.0
796,altruism,3,85.0
796,altruism,4,75.0
796,cooperation,0,75.0
796,cooperation,1,70.0
796,cooperation,2,65.0
796,cooperation,3,75.0
796,cooperation,4,65.0
796,modesty,0,65.0
796,modesty,1,65.0
796,modesty,2,65.0
796,modesty,3,65.0
796,modesty,4,65.0
796,sympathy,0,65.0
796,sympathy,1,75.0
796,sympathy,2,65.0
796,sympathy,3,65.0
796,sympathy,4,65.0
797,trust,0,65.0
797,trust,1,65.0
797,trust,2,65.0
797,trust,3,65.0
797,trust,4,65.0
797,altruism,0,40.0
797,altruism,1,45.0
797,altruism,2,65.0
797,altruism,3,40.0
797,altruism,4,45.0
797,cooperation,0,85.0
797,cooperation,1,85.0
797,cooperation,2,75.0
797,cooperation,3,85.0
797,cooperation,4,85.0
797,modesty,0,70.0
797,modesty,1,65.0
797,modesty,2,70.0
797,modesty,3,70.0
797,modesty,4,65.0
797,sympathy,0,45.0
797,sympathy,1,45.0
797,sympathy,2,45.0
797,sympathy,3,45.0
797,sympathy,4,35.0
798,trust,0,75.0
798,trust,1,75.0
798,trust,2,75.0
798,trust,3,75.0
798,trust,4,80.0
798,altruism,0,85.0
798,altruism,1,85.0
798,altruism,2,85.0
798,altruism,3,85.0
798,altruism,4,85.0
798,cooperation,0,85.0
798,cooperation,1,85.0
798,cooperation,2,85.0
798,cooperation,3,85.0
798,cooperation,4,85.0
798,modesty,0,65.0
798,modesty,1,45.0
798,modesty,2,65.0
798,modesty,3,45.0
798,modesty,4,65.0
798,sympathy,0,75.0
798,sympathy,1,85.0
798,sympathy,2,85.0
798,sympathy,3,85.0
798,sympathy,4,85.0
799,trust,0,70.0
799,trust,1,65.0
799,trust,2,70.0
799,trust,3,65.0
799,trust,4,65.0
799,altruism,0,40.0
799,altruism,1,45.0
799,altruism,2,45.0
799,altruism,3,45.0
799,altruism,4,40.0
799,cooperation,0,85.0
799,cooperation,1,85.0
799,cooperation,2,90.0
799,cooperation,3,85.0
799,cooperation,4,85.0
799,modesty,0,75.0
799,modesty,1,65.0
799,modesty,2,70.0
799,modesty,3,70.0
799,modesty,4,85.0
799,sympathy,0,45.0
799,sympathy,1,45.0
799,sympathy,2,45.0
799,sympathy,3,25.0
799,sympathy,4,45.0
800,trust,0,45.0
800,trust,1,65.0
800,trust,2,65.0
800,trust,3,65.0
800,trust,4,65.0
800,altruism,0,25.0
800,altruism,1,25.0
800,altruism,2,25.0
800,altruism,3,25.0
800,altruism,4,30.0
800,cooperation,0,65.0
800,cooperation,1,45.0
800,cooperation,2,65.0
800,cooperation,3,45.0
800,cooperation,4,45.0
800,modesty,0,65.0
800,modesty,1,65.0
800,modesty,2,65.0
800,modesty,3,45.0
800,modesty,4,55.0
800,sympathy,0,35.0
800,sympathy,1,35.0
800,sympathy,2,30.0
800,sympathy,3,30.0
800,sympathy,4,35.0
801,trust,0,45.0
801,trust,1,65.0
801,trust,2,65.0
801,trust,3,65.0
801,trust,4,65.0
801,altruism,0,45.0
801,altruism,1,65.0
801,altruism,2,45.0
801,altruism,3,45.0
801,altruism,4,45.0
801,cooperation,0,75.0
801,cooperation,1,65.0
801,cooperation,2,75.0
801,cooperation,3,65.0
801,cooperation,4,75.0
801,modesty,0,65.0
801,modesty,1,65.0
801,modesty,2,65.0
801,modesty,3,65.0
801,modesty,4,65.0
801,sympathy,0,35.0
801,sympathy,1,30.0
801,sympathy,2,35.0
801,sympathy,3,35.0
801,sympathy,4,35.0
802,trust,0,65.0
802,trust,1,65.0
802,trust,2,65.0
802,trust,3,65.0
802,trust,4,65.0
802,altruism,0,25.0
802,altruism,1,25.0
802,altruism,2,25.0
802,altruism,3,25.0
802,altruism,4,25.0
802,cooperation,0,45.0
802,cooperation,1,65.0
802,cooperation,2,45.0
802,cooperation,3,45.0
802,cooperation,4,65.0
802,modesty,0,45.0
802,modesty,1,45.0
802,modesty,2,45.0
802,modesty,3,45.0
802,modesty,4,45.0
802,sympathy,0,75.0
802,sympathy,1,65.0
802,sympathy,2,70.0
802,sympathy,3,75.0
802,sympathy,4,65.0
803,trust,0,45.0
803,trust,1,40.0
803,trust,2,45.0
803,trust,3,65.0
803,trust,4,45.0
803,altruism,0,65.0
803,altruism,1,65.0
803,altruism,2,65.0
803,altruism,3,70.0
803,altruism,4,70.0
803,cooperation,0,85.0
803,cooperation,1,90.0
803,cooperation,2,90.0
803,cooperation,3,85.0
803,cooperation,4,85.0
803,modesty,0,75.0
803,modesty,1,65.0
803,modesty,2,65.0
803,modesty,3,65.0
803,modesty,4,75.0
803,sympathy,0,45.0
803,sympathy,1,45.0
803,sympathy,2,45.0
803,sympathy,3,45.0
803,sympathy,4,45.0
804,trust,0,65.0
804,trust,1,65.0
804,trust,2,65.0
804,trust,3,65.0
804,trust,4,65.0
804,altruism,0,40.0
804,altruism,1,35.0
804,altruism,2,35.0
804,altruism,3,40.0
804,altruism,4,40.0
804,cooperation,0,75.0
804,cooperation,1,85.0
804,cooperation,2,85.0
804,cooperation,3,85.0
804,cooperation,4,85.0
804,modesty,0,85.0
804,modesty,1,85.0
804,modesty,2,85.0
804,modesty,3,85.0
804,modesty,4,85.0
804,sympathy,0,45.0
804,sympathy,1,45.0
804,sympathy,2,45.0
804,sympathy,3,45.0
804,sympathy,4,45.0
805,trust,0,45.0
805,trust,1,45.0
805,trust,2,45.0
805,trust,3,45.0
805,trust,4,45.0
805,altruism,0,45.0
805,altruism,1,45.0
805,altruism,2,45.0
805,altruism,3,45.0
805,altruism,4,45.0
805,cooperation,0,75.0
805,cooperation,1,75.0
805,cooperation,2,75.0
805,cooperation,3,75.0
805,cooperation,4,75.0
805,modesty,0,90.0
805,modesty,1,90.0
805,modesty,2,85.0
805,modesty,3,90.0
805,modesty,4,85.0
805,sympathy,0,45.0
805,sympathy,1,45.0
805,sympathy,2,45.0
805,sympathy,3,45.0
805,sympathy,4,45.0
806,trust,0,45.0
806,trust,1,45.0
806,trust,2,45.0
806,trust,3,45.0
806,trust,4,45.0
806,altruism,0,25.0
806,altruism,1,45.0
806,altruism,2,25.0
806,altruism,3,30.0
806,altruism,4,25.0
806,cooperation,0,75.0
806,cooperation,1,75.0
806,cooperation,2,65.0
806,cooperation,3,65.0
806,cooperation,4,65.0
806,modesty,0,45.0
806,modesty,1,45.0
806,modesty,2,45.0
806,modesty,3,45.0
806,modesty,4,45.0
806,sympathy,0,25.0
806,sympathy,1,25.0
806,sympathy,2,25.0
806,sympathy,3,25.0
806,sympathy,4,25.0
807,trust,0,65.0
807,trust,1,65.0
807,trust,2,65.0
807,trust,3,65.0
807,trust,4,65.0
807,altruism,0,85.0
807,altruism,1,85.0
807,altruism,2,85.0
807,altruism,3,85.0
807,altruism,4,85.0
807,cooperation,0,85.0
807,cooperation,1,85.0
807,cooperation,2,85.0
807,cooperation,3,85.0
807,cooperation,4,85.0
807,modesty,0,65.0
807,modesty,1,65.0
807,modesty,2,65.0
807,modesty,3,65.0
807,modesty,4,65.0
807,sympathy,0,85.0
807,sympathy,1,75.0
807,sympathy,2,75.0
807,sympathy,3,75.0
807,sympathy,4,75.0
808,trust,0,85.0
808,trust,1,85.0
808,trust,2,85.0
808,trust,3,85.0
808,trust,4,85.0
808,altruism,0,85.0
808,altruism,1,85.0
808,altruism,2,85.0
808,altruism,3,85.0
808,altruism,4,85.0
808,cooperation,0,85.0
808,cooperation,1,85.0
808,cooperation,2,85.0
808,cooperation,3,85.0
808,cooperation,4,85.0
808,modesty,0,45.0
808,modesty,1,65.0
808,modesty,2,60.0
808,modesty,3,65.0
808,modesty,4,45.0
808,sympathy,0,85.0
808,sympathy,1,90.0
808,sympathy,2,85.0
808,sympathy,3,90.0
808,sympathy,4,90.0
809,trust,0,90.0
809,trust,1,90.0
809,trust,2,90.0
809,trust,3,90.0
809,trust,4,90.0
809,altruism,0,65.0
809,altruism,1,65.0
809,altruism,2,65.0
809,altruism,3,65.0
809,altruism,4,60.0
809,cooperation,0,75.0
809,cooperation,1,75.0
809,cooperation,2,65.0
809,cooperation,3,75.0
809,cooperation,4,70.0
809,modesty,0,45.0
809,modesty,1,45.0
809,modesty,2,45.0
809,modesty,3,45.0
809,modesty,4,45.0
809,sympathy,0,45.0
809,sympathy,1,45.0
809,sympathy,2,45.0
809,sympathy,3,45.0
809,sympathy,4,45.0
810,trust,0,65.0
810,trust,1,65.0
810,trust,2,75.0
810,trust,3,65.0
810,trust,4,65.0
810,altruism,0,25.0
810,altruism,1,30.0
810,altruism,2,30.0
810,altruism,3,30.0
810,altruism,4,30.0
810,cooperation,0,45.0
810,cooperation,1,45.0
810,cooperation,2,45.0
810,cooperation,3,45.0
810,cooperation,4,45.0
810,modesty,0,45.0
810,modesty,1,55.0
810,modesty,2,45.0
810,modesty,3,45.0
810,modesty,4,65.0
810,sympathy,0,45.0
810,sympathy,1,45.0
810,sympathy,2,45.0
810,sympathy,3,45.0
810,sympathy,4,45.0
811,trust,0,40.0
811,trust,1,40.0
811,trust,2,40.0
811,trust,3,40.0
811,trust,4,40.0
811,altruism,0,25.0
811,altruism,1,25.0
811,altruism,2,25.0
811,altruism,3,25.0
811,altruism,4,25.0
811,cooperation,0,25.0
811,cooperation,1,25.0
811,cooperation,2,25.0
811,cooperation,3,25.0
811,cooperation,4,30.0
811,modesty,0,40.0
811,modesty,1,40.0
811,modesty,2,45.0
811,modesty,3,40.0
811,modesty,4,40.0
811,sympathy,0,10.0
811,sympathy,1,25.0
811,sympathy,2,25.0
811,sympathy,3,25.0
811,sympathy,4,25.0
812,trust,0,45.0
812,trust,1,45.0
812,trust,2,45.0
812,trust,3,45.0
812,trust,4,50.0
812,altruism,0,25.0
812,altruism,1,45.0
812,altruism,2,45.0
812,altruism,3,25.0
812,altruism,4,45.0
812,cooperation,0,65.0
812,cooperation,1,65.0
812,cooperation,2,65.0
812,cooperation,3,65.0
812,cooperation,4,65.0
812,modesty,0,75.0
812,modesty,1,75.0
812,modesty,2,75.0
812,modesty,3,75.0
812,modesty,4,75.0
812,sympathy,0,45.0
812,sympathy,1,45.0
812,sympathy,2,45.0
812,sympathy,3,45.0
812,sympathy,4,45.0
813,trust,0,45.0
813,trust,1,45.0
813,trust,2,45.0
813,trust,3,45.0
813,trust,4,45.0
813,altruism,0,30.0
813,altruism,1,35.0
813,altruism,2,35.0
813,altruism,3,35.0
813,altruism,4,35.0
813,cooperation,0,65.0
813,cooperation,1,75.0
813,cooperation,2,65.0
813,cooperation,3,65.0
813,cooperation,4,65.0
813,modesty,0,65.0
813,modesty,1,65.0
813,modesty,2,75.0
813,modesty,3,65.0
813,modesty,4,65.0
813,sympathy,0,45.0
813,sympathy,1,45.0
813,sympathy,2,45.0
813,sympathy,3,45.0
813,sympathy,4,45.0
814,trust,0,45.0
814,trust,1,65.0
814,trust,2,45.0
814,trust,3,45.0
814,trust,4,60.0
814,altruism,0,45.0
814,altruism,1,45.0
814,altruism,2,45.0
814,altruism,3,45.0
814,altruism,4,45.0
814,cooperation,0,85.0
814,cooperation,1,75.0
814,cooperation,2,85.0
814,cooperation,3,75.0
814,cooperation,4,75.0
814,modesty,0,85.0
814,modesty,1,85.0
814,modesty,2,85.0
814,modesty,3,85.0
814,modesty,4,85.0
814,sympathy,0,85.0
814,sympathy,1,85.0
814,sympathy,2,85.0
814,sympathy,3,85.0
814,sympathy,4,85.0
815,trust,0,45.0
815,trust,1,45.0
815,trust,2,45.0
815,trust,3,45.0
815,trust,4,45.0
815,altruism,0,45.0
815,altruism,1,65.0
815,altruism,2,65.0
815,altruism,3,65.0
815,altruism,4,65.0
815,cooperation,0,65.0
815,cooperation,1,65.0
815,cooperation,2,65.0
815,cooperation,3,85.0
815,cooperation,4,65.0
815,modesty,0,45.0
815,modesty,1,45.0
815,modesty,2,45.0
815,modesty,3,45.0
815,modesty,4,45.0
815,sympathy,0,35.0
815,sympathy,1,25.0
815,sympathy,2,30.0
815,sympathy,3,25.0
815,sympathy,4,30.0
816,trust,0,45.0
816,trust,1,45.0
816,trust,2,45.0
816,trust,3,45.0
816,trust,4,45.0
816,altruism,0,40.0
816,altruism,1,35.0
816,altruism,2,35.0
816,altruism,3,45.0
816,altruism,4,35.0
816,cooperation,0,75.0
816,cooperation,1,75.0
816,cooperation,2,75.0
816,cooperation,3,75.0
816,cooperation,4,75.0
816,modesty,0,75.0
816,modesty,1,70.0
816,modesty,2,70.0
816,modesty,3,75.0
816,modesty,4,75.0
816,sympathy,0,65.0
816,sympathy,1,65.0
816,sympathy,2,45.0
816,sympathy,3,65.0
816,sympathy,4,65.0
817,trust,0,45.0
817,trust,1,65.0
817,trust,2,65.0
817,trust,3,45.0
817,trust,4,65.0
817,altruism,0,75.0
817,altruism,1,75.0
817,altruism,2,75.0
817,altruism,3,70.0
817,altruism,4,75.0
817,cooperation,0,75.0
817,cooperation,1,75.0
817,cooperation,2,75.0
817,cooperation,3,75.0
817,cooperation,4,75.0
817,modesty,0,65.0
817,modesty,1,65.0
817,modesty,2,65.0
817,modesty,3,65.0
817,modesty,4,65.0
817,sympathy,0,65.0
817,sympathy,1,45.0
817,sympathy,2,65.0
817,sympathy,3,65.0
817,sympathy,4,65.0
818,trust,0,65.0
818,trust,1,65.0
818,trust,2,65.0
818,trust,3,65.0
818,trust,4,65.0
818,altruism,0,65.0
818,altruism,1,65.0
818,altruism,2,75.0
818,altruism,3,75.0
818,altruism,4,75.0
818,cooperation,0,65.0
818,cooperation,1,65.0
818,cooperation,2,65.0
818,cooperation,3,65.0
818,cooperation,4,65.0
818,modesty,0,65.0
818,modesty,1,65.0
818,modesty,2,55.0
818,modesty,3,65.0
818,modesty,4,65.0
818,sympathy,0,90.0
818,sympathy,1,90.0
818,sympathy,2,85.0
818,sympathy,3,90.0
818,sympathy,4,90.0
819,trust,0,65.0
819,trust,1,65.0
819,trust,2,65.0
819,trust,3,65.0
819,trust,4,65.0
819,altruism,0,85.0
819,altruism,1,85.0
819,altruism,2,85.0
819,altruism,3,85.0
819,altruism,4,85.0
819,cooperation,0,85.0
819,cooperation,1,85.0
819,cooperation,2,85.0
819,cooperation,3,85.0
819,cooperation,4,85.0
819,modesty,0,85.0
819,modesty,1,85.0
819,modesty,2,75.0
819,modesty,3,85.0
819,modesty,4,85.0
819,sympathy,0,85.0
819,sympathy,1,85.0
819,sympathy,2,85.0
819,sympathy,3,85.0
819,sympathy,4,85.0
820,trust,0,75.0
820,trust,1,65.0
820,trust,2,65.0
820,trust,3,75.0
820,trust,4,75.0
820,altruism,0,90.0
820,altruism,1,90.0
820,altruism,2,90.0
820,altruism,3,90.0
820,altruism,4,90.0
820,cooperation,0,90.0
820,cooperation,1,90.0
820,cooperation,2,85.0
820,cooperation,3,85.0
820,cooperation,4,90.0
820,modesty,0,75.0
820,modesty,1,85.0
820,modesty,2,85.0
820,modesty,3,85.0
820,modesty,4,85.0
820,sympathy,0,85.0
820,sympathy,1,85.0
820,sympathy,2,85.0
820,sympathy,3,85.0
820,sympathy,4,85.0
821,trust,0,85.0
821,trust,1,75.0
821,trust,2,75.0
821,trust,3,75.0
821,trust,4,75.0
821,altruism,0,95.0
821,altruism,1,95.0
821,altruism,2,95.0
821,altruism,3,95.0
821,altruism,4,95.0
821,cooperation,0,75.0
821,cooperation,1,75.0
821,cooperation,2,75.0
821,cooperation,3,85.0
821,cooperation,4,75.0
821,modesty,0,45.0
821,modesty,1,45.0
821,modesty,2,45.0
821,modesty,3,45.0
821,modesty,4,65.0
821,sympathy,0,90.0
821,sympathy,1,90.0
821,sympathy,2,85.0
821,sympathy,3,90.0
821,sympathy,4,90.0
822,trust,0,40.0
822,trust,1,40.0
822,trust,2,40.0
822,trust,3,40.0
822,trust,4,40.0
822,altruism,0,90.0
822,altruism,1,90.0
822,altruism,2,90.0
822,altruism,3,90.0
822,altruism,4,90.0
822,cooperation,0,85.0
822,cooperation,1,65.0
822,cooperation,2,65.0
822,cooperation,3,65.0
822,cooperation,4,65.0
822,modesty,0,45.0
822,modesty,1,45.0
822,modesty,2,45.0
822,modesty,3,45.0
822,modesty,4,45.0
822,sympathy,0,85.0
822,sympathy,1,85.0
822,sympathy,2,85.0
822,sympathy,3,85.0
822,sympathy,4,85.0
823,trust,0,40.0
823,trust,1,40.0
823,trust,2,40.0
823,trust,3,40.0
823,trust,4,40.0
823,altruism,0,75.0
823,altruism,1,65.0
823,altruism,2,75.0
823,altruism,3,65.0
823,altruism,4,65.0
823,cooperation,0,85.0
823,cooperation,1,85.0
823,cooperation,2,85.0
823,cooperation,3,85.0
823,cooperation,4,85.0
823,modesty,0,75.0
823,modesty,1,75.0
823,modesty,2,75.0
823,modesty,3,75.0
823,modesty,4,75.0
823,sympathy,0,65.0
823,sympathy,1,65.0
823,sympathy,2,65.0
823,sympathy,3,65.0
823,sympathy,4,65.0
824,trust,0,35.0
824,trust,1,25.0
824,trust,2,35.0
824,trust,3,35.0
824,trust,4,30.0
824,altruism,0,25.0
824,altruism,1,25.0
824,altruism,2,25.0
824,altruism,3,25.0
824,altruism,4,25.0
824,cooperation,0,45.0
824,cooperation,1,45.0
824,cooperation,2,45.0
824,cooperation,3,45.0
824,cooperation,4,45.0
824,modesty,0,45.0
824,modesty,1,45.0
824,modesty,2,45.0
824,modesty,3,45.0
824,modesty,4,45.0
824,sympathy,0,25.0
824,sympathy,1,25.0
824,sympathy,2,25.0
824,sympathy,3,25.0
824,sympathy,4,25.0
825,trust,0,65.0
825,trust,1,65.0
825,trust,2,65.0
825,trust,3,65.0
825,trust,4,75.0
825,altruism,0,75.0
825,altruism,1,75.0
825,altruism,2,85.0
825,altruism,3,85.0
825,altruism,4,75.0
825,cooperation,0,85.0
825,cooperation,1,85.0
825,cooperation,2,85.0
825,cooperation,3,85.0
825,cooperation,4,85.0
825,modesty,0,75.0
825,modesty,1,75.0
825,modesty,2,75.0
825,modesty,3,75.0
825,modesty,4,75.0
825,sympathy,0,70.0
825,sympathy,1,75.0
825,sympathy,2,75.0
825,sympathy,3,75.0
825,sympathy,4,75.0
826,trust,0,75.0
826,trust,1,75.0
826,trust,2,75.0
826,trust,3,75.0
826,trust,4,75.0
826,altruism,0,75.0
826,altruism,1,75.0
826,altruism,2,75.0
826,altruism,3,75.0
826,altruism,4,75.0
826,cooperation,0,85.0
826,cooperation,1,85.0
826,cooperation,2,75.0
826,cooperation,3,75.0
826,cooperation,4,85.0
826,modesty,0,65.0
826,modesty,1,65.0
826,modesty,2,65.0
826,modesty,3,65.0
826,modesty,4,65.0
826,sympathy,0,65.0
826,sympathy,1,75.0
826,sympathy,2,65.0
826,sympathy,3,65.0
826,sympathy,4,75.0
827,trust,0,40.0
827,trust,1,40.0
827,trust,2,40.0
827,trust,3,40.0
827,trust,4,40.0
827,altruism,0,35.0
827,altruism,1,35.0
827,altruism,2,40.0
827,altruism,3,35.0
827,altruism,4,35.0
827,cooperation,0,85.0
827,cooperation,1,85.0
827,cooperation,2,85.0
827,cooperation,3,85.0
827,cooperation,4,85.0
827,modesty,0,45.0
827,modesty,1,50.0
827,modesty,2,45.0
827,modesty,3,45.0
827,modesty,4,65.0
827,sympathy,0,35.0
827,sympathy,1,45.0
827,sympathy,2,30.0
827,sympathy,3,35.0
827,sympathy,4,25.0
828,trust,0,65.0
828,trust,1,65.0
828,trust,2,65.0
828,trust,3,65.0
828,trust,4,65.0
828,altruism,0,75.0
828,altruism,1,80.0
828,altruism,2,75.0
828,altruism,3,85.0
828,altruism,4,75.0
828,cooperation,0,85.0
828,cooperation,1,85.0
828,cooperation,2,75.0
828,cooperation,3,85.0
828,cooperation,4,85.0
828,modesty,0,75.0
828,modesty,1,85.0
828,modesty,2,75.0
828,modesty,3,85.0
828,modesty,4,85.0
828,sympathy,0,65.0
828,sympathy,1,65.0
828,sympathy,2,65.0
828,sympathy,3,65.0
828,sympathy,4,65.0
829,trust,0,25.0
829,trust,1,25.0
829,trust,2,25.0
829,trust,3,25.0
829,trust,4,25.0
829,altruism,0,35.0
829,altruism,1,25.0
829,altruism,2,25.0
829,altruism,3,30.0
829,altruism,4,25.0
829,cooperation,0,85.0
829,cooperation,1,85.0
829,cooperation,2,65.0
829,cooperation,3,75.0
829,cooperation,4,65.0
829,modesty,0,65.0
829,modesty,1,65.0
829,modesty,2,65.0
829,modesty,3,65.0
829,modesty,4,65.0
829,sympathy,0,45.0
829,sympathy,1,45.0
829,sympathy,2,45.0
829,sympathy,3,45.0
829,sympathy,4,45.0
830,trust,0,45.0
830,trust,1,45.0
830,trust,2,45.0
830,trust,3,45.0
830,trust,4,45.0
830,altruism,0,35.0
830,altruism,1,35.0
830,altruism,2,35.0
830,altruism,3,35.0
830,altruism,4,35.0
830,cooperation,0,85.0
830,cooperation,1,65.0
830,cooperation,2,65.0
830,cooperation,3,85.0
830,cooperation,4,65.0
830,modesty,0,65.0
830,modesty,1,65.0
830,modesty,2,65.0
830,modesty,3,65.0
830,modesty,4,65.0
830,sympathy,0,65.0
830,sympathy,1,65.0
830,sympathy,2,45.0
830,sympathy,3,45.0
830,sympathy,4,65.0
831,trust,0,25.0
831,trust,1,40.0
831,trust,2,40.0
831,trust,3,40.0
831,trust,4,40.0
831,altruism,0,30.0
831,altruism,1,30.0
831,altruism,2,25.0
831,altruism,3,25.0
831,altruism,4,30.0
831,cooperation,0,25.0
831,cooperation,1,40.0
831,cooperation,2,45.0
831,cooperation,3,45.0
831,cooperation,4,40.0
831,modesty,0,45.0
831,modesty,1,45.0
831,modesty,2,45.0
831,modesty,3,45.0
831,modesty,4,45.0
831,sympathy,0,25.0
831,sympathy,1,40.0
831,sympathy,2,25.0
831,sympathy,3,30.0
831,sympathy,4,25.0
832,trust,0,80.0
832,trust,1,75.0
832,trust,2,75.0
832,trust,3,75.0
832,trust,4,75.0
832,altruism,0,35.0
832,altruism,1,25.0
832,altruism,2,35.0
832,altruism,3,35.0
832,altruism,4,25.0
832,cooperation,0,60.0
832,cooperation,1,65.0
832,cooperation,2,65.0
832,cooperation,3,45.0
832,cooperation,4,65.0
832,modesty,0,65.0
832,modesty,1,65.0
832,modesty,2,65.0
832,modesty,3,65.0
832,modesty,4,65.0
832,sympathy,0,65.0
832,sympathy,1,65.0
832,sympathy,2,65.0
832,sympathy,3,65.0
832,sympathy,4,65.0
833,trust,0,65.0
833,trust,1,65.0
833,trust,2,65.0
833,trust,3,65.0
833,trust,4,65.0
833,altruism,0,75.0
833,altruism,1,80.0
833,altruism,2,75.0
833,altruism,3,75.0
833,altruism,4,75.0
833,cooperation,0,75.0
833,cooperation,1,75.0
833,cooperation,2,75.0
833,cooperation,3,75.0
833,cooperation,4,75.0
833,modesty,0,65.0
833,modesty,1,65.0
833,modesty,2,65.0
833,modesty,3,65.0
833,modesty,4,65.0
833,sympathy,0,65.0
833,sympathy,1,65.0
833,sympathy,2,75.0
833,sympathy,3,65.0
833,sympathy,4,65.0
834,trust,0,75.0
834,trust,1,75.0
834,trust,2,75.0
834,trust,3,85.0
834,trust,4,75.0
834,altruism,0,65.0
834,altruism,1,65.0
834,altruism,2,65.0
834,altruism,3,65.0
834,altruism,4,65.0
834,cooperation,0,85.0
834,cooperation,1,85.0
834,cooperation,2,85.0
834,cooperation,3,90.0
834,cooperation,4,85.0
834,modesty,0,75.0
834,modesty,1,85.0
834,modesty,2,85.0
834,modesty,3,85.0
834,modesty,4,85.0
834,sympathy,0,65.0
834,sympathy,1,65.0
834,sympathy,2,65.0
834,sympathy,3,65.0
834,sympathy,4,65.0
835,trust,0,45.0
835,trust,1,45.0
835,trust,2,45.0
835,trust,3,45.0
835,trust,4,45.0
835,altruism,0,35.0
835,altruism,1,35.0
835,altruism,2,35.0
835,altruism,3,35.0
835,altruism,4,35.0
835,cooperation,0,65.0
835,cooperation,1,65.0
835,cooperation,2,65.0
835,cooperation,3,65.0
835,cooperation,4,65.0
835,modesty,0,65.0
835,modesty,1,65.0
835,modesty,2,65.0
835,modesty,3,65.0
835,modesty,4,65.0
835,sympathy,0,45.0
835,sympathy,1,45.0
835,sympathy,2,45.0
835,sympathy,3,45.0
835,sympathy,4,45.0
836,trust,0,45.0
836,trust,1,45.0
836,trust,2,45.0
836,trust,3,45.0
836,trust,4,45.0
836,altruism,0,45.0
836,altruism,1,45.0
836,altruism,2,65.0
836,altruism,3,45.0
836,altruism,4,45.0
836,cooperation,0,80.0
836,cooperation,1,80.0
836,cooperation,2,80.0
836,cooperation,3,85.0
836,cooperation,4,80.0
836,modesty,0,75.0
836,modesty,1,75.0
836,modesty,2,75.0
836,modesty,3,75.0
836,modesty,4,75.0
836,sympathy,0,65.0
836,sympathy,1,65.0
836,sympathy,2,65.0
836,sympathy,3,65.0
836,sympathy,4,65.0
837,trust,0,45.0
837,trust,1,45.0
837,trust,2,45.0
837,trust,3,45.0
837,trust,4,45.0
837,altruism,0,65.0
837,altruism,1,75.0
837,altruism,2,65.0
837,altruism,3,65.0
837,altruism,4,65.0
837,cooperation,0,85.0
837,cooperation,1,85.0
837,cooperation,2,75.0
837,cooperation,3,85.0
837,cooperation,4,85.0
837,modesty,0,65.0
837,modesty,1,65.0
837,modesty,2,65.0
837,modesty,3,55.0
837,modesty,4,65.0
837,sympathy,0,65.0
837,sympathy,1,45.0
837,sympathy,2,45.0
837,sympathy,3,45.0
837,sympathy,4,45.0
838,trust,0,65.0
838,trust,1,70.0
838,trust,2,65.0
838,trust,3,70.0
838,trust,4,75.0
838,altruism,0,75.0
838,altruism,1,75.0
838,altruism,2,75.0
838,altruism,3,75.0
838,altruism,4,75.0
838,cooperation,0,85.0
838,cooperation,1,85.0
838,cooperation,2,85.0
838,cooperation,3,85.0
838,cooperation,4,75.0
838,modesty,0,65.0
838,modesty,1,65.0
838,modesty,2,65.0
838,modesty,3,65.0
838,modesty,4,65.0
838,sympathy,0,90.0
838,sympathy,1,90.0
838,sympathy,2,90.0
838,sympathy,3,90.0
838,sympathy,4,95.0
839,trust,0,75.0
839,trust,1,75.0
839,trust,2,75.0
839,trust,3,75.0
839,trust,4,75.0
839,altruism,0,75.0
839,altruism,1,75.0
839,altruism,2,75.0
839,altruism,3,75.0
839,altruism,4,75.0
839,cooperation,0,85.0
839,cooperation,1,85.0
839,cooperation,2,85.0
839,cooperation,3,85.0
839,cooperation,4,85.0
839,modesty,0,70.0
839,modesty,1,75.0
839,modesty,2,75.0
839,modesty,3,65.0
839,modesty,4,70.0
839,sympathy,0,75.0
839,sympathy,1,75.0
839,sympathy,2,75.0
839,sympathy,3,75.0
839,sympathy,4,75.0
840,trust,0,70.0
840,trust,1,65.0
840,trust,2,75.0
840,trust,3,65.0
840,trust,4,75.0
840,altruism,0,45.0
840,altruism,1,45.0
840,altruism,2,45.0
840,altruism,3,45.0
840,altruism,4,45.0
840,cooperation,0,85.0
840,cooperation,1,85.0
840,cooperation,2,85.0
840,cooperation,3,85.0
840,cooperation,4,85.0
840,modesty,0,65.0
840,modesty,1,65.0
840,modesty,2,65.0
840,modesty,3,65.0
840,modesty,4,65.0
840,sympathy,0,75.0
840,sympathy,1,65.0
840,sympathy,2,65.0
840,sympathy,3,65.0
840,sympathy,4,65.0
841,trust,0,65.0
841,trust,1,65.0
841,trust,2,60.0
841,trust,3,60.0
841,trust,4,65.0
841,altruism,0,35.0
841,altruism,1,35.0
841,altruism,2,35.0
841,altruism,3,35.0
841,altruism,4,35.0
841,cooperation,0,85.0
841,cooperation,1,75.0
841,cooperation,2,75.0
841,cooperation,3,75.0
841,cooperation,4,75.0
841,modesty,0,85.0
841,modesty,1,85.0
841,modesty,2,85.0
841,modesty,3,85.0
841,modesty,4,85.0
841,sympathy,0,65.0
841,sympathy,1,65.0
841,sympathy,2,65.0
841,sympathy,3,65.0
841,sympathy,4,65.0
842,trust,0,45.0
842,trust,1,45.0
842,trust,2,45.0
842,trust,3,45.0
842,trust,4,45.0
842,altruism,0,45.0
842,altruism,1,45.0
842,altruism,2,45.0
842,altruism,3,45.0
842,altruism,4,45.0
842,cooperation,0,75.0
842,cooperation,1,75.0
842,cooperation,2,75.0
842,cooperation,3,75.0
842,cooperation,4,75.0
842,modesty,0,90.0
842,modesty,1,90.0
842,modesty,2,85.0
842,modesty,3,90.0
842,modesty,4,85.0
842,sympathy,0,45.0
842,sympathy,1,45.0
842,sympathy,2,45.0
842,sympathy,3,45.0
842,sympathy,4,45.0
843,trust,0,25.0
843,trust,1,25.0
843,trust,2,25.0
843,trust,3,25.0
843,trust,4,25.0
843,altruism,0,30.0
843,altruism,1,30.0
843,altruism,2,30.0
843,altruism,3,30.0
843,altruism,4,30.0
843,cooperation,0,40.0
843,cooperation,1,25.0
843,cooperation,2,25.0
843,cooperation,3,45.0
843,cooperation,4,40.0
843,modesty,0,45.0
843,modesty,1,45.0
843,modesty,2,45.0
843,modesty,3,45.0
843,modesty,4,45.0
843,sympathy,0,25.0
843,sympathy,1,25.0
843,sympathy,2,25.0
843,sympathy,3,25.0
843,sympathy,4,25.0
844,trust,0,65.0
844,trust,1,65.0
844,trust,2,70.0
844,trust,3,65.0
844,trust,4,65.0
844,altruism,0,35.0
844,altruism,1,35.0
844,altruism,2,35.0
844,altruism,3,35.0
844,altruism,4,35.0
844,cooperation,0,85.0
844,cooperation,1,85.0
844,cooperation,2,85.0
844,cooperation,3,85.0
844,cooperation,4,85.0
844,modesty,0,85.0
844,modesty,1,85.0
844,modesty,2,85.0
844,modesty,3,85.0
844,modesty,4,75.0
844,sympathy,0,45.0
844,sympathy,1,45.0
844,sympathy,2,45.0
844,sympathy,3,45.0
844,sympathy,4,45.0
845,trust,0,60.0
845,trust,1,45.0
845,trust,2,45.0
845,trust,3,45.0
845,trust,4,45.0
845,altruism,0,65.0
845,altruism,1,65.0
845,altruism,2,65.0
845,altruism,3,65.0
845,altruism,4,70.0
845,cooperation,0,75.0
845,cooperation,1,75.0
845,cooperation,2,75.0
845,cooperation,3,75.0
845,cooperation,4,75.0
845,modesty,0,65.0
845,modesty,1,65.0
845,modesty,2,65.0
845,modesty,3,65.0
845,modesty,4,65.0
845,sympathy,0,45.0
845,sympathy,1,45.0
845,sympathy,2,45.0
845,sympathy,3,45.0
845,sympathy,4,45.0
846,trust,0,45.0
846,trust,1,45.0
846,trust,2,45.0
846,trust,3,45.0
846,trust,4,45.0
846,altruism,0,45.0
846,altruism,1,25.0
846,altruism,2,45.0
846,altruism,3,45.0
846,altruism,4,25.0
846,cooperation,0,45.0
846,cooperation,1,45.0
846,cooperation,2,65.0
846,cooperation,3,45.0
846,cooperation,4,45.0
846,modesty,0,25.0
846,modesty,1,25.0
846,modesty,2,25.0
846,modesty,3,25.0
846,modesty,4,25.0
846,sympathy,0,45.0
846,sympathy,1,45.0
846,sympathy,2,45.0
846,sympathy,3,45.0
846,sympathy,4,45.0
847,trust,0,65.0
847,trust,1,75.0
847,trust,2,65.0
847,trust,3,65.0
847,trust,4,85.0
847,altruism,0,85.0
847,altruism,1,85.0
847,altruism,2,85.0
847,altruism,3,85.0
847,altruism,4,85.0
847,cooperation,0,65.0
847,cooperation,1,65.0
847,cooperation,2,65.0
847,cooperation,3,65.0
847,cooperation,4,65.0
847,modesty,0,45.0
847,modesty,1,45.0
847,modesty,2,45.0
847,modesty,3,45.0
847,modesty,4,45.0
847,sympathy,0,65.0
847,sympathy,1,75.0
847,sympathy,2,70.0
847,sympathy,3,65.0
847,sympathy,4,65.0
848,trust,0,75.0
848,trust,1,75.0
848,trust,2,75.0
848,trust,3,70.0
848,trust,4,75.0
848,altruism,0,75.0
848,altruism,1,75.0
848,altruism,2,75.0
848,altruism,3,75.0
848,altruism,4,75.0
848,cooperation,0,85.0
848,cooperation,1,85.0
848,cooperation,2,75.0
848,cooperation,3,85.0
848,cooperation,4,85.0
848,modesty,0,75.0
848,modesty,1,75.0
848,modesty,2,75.0
848,modesty,3,75.0
848,modesty,4,75.0
848,sympathy,0,85.0
848,sympathy,1,85.0
848,sympathy,2,85.0
848,sympathy,3,85.0
848,sympathy,4,85.0
849,trust,0,75.0
849,trust,1,75.0
849,trust,2,75.0
849,trust,3,75.0
849,trust,4,75.0
849,altruism,0,85.0
849,altruism,1,85.0
849,altruism,2,85.0
849,altruism,3,85.0
849,altruism,4,85.0
849,cooperation,0,90.0
849,cooperation,1,90.0
849,cooperation,2,90.0
849,cooperation,3,90.0
849,cooperation,4,90.0
849,modesty,0,75.0
849,modesty,1,75.0
849,modesty,2,75.0
849,modesty,3,75.0
849,modesty,4,75.0
849,sympathy,0,85.0
849,sympathy,1,85.0
849,sympathy,2,85.0
849,sympathy,3,85.0
849,sympathy,4,85.0
850,trust,0,85.0
850,trust,1,75.0
850,trust,2,85.0
850,trust,3,75.0
850,trust,4,75.0
850,altruism,0,95.0
850,altruism,1,90.0
850,altruism,2,90.0
850,altruism,3,95.0
850,altruism,4,95.0
850,cooperation,0,90.0
850,cooperation,1,90.0
850,cooperation,2,90.0
850,cooperation,3,95.0
850,cooperation,4,90.0
850,modesty,0,85.0
850,modesty,1,85.0
850,modesty,2,85.0
850,modesty,3,85.0
850,modesty,4,85.0
850,sympathy,0,85.0
850,sympathy,1,85.0
850,sympathy,2,85.0
850,sympathy,3,90.0
850,sympathy,4,90.0
851,trust,0,80.0
851,trust,1,85.0
851,trust,2,80.0
851,trust,3,85.0
851,trust,4,80.0
851,altruism,0,90.0
851,altruism,1,90.0
851,altruism,2,90.0
851,altruism,3,90.0
851,altruism,4,90.0
851,cooperation,0,85.0
851,cooperation,1,85.0
851,cooperation,2,85.0
851,cooperation,3,85.0
851,cooperation,4,85.0
851,modesty,0,65.0
851,modesty,1,65.0
851,modesty,2,45.0
851,modesty,3,65.0
851,modesty,4,45.0
851,sympathy,0,85.0
851,sympathy,1,85.0
851,sympathy,2,85.0
851,sympathy,3,85.0
851,sympathy,4,85.0
852,trust,0,70.0
852,trust,1,75.0
852,trust,2,75.0
852,trust,3,75.0
852,trust,4,70.0
852,altruism,0,85.0
852,altruism,1,85.0
852,altruism,2,85.0
852,altruism,3,85.0
852,altruism,4,85.0
852,cooperation,0,85.0
852,cooperation,1,85.0
852,cooperation,2,85.0
852,cooperation,3,85.0
852,cooperation,4,85.0
852,modesty,0,70.0
852,modesty,1,75.0
852,modesty,2,85.0
852,modesty,3,75.0
852,modesty,4,85.0
852,sympathy,0,75.0
852,sympathy,1,75.0
852,sympathy,2,75.0
852,sympathy,3,75.0
852,sympathy,4,75.0
853,trust,0,75.0
853,trust,1,75.0
853,trust,2,75.0
853,trust,3,75.0
853,trust,4,75.0
853,altruism,0,90.0
853,altruism,1,90.0
853,altruism,2,90.0
853,altruism,3,90.0
853,altruism,4,90.0
853,cooperation,0,85.0
853,cooperation,1,85.0
853,cooperation,2,85.0
853,cooperation,3,85.0
853,cooperation,4,85.0
853,modesty,0,75.0
853,modesty,1,70.0
853,modesty,2,75.0
853,modesty,3,70.0
853,modesty,4,75.0
853,sympathy,0,65.0
853,sympathy,1,65.0
853,sympathy,2,65.0
853,sympathy,3,65.0
853,sympathy,4,65.0
854,trust,0,35.0
854,trust,1,35.0
854,trust,2,35.0
854,trust,3,35.0
854,trust,4,25.0
854,altruism,0,35.0
854,altruism,1,35.0
854,altruism,2,35.0
854,altruism,3,25.0
854,altruism,4,25.0
854,cooperation,0,65.0
854,cooperation,1,65.0
854,cooperation,2,65.0
854,cooperation,3,65.0
854,cooperation,4,65.0
854,modesty,0,65.0
854,modesty,1,65.0
854,modesty,2,65.0
854,modesty,3,65.0
854,modesty,4,65.0
854,sympathy,0,25.0
854,sympathy,1,35.0
854,sympathy,2,35.0
854,sympathy,3,35.0
854,sympathy,4,35.0
855,trust,0,85.0
855,trust,1,85.0
855,trust,2,85.0
855,trust,3,85.0
855,trust,4,75.0
855,altruism,0,85.0
855,altruism,1,85.0
855,altruism,2,85.0
855,altruism,3,85.0
855,altruism,4,85.0
855,cooperation,0,85.0
855,cooperation,1,85.0
855,cooperation,2,85.0
855,cooperation,3,85.0
855,cooperation,4,85.0
855,modesty,0,75.0
855,modesty,1,75.0
855,modesty,2,75.0
855,modesty,3,75.0
855,modesty,4,75.0
855,sympathy,0,85.0
855,sympathy,1,85.0
855,sympathy,2,85.0
855,sympathy,3,85.0
855,sympathy,4,75.0
856,trust,0,25.0
856,trust,1,25.0
856,trust,2,25.0
856,trust,3,25.0
856,trust,4,25.0
856,altruism,0,25.0
856,altruism,1,45.0
856,altruism,2,25.0
856,altruism,3,40.0
856,altruism,4,25.0
856,cooperation,0,45.0
856,cooperation,1,25.0
856,cooperation,2,25.0
856,cooperation,3,25.0
856,cooperation,4,25.0
856,modesty,0,40.0
856,modesty,1,40.0
856,modesty,2,40.0
856,modesty,3,40.0
856,modesty,4,45.0
856,sympathy,0,45.0
856,sympathy,1,40.0
856,sympathy,2,45.0
856,sympathy,3,45.0
856,sympathy,4,40.0
857,trust,0,65.0
857,trust,1,65.0
857,trust,2,65.0
857,trust,3,60.0
857,trust,4,60.0
857,altruism,0,65.0
857,altruism,1,65.0
857,altruism,2,65.0
857,altruism,3,65.0
857,altruism,4,65.0
857,cooperation,0,75.0
857,cooperation,1,75.0
857,cooperation,2,75.0
857,cooperation,3,75.0
857,cooperation,4,75.0
857,modesty,0,65.0
857,modesty,1,65.0
857,modesty,2,65.0
857,modesty,3,65.0
857,modesty,4,65.0
857,sympathy,0,65.0
857,sympathy,1,65.0
857,sympathy,2,65.0
857,sympathy,3,65.0
857,sympathy,4,65.0
858,trust,0,65.0
858,trust,1,65.0
858,trust,2,75.0
858,trust,3,75.0
858,trust,4,70.0
858,altruism,0,85.0
858,altruism,1,85.0
858,altruism,2,85.0
858,altruism,3,85.0
858,altruism,4,85.0
858,cooperation,0,85.0
858,cooperation,1,85.0
858,cooperation,2,85.0
858,cooperation,3,85.0
858,cooperation,4,85.0
858,modesty,0,85.0
858,modesty,1,80.0
858,modesty,2,85.0
858,modesty,3,75.0
858,modesty,4,85.0
858,sympathy,0,85.0
858,sympathy,1,85.0
858,sympathy,2,75.0
858,sympathy,3,85.0
858,sympathy,4,85.0
859,trust,0,45.0
859,trust,1,45.0
859,trust,2,45.0
859,trust,3,45.0
859,trust,4,45.0
859,altruism,0,45.0
859,altruism,1,45.0
859,altruism,2,45.0
859,altruism,3,45.0
859,altruism,4,45.0
859,cooperation,0,85.0
859,cooperation,1,75.0
859,cooperation,2,75.0
859,cooperation,3,75.0
859,cooperation,4,75.0
859,modesty,0,75.0
859,modesty,1,75.0
859,modesty,2,75.0
859,modesty,3,75.0
859,modesty,4,85.0
859,sympathy,0,45.0
859,sympathy,1,45.0
859,sympathy,2,45.0
859,sympathy,3,25.0
859,sympathy,4,45.0
860,trust,0,45.0
860,trust,1,45.0
860,trust,2,45.0
860,trust,3,45.0
860,trust,4,60.0
860,altruism,0,35.0
860,altruism,1,35.0
860,altruism,2,40.0
860,altruism,3,35.0
860,altruism,4,35.0
860,cooperation,0,85.0
860,cooperation,1,85.0
860,cooperation,2,75.0
860,cooperation,3,75.0
860,cooperation,4,85.0
860,modesty,0,75.0
860,modesty,1,65.0
860,modesty,2,65.0
860,modesty,3,70.0
860,modesty,4,65.0
860,sympathy,0,45.0
860,sympathy,1,45.0
860,sympathy,2,45.0
860,sympathy,3,45.0
860,sympathy,4,45.0
861,trust,0,45.0
861,trust,1,45.0
861,trust,2,45.0
861,trust,3,45.0
861,trust,4,45.0
861,altruism,0,30.0
861,altruism,1,35.0
861,altruism,2,25.0
861,altruism,3,35.0
861,altruism,4,35.0
861,cooperation,0,45.0
861,cooperation,1,45.0
861,cooperation,2,45.0
861,cooperation,3,45.0
861,cooperation,4,45.0
861,modesty,0,35.0
861,modesty,1,35.0
861,modesty,2,35.0
861,modesty,3,45.0
861,modesty,4,45.0
861,sympathy,0,45.0
861,sympathy,1,45.0
861,sympathy,2,35.0
861,sympathy,3,45.0
861,sympathy,4,45.0
862,trust,0,65.0
862,trust,1,65.0
862,trust,2,65.0
862,trust,3,65.0
862,trust,4,65.0
862,altruism,0,45.0
862,altruism,1,45.0
862,altruism,2,45.0
862,altruism,3,45.0
862,altruism,4,45.0
862,cooperation,0,75.0
862,cooperation,1,75.0
862,cooperation,2,75.0
862,cooperation,3,85.0
862,cooperation,4,85.0
862,modesty,0,85.0
862,modesty,1,85.0
862,modesty,2,85.0
862,modesty,3,85.0
862,modesty,4,85.0
862,sympathy,0,65.0
862,sympathy,1,65.0
862,sympathy,2,65.0
862,sympathy,3,65.0
862,sympathy,4,65.0
863,trust,0,75.0
863,trust,1,75.0
863,trust,2,75.0
863,trust,3,75.0
863,trust,4,75.0
863,altruism,0,75.0
863,altruism,1,75.0
863,altruism,2,75.0
863,altruism,3,75.0
863,altruism,4,75.0
863,cooperation,0,85.0
863,cooperation,1,85.0
863,cooperation,2,85.0
863,cooperation,3,90.0
863,cooperation,4,85.0
863,modesty,0,75.0
863,modesty,1,75.0
863,modesty,2,75.0
863,modesty,3,75.0
863,modesty,4,75.0
863,sympathy,0,65.0
863,sympathy,1,65.0
863,sympathy,2,65.0
863,sympathy,3,65.0
863,sympathy,4,65.0
864,trust,0,65.0
864,trust,1,45.0
864,trust,2,45.0
864,trust,3,65.0
864,trust,4,45.0
864,altruism,0,30.0
864,altruism,1,25.0
864,altruism,2,40.0
864,altruism,3,40.0
864,altruism,4,40.0
864,cooperation,0,65.0
864,cooperation,1,45.0
864,cooperation,2,65.0
864,cooperation,3,45.0
864,cooperation,4,65.0
864,modesty,0,65.0
864,modesty,1,45.0
864,modesty,2,45.0
864,modesty,3,45.0
864,modesty,4,45.0
864,sympathy,0,45.0
864,sympathy,1,25.0
864,sympathy,2,25.0
864,sympathy,3,25.0
864,sympathy,4,45.0
865,trust,0,75.0
865,trust,1,75.0
865,trust,2,65.0
865,trust,3,65.0
865,trust,4,75.0
865,altruism,0,45.0
865,altruism,1,65.0
865,altruism,2,65.0
865,altruism,3,65.0
865,altruism,4,65.0
865,cooperation,0,85.0
865,cooperation,1,85.0
865,cooperation,2,85.0
865,cooperation,3,85.0
865,cooperation,4,85.0
865,modesty,0,85.0
865,modesty,1,85.0
865,modesty,2,85.0
865,modesty,3,85.0
865,modesty,4,85.0
865,sympathy,0,45.0
865,sympathy,1,45.0
865,sympathy,2,45.0
865,sympathy,3,45.0
865,sympathy,4,45.0
866,trust,0,65.0
866,trust,1,65.0
866,trust,2,65.0
866,trust,3,65.0
866,trust,4,65.0
866,altruism,0,65.0
866,altruism,1,75.0
866,altruism,2,65.0
866,altruism,3,75.0
866,altruism,4,85.0
866,cooperation,0,85.0
866,cooperation,1,85.0
866,cooperation,2,85.0
866,cooperation,3,85.0
866,cooperation,4,85.0
866,modesty,0,45.0
866,modesty,1,45.0
866,modesty,2,45.0
866,modesty,3,45.0
866,modesty,4,45.0
866,sympathy,0,45.0
866,sympathy,1,45.0
866,sympathy,2,45.0
866,sympathy,3,45.0
866,sympathy,4,45.0
867,trust,0,85.0
867,trust,1,85.0
867,trust,2,85.0
867,trust,3,85.0
867,trust,4,75.0
867,altruism,0,90.0
867,altruism,1,90.0
867,altruism,2,90.0
867,altruism,3,90.0
867,altruism,4,90.0
867,cooperation,0,85.0
867,cooperation,1,85.0
867,cooperation,2,90.0
867,cooperation,3,85.0
867,cooperation,4,90.0
867,modesty,0,85.0
867,modesty,1,85.0
867,modesty,2,85.0
867,modesty,3,85.0
867,modesty,4,85.0
867,sympathy,0,90.0
867,sympathy,1,90.0
867,sympathy,2,90.0
867,sympathy,3,90.0
867,sympathy,4,90.0
868,trust,0,85.0
868,trust,1,85.0
868,trust,2,85.0
868,trust,3,85.0
868,trust,4,80.0
868,altruism,0,90.0
868,altruism,1,90.0
868,altruism,2,90.0
868,altruism,3,90.0
868,altruism,4,90.0
868,cooperation,0,85.0
868,cooperation,1,85.0
868,cooperation,2,90.0
868,cooperation,3,85.0
868,cooperation,4,85.0
868,modesty,0,75.0
868,modesty,1,75.0
868,modesty,2,70.0
868,modesty,3,70.0
868,modesty,4,65.0
868,sympathy,0,85.0
868,sympathy,1,85.0
868,sympathy,2,85.0
868,sympathy,3,85.0
868,sympathy,4,85.0
869,trust,0,85.0
869,trust,1,85.0
869,trust,2,75.0
869,trust,3,75.0
869,trust,4,75.0
869,altruism,0,45.0
869,altruism,1,65.0
869,altruism,2,45.0
869,altruism,3,45.0
869,altruism,4,45.0
869,cooperation,0,75.0
869,cooperation,1,75.0
869,cooperation,2,75.0
869,cooperation,3,75.0
869,cooperation,4,75.0
869,modesty,0,45.0
869,modesty,1,65.0
869,modesty,2,45.0
869,modesty,3,45.0
869,modesty,4,45.0
869,sympathy,0,45.0
869,sympathy,1,45.0
869,sympathy,2,45.0
869,sympathy,3,45.0
869,sympathy,4,45.0
870,trust,0,70.0
870,trust,1,70.0
870,trust,2,75.0
870,trust,3,75.0
870,trust,4,65.0
870,altruism,0,45.0
870,altruism,1,45.0
870,altruism,2,45.0
870,altruism,3,45.0
870,altruism,4,45.0
870,cooperation,0,80.0
870,cooperation,1,80.0
870,cooperation,2,80.0
870,cooperation,3,80.0
870,cooperation,4,80.0
870,modesty,0,65.0
870,modesty,1,65.0
870,modesty,2,65.0
870,modesty,3,65.0
870,modesty,4,75.0
870,sympathy,0,45.0
870,sympathy,1,45.0
870,sympathy,2,45.0
870,sympathy,3,65.0
870,sympathy,4,45.0
871,trust,0,65.0
871,trust,1,85.0
871,trust,2,65.0
871,trust,3,65.0
871,trust,4,65.0
871,altruism,0,85.0
871,altruism,1,85.0
871,altruism,2,85.0
871,altruism,3,85.0
871,altruism,4,85.0
871,cooperation,0,25.0
871,cooperation,1,25.0
871,cooperation,2,25.0
871,cooperation,3,25.0
871,cooperation,4,25.0
871,modesty,0,25.0
871,modesty,1,45.0
871,modesty,2,25.0
871,modesty,3,25.0
871,modesty,4,45.0
871,sympathy,0,25.0
871,sympathy,1,25.0
871,sympathy,2,25.0
871,sympathy,3,25.0
871,sympathy,4,25.0
872,trust,0,45.0
872,trust,1,45.0
872,trust,2,45.0
872,trust,3,45.0
872,trust,4,45.0
872,altruism,0,30.0
872,altruism,1,30.0
872,altruism,2,30.0
872,altruism,3,30.0
872,altruism,4,30.0
872,cooperation,0,45.0
872,cooperation,1,45.0
872,cooperation,2,45.0
872,cooperation,3,45.0
872,cooperation,4,45.0
872,modesty,0,45.0
872,modesty,1,45.0
872,modesty,2,45.0
872,modesty,3,45.0
872,modesty,4,45.0
872,sympathy,0,45.0
872,sympathy,1,45.0
872,sympathy,2,45.0
872,sympathy,3,45.0
872,sympathy,4,25.0
873,trust,0,65.0
873,trust,1,60.0
873,trust,2,65.0
873,trust,3,65.0
873,trust,4,65.0
873,altruism,0,25.0
873,altruism,1,25.0
873,altruism,2,35.0
873,altruism,3,35.0
873,altruism,4,25.0
873,cooperation,0,35.0
873,cooperation,1,25.0
873,cooperation,2,45.0
873,cooperation,3,35.0
873,cooperation,4,35.0
873,modesty,0,45.0
873,modesty,1,45.0
873,modesty,2,45.0
873,modesty,3,45.0
873,modesty,4,45.0
873,sympathy,0,45.0
873,sympathy,1,45.0
873,sympathy,2,45.0
873,sympathy,3,35.0
873,sympathy,4,30.0
874,trust,0,65.0
874,trust,1,60.0
874,trust,2,65.0
874,trust,3,65.0
874,trust,4,65.0
874,altruism,0,45.0
874,altruism,1,45.0
874,altruism,2,45.0
874,altruism,3,45.0
874,altruism,4,45.0
874,cooperation,0,85.0
874,cooperation,1,85.0
874,cooperation,2,85.0
874,cooperation,3,85.0
874,cooperation,4,85.0
874,modesty,0,70.0
874,modesty,1,65.0
874,modesty,2,70.0
874,modesty,3,70.0
874,modesty,4,70.0
874,sympathy,0,65.0
874,sympathy,1,65.0
874,sympathy,2,65.0
874,sympathy,3,65.0
874,sympathy,4,65.0
875,trust,0,60.0
875,trust,1,45.0
875,trust,2,45.0
875,trust,3,45.0
875,trust,4,45.0
875,altruism,0,40.0
875,altruism,1,40.0
875,altruism,2,40.0
875,altruism,3,25.0
875,altruism,4,40.0
875,cooperation,0,40.0
875,cooperation,1,40.0
875,cooperation,2,40.0
875,cooperation,3,40.0
875,cooperation,4,40.0
875,modesty,0,45.0
875,modesty,1,45.0
875,modesty,2,45.0
875,modesty,3,45.0
875,modesty,4,45.0
875,sympathy,0,25.0
875,sympathy,1,25.0
875,sympathy,2,25.0
875,sympathy,3,25.0
875,sympathy,4,25.0
876,trust,0,45.0
876,trust,1,45.0
876,trust,2,45.0
876,trust,3,45.0
876,trust,4,45.0
876,altruism,0,45.0
876,altruism,1,45.0
876,altruism,2,65.0
876,altruism,3,40.0
876,altruism,4,40.0
876,cooperation,0,65.0
876,cooperation,1,45.0
876,cooperation,2,55.0
876,cooperation,3,55.0
876,cooperation,4,45.0
876,modesty,0,45.0
876,modesty,1,45.0
876,modesty,2,45.0
876,modesty,3,45.0
876,modesty,4,45.0
876,sympathy,0,45.0
876,sympathy,1,45.0
876,sympathy,2,45.0
876,sympathy,3,45.0
876,sympathy,4,45.0
877,trust,0,45.0
877,trust,1,45.0
877,trust,2,45.0
877,trust,3,45.0
877,trust,4,45.0
877,altruism,0,45.0
877,altruism,1,40.0
877,altruism,2,25.0
877,altruism,3,40.0
877,altruism,4,40.0
877,cooperation,0,45.0
877,cooperation,1,45.0
877,cooperation,2,40.0
877,cooperation,3,40.0
877,cooperation,4,40.0
877,modesty,0,40.0
877,modesty,1,40.0
877,modesty,2,40.0
877,modesty,3,40.0
877,modesty,4,40.0
877,sympathy,0,25.0
877,sympathy,1,25.0
877,sympathy,2,25.0
877,sympathy,3,25.0
877,sympathy,4,25.0
878,trust,0,65.0
878,trust,1,65.0
878,trust,2,65.0
878,trust,3,65.0
878,trust,4,65.0
878,altruism,0,65.0
878,altruism,1,65.0
878,altruism,2,65.0
878,altruism,3,65.0
878,altruism,4,65.0
878,cooperation,0,75.0
878,cooperation,1,65.0
878,cooperation,2,75.0
878,cooperation,3,75.0
878,cooperation,4,65.0
878,modesty,0,85.0
878,modesty,1,85.0
878,modesty,2,70.0
878,modesty,3,85.0
878,modesty,4,85.0
878,sympathy,0,65.0
878,sympathy,1,65.0
878,sympathy,2,65.0
878,sympathy,3,65.0
878,sympathy,4,65.0
879,trust,0,80.0
879,trust,1,85.0
879,trust,2,85.0
879,trust,3,85.0
879,trust,4,85.0
879,altruism,0,65.0
879,altruism,1,65.0
879,altruism,2,65.0
879,altruism,3,65.0
879,altruism,4,65.0
879,cooperation,0,85.0
879,cooperation,1,85.0
879,cooperation,2,85.0
879,cooperation,3,85.0
879,cooperation,4,85.0
879,modesty,0,65.0
879,modesty,1,65.0
879,modesty,2,65.0
879,modesty,3,65.0
879,modesty,4,65.0
879,sympathy,0,75.0
879,sympathy,1,75.0
879,sympathy,2,75.0
879,sympathy,3,85.0
879,sympathy,4,85.0
880,trust,0,75.0
880,trust,1,75.0
880,trust,2,70.0
880,trust,3,85.0
880,trust,4,75.0
880,altruism,0,70.0
880,altruism,1,70.0
880,altruism,2,70.0
880,altruism,3,70.0
880,altruism,4,70.0
880,cooperation,0,90.0
880,cooperation,1,85.0
880,cooperation,2,75.0
880,cooperation,3,85.0
880,cooperation,4,85.0
880,modesty,0,65.0
880,modesty,1,65.0
880,modesty,2,65.0
880,modesty,3,65.0
880,modesty,4,65.0
880,sympathy,0,70.0
880,sympathy,1,65.0
880,sympathy,2,65.0
880,sympathy,3,65.0
880,sympathy,4,70.0
881,trust,0,65.0
881,trust,1,65.0
881,trust,2,65.0
881,trust,3,65.0
881,trust,4,65.0
881,altruism,0,75.0
881,altruism,1,75.0
881,altruism,2,75.0
881,altruism,3,75.0
881,altruism,4,75.0
881,cooperation,0,75.0
881,cooperation,1,85.0
881,cooperation,2,75.0
881,cooperation,3,85.0
881,cooperation,4,75.0
881,modesty,0,85.0
881,modesty,1,75.0
881,modesty,2,85.0
881,modesty,3,75.0
881,modesty,4,85.0
881,sympathy,0,65.0
881,sympathy,1,65.0
881,sympathy,2,65.0
881,sympathy,3,65.0
881,sympathy,4,65.0
882,trust,0,75.0
882,trust,1,75.0
882,trust,2,75.0
882,trust,3,75.0
882,trust,4,75.0
882,altruism,0,85.0
882,altruism,1,85.0
882,altruism,2,85.0
882,altruism,3,85.0
882,altruism,4,85.0
882,cooperation,0,85.0
882,cooperation,1,85.0
882,cooperation,2,85.0
882,cooperation,3,85.0
882,cooperation,4,85.0
882,modesty,0,70.0
882,modesty,1,70.0
882,modesty,2,65.0
882,modesty,3,65.0
882,modesty,4,70.0
882,sympathy,0,75.0
882,sympathy,1,85.0
882,sympathy,2,85.0
882,sympathy,3,75.0
882,sympathy,4,85.0
883,trust,0,85.0
883,trust,1,75.0
883,trust,2,75.0
883,trust,3,75.0
883,trust,4,75.0
883,altruism,0,85.0
883,altruism,1,85.0
883,altruism,2,85.0
883,altruism,3,85.0
883,altruism,4,75.0
883,cooperation,0,65.0
883,cooperation,1,45.0
883,cooperation,2,45.0
883,cooperation,3,45.0
883,cooperation,4,65.0
883,modesty,0,45.0
883,modesty,1,45.0
883,modesty,2,45.0
883,modesty,3,45.0
883,modesty,4,45.0
883,sympathy,0,45.0
883,sympathy,1,45.0
883,sympathy,2,45.0
883,sympathy,3,45.0
883,sympathy,4,45.0
884,trust,0,65.0
884,trust,1,45.0
884,trust,2,45.0
884,trust,3,65.0
884,trust,4,45.0
884,altruism,0,25.0
884,altruism,1,30.0
884,altruism,2,25.0
884,altruism,3,25.0
884,altruism,4,25.0
884,cooperation,0,70.0
884,cooperation,1,65.0
884,cooperation,2,65.0
884,cooperation,3,75.0
884,cooperation,4,65.0
884,modesty,0,45.0
884,modesty,1,45.0
884,modesty,2,40.0
884,modesty,3,45.0
884,modesty,4,45.0
884,sympathy,0,45.0
884,sympathy,1,65.0
884,sympathy,2,45.0
884,sympathy,3,65.0
884,sympathy,4,65.0
885,trust,0,75.0
885,trust,1,75.0
885,trust,2,75.0
885,trust,3,75.0
885,trust,4,75.0
885,altruism,0,75.0
885,altruism,1,75.0
885,altruism,2,75.0
885,altruism,3,75.0
885,altruism,4,75.0
885,cooperation,0,80.0
885,cooperation,1,85.0
885,cooperation,2,80.0
885,cooperation,3,80.0
885,cooperation,4,80.0
885,modesty,0,45.0
885,modesty,1,45.0
885,modesty,2,45.0
885,modesty,3,45.0
885,modesty,4,45.0
885,sympathy,0,65.0
885,sympathy,1,65.0
885,sympathy,2,65.0
885,sympathy,3,45.0
885,sympathy,4,65.0
886,trust,0,85.0
886,trust,1,85.0
886,trust,2,85.0
886,trust,3,85.0
886,trust,4,85.0
886,altruism,0,85.0
886,altruism,1,85.0
886,altruism,2,85.0
886,altruism,3,85.0
886,altruism,4,85.0
886,cooperation,0,85.0
886,cooperation,1,85.0
886,cooperation,2,85.0
886,cooperation,3,85.0
886,cooperation,4,85.0
886,modesty,0,75.0
886,modesty,1,85.0
886,modesty,2,85.0
886,modesty,3,85.0
886,modesty,4,85.0
886,sympathy,0,85.0
886,sympathy,1,85.0
886,sympathy,2,85.0
886,sympathy,3,85.0
886,sympathy,4,85.0
887,trust,0,65.0
887,trust,1,65.0
887,trust,2,65.0
887,trust,3,80.0
887,trust,4,65.0
887,altruism,0,85.0
887,altruism,1,85.0
887,altruism,2,85.0
887,altruism,3,85.0
887,altruism,4,85.0
887,cooperation,0,85.0
887,cooperation,1,85.0
887,cooperation,2,85.0
887,cooperation,3,85.0
887,cooperation,4,85.0
887,modesty,0,65.0
887,modesty,1,65.0
887,modesty,2,45.0
887,modesty,3,45.0
887,modesty,4,45.0
887,sympathy,0,85.0
887,sympathy,1,85.0
887,sympathy,2,75.0
887,sympathy,3,85.0
887,sympathy,4,65.0
888,trust,0,65.0
888,trust,1,65.0
888,trust,2,65.0
888,trust,3,65.0
888,trust,4,65.0
888,altruism,0,75.0
888,altruism,1,75.0
888,altruism,2,75.0
888,altruism,3,75.0
888,altruism,4,75.0
888,cooperation,0,75.0
888,cooperation,1,75.0
888,cooperation,2,75.0
888,cooperation,3,75.0
888,cooperation,4,75.0
888,modesty,0,90.0
888,modesty,1,85.0
888,modesty,2,85.0
888,modesty,3,85.0
888,modesty,4,85.0
888,sympathy,0,75.0
888,sympathy,1,75.0
888,sympathy,2,75.0
888,sympathy,3,75.0
888,sympathy,4,75.0
889,trust,0,45.0
889,trust,1,45.0
889,trust,2,45.0
889,trust,3,25.0
889,trust,4,45.0
889,altruism,0,25.0
889,altruism,1,25.0
889,altruism,2,25.0
889,altruism,3,25.0
889,altruism,4,25.0
889,cooperation,0,85.0
889,cooperation,1,85.0
889,cooperation,2,85.0
889,cooperation,3,85.0
889,cooperation,4,85.0
889,modesty,0,40.0
889,modesty,1,40.0
889,modesty,2,30.0
889,modesty,3,40.0
889,modesty,4,45.0
889,sympathy,0,25.0
889,sympathy,1,25.0
889,sympathy,2,25.0
889,sympathy,3,25.0
889,sympathy,4,25.0
890,trust,0,85.0
890,trust,1,85.0
890,trust,2,85.0
890,trust,3,85.0
890,trust,4,85.0
890,altruism,0,90.0
890,altruism,1,85.0
890,altruism,2,90.0
890,altruism,3,90.0
890,altruism,4,90.0
890,cooperation,0,85.0
890,cooperation,1,40.0
890,cooperation,2,85.0
890,cooperation,3,75.0
890,cooperation,4,85.0
890,modesty,0,30.0
890,modesty,1,30.0
890,modesty,2,30.0
890,modesty,3,25.0
890,modesty,4,30.0
890,sympathy,0,85.0
890,sympathy,1,85.0
890,sympathy,2,85.0
890,sympathy,3,85.0
890,sympathy,4,90.0
891,trust,0,45.0
891,trust,1,45.0
891,trust,2,45.0
891,trust,3,45.0
891,trust,4,45.0
891,altruism,0,40.0
891,altruism,1,40.0
891,altruism,2,40.0
891,altruism,3,40.0
891,altruism,4,25.0
891,cooperation,0,65.0
891,cooperation,1,65.0
891,cooperation,2,60.0
891,cooperation,3,65.0
891,cooperation,4,60.0
891,modesty,0,65.0
891,modesty,1,65.0
891,modesty,2,65.0
891,modesty,3,65.0
891,modesty,4,65.0
891,sympathy,0,45.0
891,sympathy,1,45.0
891,sympathy,2,45.0
891,sympathy,3,45.0
891,sympathy,4,45.0
892,trust,0,45.0
892,trust,1,45.0
892,trust,2,45.0
892,trust,3,45.0
892,trust,4,45.0
892,altruism,0,45.0
892,altruism,1,45.0
892,altruism,2,45.0
892,altruism,3,45.0
892,altruism,4,45.0
892,cooperation,0,75.0
892,cooperation,1,75.0
892,cooperation,2,75.0
892,cooperation,3,75.0
892,cooperation,4,75.0
892,modesty,0,70.0
892,modesty,1,75.0
892,modesty,2,75.0
892,modesty,3,70.0
892,modesty,4,70.0
892,sympathy,0,65.0
892,sympathy,1,65.0
892,sympathy,2,65.0
892,sympathy,3,65.0
892,sympathy,4,65.0
893,trust,0,65.0
893,trust,1,65.0
893,trust,2,70.0
893,trust,3,65.0
893,trust,4,70.0
893,altruism,0,70.0
893,altruism,1,65.0
893,altruism,2,65.0
893,altruism,3,65.0
893,altruism,4,65.0
893,cooperation,0,40.0
893,cooperation,1,40.0
893,cooperation,2,40.0
893,cooperation,3,40.0
893,cooperation,4,40.0
893,modesty,0,45.0
893,modesty,1,40.0
893,modesty,2,45.0
893,modesty,3,40.0
893,modesty,4,40.0
893,sympathy,0,45.0
893,sympathy,1,65.0
893,sympathy,2,65.0
893,sympathy,3,65.0
893,sympathy,4,65.0
894,trust,0,85.0
894,trust,1,85.0
894,trust,2,85.0
894,trust,3,85.0
894,trust,4,85.0
894,altruism,0,40.0
894,altruism,1,40.0
894,altruism,2,40.0
894,altruism,3,40.0
894,altruism,4,40.0
894,cooperation,0,75.0
894,cooperation,1,75.0
894,cooperation,2,75.0
894,cooperation,3,75.0
894,cooperation,4,75.0
894,modesty,0,65.0
894,modesty,1,65.0
894,modesty,2,65.0
894,modesty,3,65.0
894,modesty,4,65.0
894,sympathy,0,45.0
894,sympathy,1,45.0
894,sympathy,2,45.0
894,sympathy,3,45.0
894,sympathy,4,45.0
895,trust,0,50.0
895,trust,1,50.0
895,trust,2,50.0
895,trust,3,50.0
895,trust,4,50.0
895,altruism,0,45.0
895,altruism,1,45.0
895,altruism,2,45.0
895,altruism,3,45.0
895,altruism,4,45.0
895,cooperation,0,65.0
895,cooperation,1,65.0
895,cooperation,2,65.0
895,cooperation,3,65.0
895,cooperation,4,65.0
895,modesty,0,75.0
895,modesty,1,70.0
895,modesty,2,75.0
895,modesty,3,75.0
895,modesty,4,75.0
895,sympathy,0,45.0
895,sympathy,1,45.0
895,sympathy,2,45.0
895,sympathy,3,45.0
895,sympathy,4,45.0
896,trust,0,85.0
896,trust,1,85.0
896,trust,2,75.0
896,trust,3,85.0
896,trust,4,85.0
896,altruism,0,65.0
896,altruism,1,65.0
896,altruism,2,65.0
896,altruism,3,65.0
896,altruism,4,65.0
896,cooperation,0,45.0
896,cooperation,1,65.0
896,cooperation,2,65.0
896,cooperation,3,45.0
896,cooperation,4,65.0
896,modesty,0,30.0
896,modesty,1,35.0
896,modesty,2,35.0
896,modesty,3,35.0
896,modesty,4,35.0
896,sympathy,0,45.0
896,sympathy,1,45.0
896,sympathy,2,45.0
896,sympathy,3,35.0
896,sympathy,4,35.0
897,trust,0,85.0
897,trust,1,85.0
897,trust,2,85.0
897,trust,3,85.0
897,trust,4,85.0
897,altruism,0,90.0
897,altruism,1,90.0
897,altruism,2,90.0
897,altruism,3,90.0
897,altruism,4,90.0
897,cooperation,0,75.0
897,cooperation,1,75.0
897,cooperation,2,85.0
897,cooperation,3,75.0
897,cooperation,4,75.0
897,modesty,0,45.0
897,modesty,1,45.0
897,modesty,2,45.0
897,modesty,3,45.0
897,modesty,4,45.0
897,sympathy,0,90.0
897,sympathy,1,95.0
897,sympathy,2,90.0
897,sympathy,3,95.0
897,sympathy,4,90.0
898,trust,0,85.0
898,trust,1,85.0
898,trust,2,85.0
898,trust,3,85.0
898,trust,4,85.0
898,altruism,0,85.0
898,altruism,1,85.0
898,altruism,2,85.0
898,altruism,3,75.0
898,altruism,4,85.0
898,cooperation,0,90.0
898,cooperation,1,85.0
898,cooperation,2,90.0
898,cooperation,3,90.0
898,cooperation,4,85.0
898,modesty,0,75.0
898,modesty,1,70.0
898,modesty,2,75.0
898,modesty,3,70.0
898,modesty,4,70.0
898,sympathy,0,90.0
898,sympathy,1,90.0
898,sympathy,2,90.0
898,sympathy,3,90.0
898,sympathy,4,90.0
899,trust,0,85.0
899,trust,1,85.0
899,trust,2,85.0
899,trust,3,85.0
899,trust,4,85.0
899,altruism,0,65.0
899,altruism,1,75.0
899,altruism,2,70.0
899,altruism,3,65.0
899,altruism,4,75.0
899,cooperation,0,75.0
899,cooperation,1,75.0
899,cooperation,2,70.0
899,cooperation,3,65.0
899,cooperation,4,75.0
899,modesty,0,35.0
899,modesty,1,35.0
899,modesty,2,35.0
899,modesty,3,35.0
899,modesty,4,35.0
899,sympathy,0,45.0
899,sympathy,1,45.0
899,sympathy,2,45.0
899,sympathy,3,45.0
899,sympathy,4,45.0
900,trust,0,75.0
900,trust,1,75.0
900,trust,2,75.0
900,trust,3,75.0
900,trust,4,75.0
900,altruism,0,45.0
900,altruism,1,45.0
900,altruism,2,40.0
900,altruism,3,40.0
900,altruism,4,45.0
900,cooperation,0,25.0
900,cooperation,1,45.0
900,cooperation,2,45.0
900,cooperation,3,45.0
900,cooperation,4,25.0
900,modesty,0,45.0
900,modesty,1,45.0
900,modesty,2,45.0
900,modesty,3,45.0
900,modesty,4,45.0
900,sympathy,0,65.0
900,sympathy,1,65.0
900,sympathy,2,65.0
900,sympathy,3,65.0
900,sympathy,4,65.0
901,trust,0,65.0
901,trust,1,65.0
901,trust,2,65.0
901,trust,3,65.0
901,trust,4,65.0
901,altruism,0,45.0
901,altruism,1,65.0
901,altruism,2,45.0
901,altruism,3,45.0
901,altruism,4,45.0
901,cooperation,0,85.0
901,cooperation,1,85.0
901,cooperation,2,75.0
901,cooperation,3,85.0
901,cooperation,4,75.0
901,modesty,0,85.0
901,modesty,1,85.0
901,modesty,2,85.0
901,modesty,3,75.0
901,modesty,4,85.0
901,sympathy,0,75.0
901,sympathy,1,75.0
901,sympathy,2,75.0
901,sympathy,3,75.0
901,sympathy,4,75.0
902,trust,0,60.0
902,trust,1,60.0
902,trust,2,60.0
902,trust,3,60.0
902,trust,4,45.0
902,altruism,0,65.0
902,altruism,1,65.0
902,altruism,2,65.0
902,altruism,3,65.0
902,altruism,4,65.0
902,cooperation,0,75.0
902,cooperation,1,75.0
902,cooperation,2,75.0
902,cooperation,3,75.0
902,cooperation,4,75.0
902,modesty,0,85.0
902,modesty,1,85.0
902,modesty,2,90.0
902,modesty,3,85.0
902,modesty,4,85.0
902,sympathy,0,45.0
902,sympathy,1,45.0
902,sympathy,2,45.0
902,sympathy,3,45.0
902,sympathy,4,65.0
903,trust,0,40.0
903,trust,1,45.0
903,trust,2,40.0
903,trust,3,40.0
903,trust,4,40.0
903,altruism,0,45.0
903,altruism,1,45.0
903,altruism,2,45.0
903,altruism,3,45.0
903,altruism,4,45.0
903,cooperation,0,85.0
903,cooperation,1,85.0
903,cooperation,2,85.0
903,cooperation,3,85.0
903,cooperation,4,85.0
903,modesty,0,65.0
903,modesty,1,65.0
903,modesty,2,65.0
903,modesty,3,65.0
903,modesty,4,65.0
903,sympathy,0,45.0
903,sympathy,1,45.0
903,sympathy,2,45.0
903,sympathy,3,45.0
903,sympathy,4,45.0
904,trust,0,45.0
904,trust,1,45.0
904,trust,2,45.0
904,trust,3,40.0
904,trust,4,40.0
904,altruism,0,40.0
904,altruism,1,40.0
904,altruism,2,40.0
904,altruism,3,45.0
904,altruism,4,40.0
904,cooperation,0,85.0
904,cooperation,1,85.0
904,cooperation,2,85.0
904,cooperation,3,85.0
904,cooperation,4,85.0
904,modesty,0,45.0
904,modesty,1,65.0
904,modesty,2,65.0
904,modesty,3,55.0
904,modesty,4,45.0
904,sympathy,0,45.0
904,sympathy,1,45.0
904,sympathy,2,45.0
904,sympathy,3,45.0
904,sympathy,4,45.0
905,trust,0,45.0
905,trust,1,45.0
905,trust,2,45.0
905,trust,3,45.0
905,trust,4,45.0
905,altruism,0,65.0
905,altruism,1,65.0
905,altruism,2,65.0
905,altruism,3,65.0
905,altruism,4,65.0
905,cooperation,0,55.0
905,cooperation,1,40.0
905,cooperation,2,45.0
905,cooperation,3,45.0
905,cooperation,4,40.0
905,modesty,0,45.0
905,modesty,1,45.0
905,modesty,2,45.0
905,modesty,3,45.0
905,modesty,4,45.0
905,sympathy,0,25.0
905,sympathy,1,25.0
905,sympathy,2,25.0
905,sympathy,3,25.0
905,sympathy,4,25.0
906,trust,0,65.0
906,trust,1,65.0
906,trust,2,65.0
906,trust,3,65.0
906,trust,4,65.0
906,altruism,0,45.0
906,altruism,1,45.0
906,altruism,2,45.0
906,altruism,3,45.0
906,altruism,4,45.0
906,cooperation,0,85.0
906,cooperation,1,85.0
906,cooperation,2,85.0
906,cooperation,3,85.0
906,cooperation,4,85.0
906,modesty,0,75.0
906,modesty,1,85.0
906,modesty,2,85.0
906,modesty,3,85.0
906,modesty,4,85.0
906,sympathy,0,75.0
906,sympathy,1,75.0
906,sympathy,2,65.0
906,sympathy,3,70.0
906,sympathy,4,75.0
907,trust,0,70.0
907,trust,1,65.0
907,trust,2,65.0
907,trust,3,65.0
907,trust,4,65.0
907,altruism,0,65.0
907,altruism,1,65.0
907,altruism,2,75.0
907,altruism,3,65.0
907,altruism,4,75.0
907,cooperation,0,80.0
907,cooperation,1,85.0
907,cooperation,2,85.0
907,cooperation,3,85.0
907,cooperation,4,85.0
907,modesty,0,65.0
907,modesty,1,65.0
907,modesty,2,65.0
907,modesty,3,65.0
907,modesty,4,65.0
907,sympathy,0,65.0
907,sympathy,1,45.0
907,sympathy,2,45.0
907,sympathy,3,45.0
907,sympathy,4,45.0
908,trust,0,65.0
908,trust,1,65.0
908,trust,2,65.0
908,trust,3,65.0
908,trust,4,65.0
908,altruism,0,45.0
908,altruism,1,45.0
908,altruism,2,45.0
908,altruism,3,45.0
908,altruism,4,45.0
908,cooperation,0,85.0
908,cooperation,1,85.0
908,cooperation,2,85.0
908,cooperation,3,85.0
908,cooperation,4,85.0
908,modesty,0,90.0
908,modesty,1,90.0
908,modesty,2,90.0
908,modesty,3,90.0
908,modesty,4,90.0
908,sympathy,0,85.0
908,sympathy,1,85.0
908,sympathy,2,85.0
908,sympathy,3,85.0
908,sympathy,4,85.0
909,trust,0,75.0
909,trust,1,75.0
909,trust,2,65.0
909,trust,3,75.0
909,trust,4,75.0
909,altruism,0,85.0
909,altruism,1,85.0
909,altruism,2,85.0
909,altruism,3,85.0
909,altruism,4,85.0
909,cooperation,0,85.0
909,cooperation,1,85.0
909,cooperation,2,85.0
909,cooperation,3,85.0
909,cooperation,4,85.0
909,modesty,0,45.0
909,modesty,1,45.0
909,modesty,2,45.0
909,modesty,3,45.0
909,modesty,4,45.0
909,sympathy,0,85.0
909,sympathy,1,85.0
909,sympathy,2,85.0
909,sympathy,3,85.0
909,sympathy,4,85.0
910,trust,0,85.0
910,trust,1,85.0
910,trust,2,85.0
910,trust,3,85.0
910,trust,4,85.0
910,altruism,0,95.0
910,altruism,1,95.0
910,altruism,2,95.0
910,altruism,3,95.0
910,altruism,4,95.0
910,cooperation,0,90.0
910,cooperation,1,85.0
910,cooperation,2,90.0
910,cooperation,3,90.0
910,cooperation,4,95.0
910,modesty,0,65.0
910,modesty,1,65.0
910,modesty,2,65.0
910,modesty,3,65.0
910,modesty,4,75.0
910,sympathy,0,90.0
910,sympathy,1,90.0
910,sympathy,2,90.0
910,sympathy,3,90.0
910,sympathy,4,90.0
911,trust,0,65.0
911,trust,1,75.0
911,trust,2,75.0
911,trust,3,75.0
911,trust,4,75.0
911,altruism,0,85.0
911,altruism,1,85.0
911,altruism,2,85.0
911,altruism,3,85.0
911,altruism,4,90.0
911,cooperation,0,75.0
911,cooperation,1,85.0
911,cooperation,2,75.0
911,cooperation,3,85.0
911,cooperation,4,85.0
911,modesty,0,75.0
911,modesty,1,75.0
911,modesty,2,75.0
911,modesty,3,65.0
911,modesty,4,75.0
911,sympathy,0,85.0
911,sympathy,1,85.0
911,sympathy,2,85.0
911,sympathy,3,85.0
911,sympathy,4,85.0
912,trust,0,70.0
912,trust,1,75.0
912,trust,2,70.0
912,trust,3,75.0
912,trust,4,65.0
912,altruism,0,85.0
912,altruism,1,90.0
912,altruism,2,90.0
912,altruism,3,90.0
912,altruism,4,85.0
912,cooperation,0,85.0
912,cooperation,1,85.0
912,cooperation,2,85.0
912,cooperation,3,85.0
912,cooperation,4,85.0
912,modesty,0,65.0
912,modesty,1,65.0
912,modesty,2,65.0
912,modesty,3,65.0
912,modesty,4,65.0
912,sympathy,0,65.0
912,sympathy,1,65.0
912,sympathy,2,65.0
912,sympathy,3,65.0
912,sympathy,4,65.0
913,trust,0,25.0
913,trust,1,25.0
913,trust,2,25.0
913,trust,3,25.0
913,trust,4,25.0
913,altruism,0,25.0
913,altruism,1,25.0
913,altruism,2,25.0
913,altruism,3,25.0
913,altruism,4,25.0
913,cooperation,0,25.0
913,cooperation,1,25.0
913,cooperation,2,25.0
913,cooperation,3,25.0
913,cooperation,4,25.0
913,modesty,0,35.0
913,modesty,1,35.0
913,modesty,2,30.0
913,modesty,3,40.0
913,modesty,4,30.0
913,sympathy,0,25.0
913,sympathy,1,25.0
913,sympathy,2,25.0
913,sympathy,3,25.0
913,sympathy,4,25.0
914,trust,0,45.0
914,trust,1,45.0
914,trust,2,45.0
914,trust,3,45.0
914,trust,4,45.0
914,altruism,0,25.0
914,altruism,1,25.0
914,altruism,2,25.0
914,altruism,3,25.0
914,altruism,4,25.0
914,cooperation,0,85.0
914,cooperation,1,85.0
914,cooperation,2,85.0
914,cooperation,3,85.0
914,cooperation,4,75.0
914,modesty,0,45.0
914,modesty,1,45.0
914,modesty,2,45.0
914,modesty,3,45.0
914,modesty,4,45.0
914,sympathy,0,45.0
914,sympathy,1,45.0
914,sympathy,2,45.0
914,sympathy,3,45.0
914,sympathy,4,45.0
915,trust,0,65.0
915,trust,1,65.0
915,trust,2,75.0
915,trust,3,65.0
915,trust,4,65.0
915,altruism,0,85.0
915,altruism,1,85.0
915,altruism,2,85.0
915,altruism,3,85.0
915,altruism,4,85.0
915,cooperation,0,85.0
915,cooperation,1,85.0
915,cooperation,2,85.0
915,cooperation,3,85.0
915,cooperation,4,85.0
915,modesty,0,75.0
915,modesty,1,75.0
915,modesty,2,75.0
915,modesty,3,75.0
915,modesty,4,65.0
915,sympathy,0,75.0
915,sympathy,1,75.0
915,sympathy,2,85.0
915,sympathy,3,75.0
915,sympathy,4,75.0
916,trust,0,65.0
916,trust,1,65.0
916,trust,2,75.0
916,trust,3,75.0
916,trust,4,65.0
916,altruism,0,85.0
916,altruism,1,85.0
916,altruism,2,85.0
916,altruism,3,85.0
916,altruism,4,85.0
916,cooperation,0,85.0
916,cooperation,1,85.0
916,cooperation,2,85.0
916,cooperation,3,85.0
916,cooperation,4,85.0
916,modesty,0,85.0
916,modesty,1,85.0
916,modesty,2,85.0
916,modesty,3,85.0
916,modesty,4,85.0
916,sympathy,0,85.0
916,sympathy,1,85.0
916,sympathy,2,85.0
916,sympathy,3,85.0
916,sympathy,4,85.0
917,trust,0,25.0
917,trust,1,25.0
917,trust,2,25.0
917,trust,3,25.0
917,trust,4,25.0
917,altruism,0,35.0
917,altruism,1,25.0
917,altruism,2,30.0
917,altruism,3,35.0
917,altruism,4,25.0
917,cooperation,0,85.0
917,cooperation,1,75.0
917,cooperation,2,75.0
917,cooperation,3,85.0
917,cooperation,4,85.0
917,modesty,0,45.0
917,modesty,1,45.0
917,modesty,2,45.0
917,modesty,3,45.0
917,modesty,4,45.0
917,sympathy,0,25.0
917,sympathy,1,25.0
917,sympathy,2,25.0
917,sympathy,3,25.0
917,sympathy,4,25.0
918,trust,0,70.0
918,trust,1,75.0
918,trust,2,70.0
918,trust,3,75.0
918,trust,4,75.0
918,altruism,0,85.0
918,altruism,1,85.0
918,altruism,2,85.0
918,altruism,3,85.0
918,altruism,4,85.0
918,cooperation,0,85.0
918,cooperation,1,85.0
918,cooperation,2,85.0
918,cooperation,3,85.0
918,cooperation,4,90.0
918,modesty,0,85.0
918,modesty,1,75.0
918,modesty,2,75.0
918,modesty,3,75.0
918,modesty,4,75.0
918,sympathy,0,75.0
918,sympathy,1,75.0
918,sympathy,2,75.0
918,sympathy,3,75.0
918,sympathy,4,75.0
919,trust,0,25.0
919,trust,1,25.0
919,trust,2,25.0
919,trust,3,25.0
919,trust,4,25.0
919,altruism,0,25.0
919,altruism,1,40.0
919,altruism,2,25.0
919,altruism,3,25.0
919,altruism,4,40.0
919,cooperation,0,90.0
919,cooperation,1,90.0
919,cooperation,2,90.0
919,cooperation,3,90.0
919,cooperation,4,90.0
919,modesty,0,30.0
919,modesty,1,30.0
919,modesty,2,35.0
919,modesty,3,35.0
919,modesty,4,45.0
919,sympathy,0,25.0
919,sympathy,1,40.0
919,sympathy,2,25.0
919,sympathy,3,25.0
919,sympathy,4,25.0
920,trust,0,45.0
920,trust,1,45.0
920,trust,2,45.0
920,trust,3,45.0
920,trust,4,45.0
920,altruism,0,25.0
920,altruism,1,25.0
920,altruism,2,35.0
920,altruism,3,35.0
920,altruism,4,35.0
920,cooperation,0,75.0
920,cooperation,1,75.0
920,cooperation,2,75.0
920,cooperation,3,75.0
920,cooperation,4,65.0
920,modesty,0,90.0
920,modesty,1,90.0
920,modesty,2,90.0
920,modesty,3,95.0
920,modesty,4,85.0
920,sympathy,0,45.0
920,sympathy,1,45.0
920,sympathy,2,65.0
920,sympathy,3,45.0
920,sympathy,4,45.0
921,trust,0,45.0
921,trust,1,45.0
921,trust,2,45.0
921,trust,3,45.0
921,trust,4,45.0
921,altruism,0,25.0
921,altruism,1,25.0
921,altruism,2,25.0
921,altruism,3,25.0
921,altruism,4,25.0
921,cooperation,0,40.0
921,cooperation,1,40.0
921,cooperation,2,40.0
921,cooperation,3,40.0
921,cooperation,4,45.0
921,modesty,0,45.0
921,modesty,1,45.0
921,modesty,2,45.0
921,modesty,3,45.0
921,modesty,4,45.0
921,sympathy,0,40.0
921,sympathy,1,25.0
921,sympathy,2,30.0
921,sympathy,3,30.0
921,sympathy,4,30.0
922,trust,0,45.0
922,trust,1,75.0
922,trust,2,40.0
922,trust,3,65.0
922,trust,4,70.0
922,altruism,0,30.0
922,altruism,1,30.0
922,altruism,2,30.0
922,altruism,3,35.0
922,altruism,4,25.0
922,cooperation,0,45.0
922,cooperation,1,75.0
922,cooperation,2,65.0
922,cooperation,3,75.0
922,cooperation,4,75.0
922,modesty,0,65.0
922,modesty,1,45.0
922,modesty,2,65.0
922,modesty,3,65.0
922,modesty,4,65.0
922,sympathy,0,65.0
922,sympathy,1,65.0
922,sympathy,2,75.0
922,sympathy,3,75.0
922,sympathy,4,75.0
923,trust,0,45.0
923,trust,1,45.0
923,trust,2,65.0
923,trust,3,65.0
923,trust,4,65.0
923,altruism,0,85.0
923,altruism,1,85.0
923,altruism,2,85.0
923,altruism,3,85.0
923,altruism,4,85.0
923,cooperation,0,90.0
923,cooperation,1,90.0
923,cooperation,2,90.0
923,cooperation,3,90.0
923,cooperation,4,90.0
923,modesty,0,85.0
923,modesty,1,85.0
923,modesty,2,75.0
923,modesty,3,75.0
923,modesty,4,85.0
923,sympathy,0,75.0
923,sympathy,1,75.0
923,sympathy,2,75.0
923,sympathy,3,75.0
923,sympathy,4,75.0
924,trust,0,90.0
924,trust,1,85.0
924,trust,2,85.0
924,trust,3,85.0
924,trust,4,90.0
924,altruism,0,21.0
924,altruism,1,21.0
924,altruism,2,21.0
924,altruism,3,21.0
924,altruism,4,21.0
924,cooperation,0,25.0
924,cooperation,1,25.0
924,cooperation,2,25.0
924,cooperation,3,25.0
924,cooperation,4,25.0
924,modesty,0,35.0
924,modesty,1,40.0
924,modesty,2,40.0
924,modesty,3,40.0
924,modesty,4,40.0
924,sympathy,0,45.0
924,sympathy,1,45.0
924,sympathy,2,45.0
924,sympathy,3,45.0
924,sympathy,4,45.0
925,trust,0,45.0
925,trust,1,60.0
925,trust,2,60.0
925,trust,3,60.0
925,trust,4,60.0
925,altruism,0,45.0
925,altruism,1,45.0
925,altruism,2,45.0
925,altruism,3,45.0
925,altruism,4,45.0
925,cooperation,0,65.0
925,cooperation,1,65.0
925,cooperation,2,65.0
925,cooperation,3,65.0
925,cooperation,4,65.0
925,modesty,0,85.0
925,modesty,1,85.0
925,modesty,2,75.0
925,modesty,3,85.0
925,modesty,4,75.0
925,sympathy,0,45.0
925,sympathy,1,45.0
925,sympathy,2,45.0
925,sympathy,3,45.0
925,sympathy,4,45.0
926,trust,0,45.0
926,trust,1,45.0
926,trust,2,45.0
926,trust,3,45.0
926,trust,4,45.0
926,altruism,0,65.0
926,altruism,1,45.0
926,altruism,2,65.0
926,altruism,3,65.0
926,altruism,4,45.0
926,cooperation,0,75.0
926,cooperation,1,75.0
926,cooperation,2,85.0
926,cooperation,3,75.0
926,cooperation,4,75.0
926,modesty,0,85.0
926,modesty,1,65.0
926,modesty,2,75.0
926,modesty,3,75.0
926,modesty,4,75.0
926,sympathy,0,65.0
926,sympathy,1,65.0
926,sympathy,2,65.0
926,sympathy,3,65.0
926,sympathy,4,65.0
927,trust,0,85.0
927,trust,1,85.0
927,trust,2,85.0
927,trust,3,85.0
927,trust,4,85.0
927,altruism,0,90.0
927,altruism,1,90.0
927,altruism,2,90.0
927,altruism,3,90.0
927,altruism,4,90.0
927,cooperation,0,90.0
927,cooperation,1,90.0
927,cooperation,2,90.0
927,cooperation,3,90.0
927,cooperation,4,90.0
927,modesty,0,85.0
927,modesty,1,85.0
927,modesty,2,85.0
927,modesty,3,85.0
927,modesty,4,85.0
927,sympathy,0,90.0
927,sympathy,1,90.0
927,sympathy,2,90.0
927,sympathy,3,90.0
927,sympathy,4,90.0
928,trust,0,85.0
928,trust,1,85.0
928,trust,2,85.0
928,trust,3,85.0
928,trust,4,85.0
928,altruism,0,90.0
928,altruism,1,85.0
928,altruism,2,85.0
928,altruism,3,85.0
928,altruism,4,90.0
928,cooperation,0,90.0
928,cooperation,1,90.0
928,cooperation,2,90.0
928,cooperation,3,90.0
928,cooperation,4,90.0
928,modesty,0,65.0
928,modesty,1,65.0
928,modesty,2,65.0
928,modesty,3,65.0
928,modesty,4,65.0
928,sympathy,0,90.0
928,sympathy,1,85.0
928,sympathy,2,85.0
928,sympathy,3,85.0
928,sympathy,4,85.0
929,trust,0,85.0
929,trust,1,85.0
929,trust,2,75.0
929,trust,3,85.0
929,trust,4,85.0
929,altruism,0,75.0
929,altruism,1,75.0
929,altruism,2,75.0
929,altruism,3,75.0
929,altruism,4,75.0
929,cooperation,0,85.0
929,cooperation,1,75.0
929,cooperation,2,85.0
929,cooperation,3,75.0
929,cooperation,4,85.0
929,modesty,0,45.0
929,modesty,1,45.0
929,modesty,2,45.0
929,modesty,3,45.0
929,modesty,4,45.0
929,sympathy,0,65.0
929,sympathy,1,45.0
929,sympathy,2,65.0
929,sympathy,3,45.0
929,sympathy,4,65.0
930,trust,0,45.0
930,trust,1,45.0
930,trust,2,45.0
930,trust,3,45.0
930,trust,4,45.0
930,altruism,0,45.0
930,altruism,1,45.0
930,altruism,2,45.0
930,altruism,3,45.0
930,altruism,4,45.0
930,cooperation,0,65.0
930,cooperation,1,65.0
930,cooperation,2,45.0
930,cooperation,3,65.0
930,cooperation,4,65.0
930,modesty,0,45.0
930,modesty,1,45.0
930,modesty,2,45.0
930,modesty,3,45.0
930,modesty,4,45.0
930,sympathy,0,25.0
930,sympathy,1,25.0
930,sympathy,2,25.0
930,sympathy,3,25.0
930,sympathy,4,25.0
931,trust,0,65.0
931,trust,1,65.0
931,trust,2,65.0
931,trust,3,65.0
931,trust,4,65.0
931,altruism,0,75.0
931,altruism,1,65.0
931,altruism,2,65.0
931,altruism,3,65.0
931,altruism,4,70.0
931,cooperation,0,65.0
931,cooperation,1,65.0
931,cooperation,2,65.0
931,cooperation,3,65.0
931,cooperation,4,65.0
931,modesty,0,75.0
931,modesty,1,75.0
931,modesty,2,65.0
931,modesty,3,75.0
931,modesty,4,75.0
931,sympathy,0,45.0
931,sympathy,1,65.0
931,sympathy,2,65.0
931,sympathy,3,65.0
931,sympathy,4,65.0
932,trust,0,45.0
932,trust,1,45.0
932,trust,2,45.0
932,trust,3,45.0
932,trust,4,45.0
932,altruism,0,45.0
932,altruism,1,45.0
932,altruism,2,40.0
932,altruism,3,45.0
932,altruism,4,45.0
932,cooperation,0,65.0
932,cooperation,1,65.0
932,cooperation,2,65.0
932,cooperation,3,65.0
932,cooperation,4,65.0
932,modesty,0,85.0
932,modesty,1,85.0
932,modesty,2,85.0
932,modesty,3,85.0
932,modesty,4,85.0
932,sympathy,0,45.0
932,sympathy,1,45.0
932,sympathy,2,45.0
932,sympathy,3,45.0
932,sympathy,4,45.0
933,trust,0,45.0
933,trust,1,45.0
933,trust,2,45.0
933,trust,3,45.0
933,trust,4,60.0
933,altruism,0,45.0
933,altruism,1,45.0
933,altruism,2,45.0
933,altruism,3,45.0
933,altruism,4,45.0
933,cooperation,0,85.0
933,cooperation,1,85.0
933,cooperation,2,85.0
933,cooperation,3,75.0
933,cooperation,4,85.0
933,modesty,0,65.0
933,modesty,1,65.0
933,modesty,2,65.0
933,modesty,3,65.0
933,modesty,4,65.0
933,sympathy,0,45.0
933,sympathy,1,45.0
933,sympathy,2,45.0
933,sympathy,3,45.0
933,sympathy,4,45.0
934,trust,0,45.0
934,trust,1,45.0
934,trust,2,45.0
934,trust,3,45.0
934,trust,4,45.0
934,altruism,0,35.0
934,altruism,1,35.0
934,altruism,2,35.0
934,altruism,3,35.0
934,altruism,4,25.0
934,cooperation,0,85.0
934,cooperation,1,85.0
934,cooperation,2,85.0
934,cooperation,3,85.0
934,cooperation,4,80.0
934,modesty,0,70.0
934,modesty,1,75.0
934,modesty,2,70.0
934,modesty,3,70.0
934,modesty,4,75.0
934,sympathy,0,45.0
934,sympathy,1,45.0
934,sympathy,2,30.0
934,sympathy,3,45.0
934,sympathy,4,45.0
935,trust,0,45.0
935,trust,1,45.0
935,trust,2,45.0
935,trust,3,45.0
935,trust,4,45.0
935,altruism,0,45.0
935,altruism,1,45.0
935,altruism,2,45.0
935,altruism,3,45.0
935,altruism,4,45.0
935,cooperation,0,75.0
935,cooperation,1,85.0
935,cooperation,2,75.0
935,cooperation,3,75.0
935,cooperation,4,75.0
935,modesty,0,85.0
935,modesty,1,85.0
935,modesty,2,85.0
935,modesty,3,85.0
935,modesty,4,85.0
935,sympathy,0,55.0
935,sympathy,1,45.0
935,sympathy,2,45.0
935,sympathy,3,45.0
935,sympathy,4,55.0
936,trust,0,25.0
936,trust,1,25.0
936,trust,2,25.0
936,trust,3,40.0
936,trust,4,25.0
936,altruism,0,30.0
936,altruism,1,25.0
936,altruism,2,30.0
936,altruism,3,35.0
936,altruism,4,30.0
936,cooperation,0,45.0
936,cooperation,1,45.0
936,cooperation,2,45.0
936,cooperation,3,40.0
936,cooperation,4,45.0
936,modesty,0,45.0
936,modesty,1,45.0
936,modesty,2,45.0
936,modesty,3,45.0
936,modesty,4,45.0
936,sympathy,0,25.0
936,sympathy,1,25.0
936,sympathy,2,25.0
936,sympathy,3,35.0
936,sympathy,4,25.0
937,trust,0,45.0
937,trust,1,45.0
937,trust,2,45.0
937,trust,3,45.0
937,trust,4,40.0
937,altruism,0,65.0
937,altruism,1,65.0
937,altruism,2,75.0
937,altruism,3,75.0
937,altruism,4,75.0
937,cooperation,0,85.0
937,cooperation,1,85.0
937,cooperation,2,75.0
937,cooperation,3,85.0
937,cooperation,4,85.0
937,modesty,0,65.0
937,modesty,1,65.0
937,modesty,2,45.0
937,modesty,3,65.0
937,modesty,4,45.0
937,sympathy,0,25.0
937,sympathy,1,25.0
937,sympathy,2,25.0
937,sympathy,3,45.0
937,sympathy,4,25.0
938,trust,0,85.0
938,trust,1,70.0
938,trust,2,75.0
938,trust,3,75.0
938,trust,4,75.0
938,altruism,0,75.0
938,altruism,1,75.0
938,altruism,2,75.0
938,altruism,3,75.0
938,altruism,4,75.0
938,cooperation,0,85.0
938,cooperation,1,85.0
938,cooperation,2,80.0
938,cooperation,3,85.0
938,cooperation,4,85.0
938,modesty,0,65.0
938,modesty,1,65.0
938,modesty,2,65.0
938,modesty,3,65.0
938,modesty,4,65.0
938,sympathy,0,85.0
938,sympathy,1,85.0
938,sympathy,2,85.0
938,sympathy,3,85.0
938,sympathy,4,85.0
939,trust,0,85.0
939,trust,1,85.0
939,trust,2,85.0
939,trust,3,85.0
939,trust,4,85.0
939,altruism,0,90.0
939,altruism,1,90.0
939,altruism,2,85.0
939,altruism,3,90.0
939,altruism,4,90.0
939,cooperation,0,90.0
939,cooperation,1,90.0
939,cooperation,2,90.0
939,cooperation,3,90.0
939,cooperation,4,85.0
939,modesty,0,40.0
939,modesty,1,45.0
939,modesty,2,40.0
939,modesty,3,40.0
939,modesty,4,25.0
939,sympathy,0,90.0
939,sympathy,1,90.0
939,sympathy,2,90.0
939,sympathy,3,90.0
939,sympathy,4,90.0
940,trust,0,25.0
940,trust,1,25.0
940,trust,2,25.0
940,trust,3,25.0
940,trust,4,25.0
940,altruism,0,25.0
940,altruism,1,25.0
940,altruism,2,25.0
940,altruism,3,25.0
940,altruism,4,25.0
940,cooperation,0,45.0
940,cooperation,1,45.0
940,cooperation,2,45.0
940,cooperation,3,45.0
940,cooperation,4,45.0
940,modesty,0,65.0
940,modesty,1,65.0
940,modesty,2,65.0
940,modesty,3,65.0
940,modesty,4,65.0
940,sympathy,0,25.0
940,sympathy,1,25.0
940,sympathy,2,30.0
940,sympathy,3,35.0
940,sympathy,4,25.0
941,trust,0,65.0
941,trust,1,60.0
941,trust,2,65.0
941,trust,3,65.0
941,trust,4,65.0
941,altruism,0,85.0
941,altruism,1,75.0
941,altruism,2,85.0
941,altruism,3,85.0
941,altruism,4,75.0
941,cooperation,0,85.0
941,cooperation,1,85.0
941,cooperation,2,85.0
941,cooperation,3,85.0
941,cooperation,4,85.0
941,modesty,0,65.0
941,modesty,1,65.0
941,modesty,2,65.0
941,modesty,3,65.0
941,modesty,4,65.0
941,sympathy,0,65.0
941,sympathy,1,75.0
941,sympathy,2,75.0
941,sympathy,3,75.0
941,sympathy,4,75.0
942,trust,0,75.0
942,trust,1,75.0
942,trust,2,75.0
942,trust,3,75.0
942,trust,4,75.0
942,altruism,0,85.0
942,altruism,1,85.0
942,altruism,2,85.0
942,altruism,3,85.0
942,altruism,4,85.0
942,cooperation,0,85.0
942,cooperation,1,85.0
942,cooperation,2,85.0
942,cooperation,3,85.0
942,cooperation,4,85.0
942,modesty,0,70.0
942,modesty,1,75.0
942,modesty,2,75.0
942,modesty,3,75.0
942,modesty,4,75.0
942,sympathy,0,70.0
942,sympathy,1,75.0
942,sympathy,2,75.0
942,sympathy,3,70.0
942,sympathy,4,75.0
943,trust,0,75.0
943,trust,1,75.0
943,trust,2,75.0
943,trust,3,75.0
943,trust,4,70.0
943,altruism,0,65.0
943,altruism,1,75.0
943,altruism,2,65.0
943,altruism,3,65.0
943,altruism,4,65.0
943,cooperation,0,75.0
943,cooperation,1,75.0
943,cooperation,2,75.0
943,cooperation,3,75.0
943,cooperation,4,75.0
943,modesty,0,70.0
943,modesty,1,70.0
943,modesty,2,65.0
943,modesty,3,70.0
943,modesty,4,65.0
943,sympathy,0,25.0
943,sympathy,1,40.0
943,sympathy,2,40.0
943,sympathy,3,30.0
943,sympathy,4,35.0
944,trust,0,65.0
944,trust,1,65.0
944,trust,2,65.0
944,trust,3,65.0
944,trust,4,65.0
944,altruism,0,45.0
944,altruism,1,45.0
944,altruism,2,45.0
944,altruism,3,45.0
944,altruism,4,45.0
944,cooperation,0,85.0
944,cooperation,1,85.0
944,cooperation,2,75.0
944,cooperation,3,85.0
944,cooperation,4,75.0
944,modesty,0,65.0
944,modesty,1,65.0
944,modesty,2,65.0
944,modesty,3,65.0
944,modesty,4,65.0
944,sympathy,0,45.0
944,sympathy,1,45.0
944,sympathy,2,45.0
944,sympathy,3,45.0
944,sympathy,4,45.0
945,trust,0,45.0
945,trust,1,45.0
945,trust,2,45.0
945,trust,3,45.0
945,trust,4,45.0
945,altruism,0,75.0
945,altruism,1,65.0
945,altruism,2,75.0
945,altruism,3,75.0
945,altruism,4,65.0
945,cooperation,0,65.0
945,cooperation,1,65.0
945,cooperation,2,75.0
945,cooperation,3,65.0
945,cooperation,4,65.0
945,modesty,0,45.0
945,modesty,1,45.0
945,modesty,2,45.0
945,modesty,3,45.0
945,modesty,4,40.0
945,sympathy,0,45.0
945,sympathy,1,45.0
945,sympathy,2,40.0
945,sympathy,3,45.0
945,sympathy,4,40.0
946,trust,0,45.0
946,trust,1,45.0
946,trust,2,45.0
946,trust,3,45.0
946,trust,4,45.0
946,altruism,0,35.0
946,altruism,1,30.0
946,altruism,2,45.0
946,altruism,3,25.0
946,altruism,4,40.0
946,cooperation,0,45.0
946,cooperation,1,45.0
946,cooperation,2,45.0
946,cooperation,3,45.0
946,cooperation,4,45.0
946,modesty,0,45.0
946,modesty,1,45.0
946,modesty,2,45.0
946,modesty,3,50.0
946,modesty,4,40.0
946,sympathy,0,25.0
946,sympathy,1,25.0
946,sympathy,2,25.0
946,sympathy,3,25.0
946,sympathy,4,25.0
947,trust,0,65.0
947,trust,1,75.0
947,trust,2,70.0
947,trust,3,75.0
947,trust,4,75.0
947,altruism,0,85.0
947,altruism,1,75.0
947,altruism,2,75.0
947,altruism,3,85.0
947,altruism,4,75.0
947,cooperation,0,75.0
947,cooperation,1,85.0
947,cooperation,2,85.0
947,cooperation,3,85.0
947,cooperation,4,75.0
947,modesty,0,65.0
947,modesty,1,70.0
947,modesty,2,65.0
947,modesty,3,75.0
947,modesty,4,75.0
947,sympathy,0,85.0
947,sympathy,1,75.0
947,sympathy,2,85.0
947,sympathy,3,75.0
947,sympathy,4,75.0
948,trust,0,65.0
948,trust,1,65.0
948,trust,2,65.0
948,trust,3,65.0
948,trust,4,65.0
948,altruism,0,75.0
948,altruism,1,75.0
948,altruism,2,75.0
948,altruism,3,85.0
948,altruism,4,85.0
948,cooperation,0,85.0
948,cooperation,1,75.0
948,cooperation,2,85.0
948,cooperation,3,70.0
948,cooperation,4,75.0
948,modesty,0,85.0
948,modesty,1,85.0
948,modesty,2,85.0
948,modesty,3,85.0
948,modesty,4,85.0
948,sympathy,0,65.0
948,sympathy,1,65.0
948,sympathy,2,65.0
948,sympathy,3,65.0
948,sympathy,4,65.0
949,trust,0,60.0
949,trust,1,45.0
949,trust,2,45.0
949,trust,3,65.0
949,trust,4,65.0
949,altruism,0,45.0
949,altruism,1,45.0
949,altruism,2,45.0
949,altruism,3,45.0
949,altruism,4,40.0
949,cooperation,0,85.0
949,cooperation,1,85.0
949,cooperation,2,85.0
949,cooperation,3,85.0
949,cooperation,4,85.0
949,modesty,0,75.0
949,modesty,1,85.0
949,modesty,2,75.0
949,modesty,3,85.0
949,modesty,4,75.0
949,sympathy,0,45.0
949,sympathy,1,45.0
949,sympathy,2,45.0
949,sympathy,3,45.0
949,sympathy,4,45.0
950,trust,0,45.0
950,trust,1,45.0
950,trust,2,45.0
950,trust,3,45.0
950,trust,4,45.0
950,altruism,0,45.0
950,altruism,1,45.0
950,altruism,2,45.0
950,altruism,3,45.0
950,altruism,4,45.0
950,cooperation,0,75.0
950,cooperation,1,85.0
950,cooperation,2,75.0
950,cooperation,3,75.0
950,cooperation,4,75.0
950,modesty,0,65.0
950,modesty,1,65.0
950,modesty,2,65.0
950,modesty,3,65.0
950,modesty,4,65.0
950,sympathy,0,45.0
950,sympathy,1,65.0
950,sympathy,2,45.0
950,sympathy,3,45.0
950,sympathy,4,45.0
951,trust,0,75.0
951,trust,1,70.0
951,trust,2,65.0
951,trust,3,65.0
951,trust,4,75.0
951,altruism,0,75.0
951,altruism,1,85.0
951,altruism,2,85.0
951,altruism,3,80.0
951,altruism,4,75.0
951,cooperation,0,85.0
951,cooperation,1,85.0
951,cooperation,2,90.0
951,cooperation,3,90.0
951,cooperation,4,90.0
951,modesty,0,75.0
951,modesty,1,75.0
951,modesty,2,75.0
951,modesty,3,75.0
951,modesty,4,75.0
951,sympathy,0,85.0
951,sympathy,1,85.0
951,sympathy,2,75.0
951,sympathy,3,75.0
951,sympathy,4,75.0
952,trust,0,45.0
952,trust,1,45.0
952,trust,2,45.0
952,trust,3,45.0
952,trust,4,45.0
952,altruism,0,30.0
952,altruism,1,30.0
952,altruism,2,35.0
952,altruism,3,30.0
952,altruism,4,25.0
952,cooperation,0,65.0
952,cooperation,1,65.0
952,cooperation,2,65.0
952,cooperation,3,65.0
952,cooperation,4,65.0
952,modesty,0,75.0
952,modesty,1,75.0
952,modesty,2,75.0
952,modesty,3,70.0
952,modesty,4,75.0
952,sympathy,0,65.0
952,sympathy,1,65.0
952,sympathy,2,65.0
952,sympathy,3,65.0
952,sympathy,4,65.0
953,trust,0,45.0
953,trust,1,45.0
953,trust,2,45.0
953,trust,3,45.0
953,trust,4,45.0
953,altruism,0,45.0
953,altruism,1,45.0
953,altruism,2,45.0
953,altruism,3,45.0
953,altruism,4,45.0
953,cooperation,0,75.0
953,cooperation,1,75.0
953,cooperation,2,75.0
953,cooperation,3,75.0
953,cooperation,4,65.0
953,modesty,0,65.0
953,modesty,1,65.0
953,modesty,2,65.0
953,modesty,3,65.0
953,modesty,4,65.0
953,sympathy,0,45.0
953,sympathy,1,45.0
953,sympathy,2,45.0
953,sympathy,3,45.0
953,sympathy,4,45.0
954,trust,0,65.0
954,trust,1,65.0
954,trust,2,65.0
954,trust,3,60.0
954,trust,4,65.0
954,altruism,0,65.0
954,altruism,1,65.0
954,altruism,2,65.0
954,altruism,3,65.0
954,altruism,4,65.0
954,cooperation,0,65.0
954,cooperation,1,65.0
954,cooperation,2,65.0
954,cooperation,3,65.0
954,cooperation,4,65.0
954,modesty,0,85.0
954,modesty,1,75.0
954,modesty,2,75.0
954,modesty,3,75.0
954,modesty,4,85.0
954,sympathy,0,45.0
954,sympathy,1,45.0
954,sympathy,2,45.0
954,sympathy,3,45.0
954,sympathy,4,45.0
955,trust,0,45.0
955,trust,1,45.0
955,trust,2,45.0
955,trust,3,45.0
955,trust,4,45.0
955,altruism,0,45.0
955,altruism,1,45.0
955,altruism,2,65.0
955,altruism,3,40.0
955,altruism,4,45.0
955,cooperation,0,85.0
955,cooperation,1,85.0
955,cooperation,2,85.0
955,cooperation,3,85.0
955,cooperation,4,85.0
955,modesty,0,85.0
955,modesty,1,85.0
955,modesty,2,85.0
955,modesty,3,85.0
955,modesty,4,85.0
955,sympathy,0,45.0
955,sympathy,1,45.0
955,sympathy,2,45.0
955,sympathy,3,45.0
955,sympathy,4,45.0
956,trust,0,65.0
956,trust,1,65.0
956,trust,2,65.0
956,trust,3,65.0
956,trust,4,65.0
956,altruism,0,40.0
956,altruism,1,40.0
956,altruism,2,65.0
956,altruism,3,65.0
956,altruism,4,65.0
956,cooperation,0,85.0
956,cooperation,1,85.0
956,cooperation,2,85.0
956,cooperation,3,85.0
956,cooperation,4,85.0
956,modesty,0,65.0
956,modesty,1,65.0
956,modesty,2,65.0
956,modesty,3,65.0
956,modesty,4,65.0
956,sympathy,0,65.0
956,sympathy,1,65.0
956,sympathy,2,65.0
956,sympathy,3,65.0
956,sympathy,4,65.0
957,trust,0,75.0
957,trust,1,75.0
957,trust,2,85.0
957,trust,3,85.0
957,trust,4,85.0
957,altruism,0,90.0
957,altruism,1,90.0
957,altruism,2,90.0
957,altruism,3,90.0
957,altruism,4,90.0
957,cooperation,0,85.0
957,cooperation,1,85.0
957,cooperation,2,85.0
957,cooperation,3,85.0
957,cooperation,4,85.0
957,modesty,0,65.0
957,modesty,1,65.0
957,modesty,2,65.0
957,modesty,3,65.0
957,modesty,4,65.0
957,sympathy,0,90.0
957,sympathy,1,90.0
957,sympathy,2,90.0
957,sympathy,3,90.0
957,sympathy,4,90.0
958,trust,0,75.0
958,trust,1,85.0
958,trust,2,75.0
958,trust,3,85.0
958,trust,4,75.0
958,altruism,0,85.0
958,altruism,1,85.0
958,altruism,2,85.0
958,altruism,3,85.0
958,altruism,4,85.0
958,cooperation,0,90.0
958,cooperation,1,85.0
958,cooperation,2,85.0
958,cooperation,3,85.0
958,cooperation,4,85.0
958,modesty,0,65.0
958,modesty,1,65.0
958,modesty,2,65.0
958,modesty,3,70.0
958,modesty,4,65.0
958,sympathy,0,85.0
958,sympathy,1,85.0
958,sympathy,2,85.0
958,sympathy,3,85.0
958,sympathy,4,85.0
959,trust,0,85.0
959,trust,1,65.0
959,trust,2,85.0
959,trust,3,65.0
959,trust,4,65.0
959,altruism,0,45.0
959,altruism,1,45.0
959,altruism,2,45.0
959,altruism,3,45.0
959,altruism,4,45.0
959,cooperation,0,65.0
959,cooperation,1,65.0
959,cooperation,2,65.0
959,cooperation,3,45.0
959,cooperation,4,45.0
959,modesty,0,45.0
959,modesty,1,45.0
959,modesty,2,45.0
959,modesty,3,55.0
959,modesty,4,45.0
959,sympathy,0,45.0
959,sympathy,1,35.0
959,sympathy,2,45.0
959,sympathy,3,45.0
959,sympathy,4,45.0
960,trust,0,60.0
960,trust,1,70.0
960,trust,2,65.0
960,trust,3,65.0
960,trust,4,65.0
960,altruism,0,45.0
960,altruism,1,45.0
960,altruism,2,45.0
960,altruism,3,45.0
960,altruism,4,45.0
960,cooperation,0,85.0
960,cooperation,1,80.0
960,cooperation,2,85.0
960,cooperation,3,85.0
960,cooperation,4,85.0
960,modesty,0,60.0
960,modesty,1,55.0
960,modesty,2,55.0
960,modesty,3,65.0
960,modesty,4,65.0
960,sympathy,0,45.0
960,sympathy,1,45.0
960,sympathy,2,45.0
960,sympathy,3,45.0
960,sympathy,4,45.0
961,trust,0,25.0
961,trust,1,25.0
961,trust,2,25.0
961,trust,3,25.0
961,trust,4,25.0
961,altruism,0,85.0
961,altruism,1,25.0
961,altruism,2,85.0
961,altruism,3,85.0
961,altruism,4,85.0
961,cooperation,0,25.0
961,cooperation,1,25.0
961,cooperation,2,25.0
961,cooperation,3,25.0
961,cooperation,4,25.0
961,modesty,0,30.0
961,modesty,1,30.0
961,modesty,2,30.0
961,modesty,3,30.0
961,modesty,4,30.0
961,sympathy,0,25.0
961,sympathy,1,20.0
961,sympathy,2,25.0
961,sympathy,3,20.0
961,sympathy,4,25.0
962,trust,0,60.0
962,trust,1,60.0
962,trust,2,60.0
962,trust,3,60.0
962,trust,4,60.0
962,altruism,0,65.0
962,altruism,1,45.0
962,altruism,2,65.0
962,altruism,3,45.0
962,altruism,4,65.0
962,cooperation,0,85.0
962,cooperation,1,85.0
962,cooperation,2,85.0
962,cooperation,3,85.0
962,cooperation,4,85.0
962,modesty,0,65.0
962,modesty,1,65.0
962,modesty,2,65.0
962,modesty,3,65.0
962,modesty,4,65.0
962,sympathy,0,65.0
962,sympathy,1,65.0
962,sympathy,2,65.0
962,sympathy,3,65.0
962,sympathy,4,65.0
963,trust,0,25.0
963,trust,1,25.0
963,trust,2,25.0
963,trust,3,25.0
963,trust,4,25.0
963,altruism,0,25.0
963,altruism,1,25.0
963,altruism,2,25.0
963,altruism,3,25.0
963,altruism,4,25.0
963,cooperation,0,40.0
963,cooperation,1,40.0
963,cooperation,2,40.0
963,cooperation,3,40.0
963,cooperation,4,40.0
963,modesty,0,45.0
963,modesty,1,45.0
963,modesty,2,45.0
963,modesty,3,45.0
963,modesty,4,40.0
963,sympathy,0,25.0
963,sympathy,1,25.0
963,sympathy,2,25.0
963,sympathy,3,25.0
963,sympathy,4,25.0
964,trust,0,45.0
964,trust,1,45.0
964,trust,2,45.0
964,trust,3,45.0
964,trust,4,45.0
964,altruism,0,45.0
964,altruism,1,45.0
964,altruism,2,45.0
964,altruism,3,25.0
964,altruism,4,25.0
964,cooperation,0,45.0
964,cooperation,1,45.0
964,cooperation,2,45.0
964,cooperation,3,45.0
964,cooperation,4,45.0
964,modesty,0,45.0
964,modesty,1,45.0
964,modesty,2,45.0
964,modesty,3,45.0
964,modesty,4,45.0
964,sympathy,0,25.0
964,sympathy,1,25.0
964,sympathy,2,25.0
964,sympathy,3,25.0
964,sympathy,4,25.0
965,trust,0,25.0
965,trust,1,25.0
965,trust,2,25.0
965,trust,3,25.0
965,trust,4,25.0
965,altruism,0,25.0
965,altruism,1,25.0
965,altruism,2,25.0
965,altruism,3,25.0
965,altruism,4,25.0
965,cooperation,0,25.0
965,cooperation,1,25.0
965,cooperation,2,30.0
965,cooperation,3,25.0
965,cooperation,4,25.0
965,modesty,0,35.0
965,modesty,1,35.0
965,modesty,2,40.0
965,modesty,3,35.0
965,modesty,4,35.0
965,sympathy,0,20.0
965,sympathy,1,0.0
965,sympathy,2,0.0
965,sympathy,3,10.0
965,sympathy,4,0.0
966,trust,0,45.0
966,trust,1,45.0
966,trust,2,45.0
966,trust,3,45.0
966,trust,4,45.0
966,altruism,0,85.0
966,altruism,1,75.0
966,altruism,2,75.0
966,altruism,3,85.0
966,altruism,4,85.0
966,cooperation,0,85.0
966,cooperation,1,85.0
966,cooperation,2,75.0
966,cooperation,3,85.0
966,cooperation,4,85.0
966,modesty,0,75.0
966,modesty,1,75.0
966,modesty,2,75.0
966,modesty,3,65.0
966,modesty,4,65.0
966,sympathy,0,45.0
966,sympathy,1,45.0
966,sympathy,2,45.0
966,sympathy,3,45.0
966,sympathy,4,45.0
967,trust,0,65.0
967,trust,1,65.0
967,trust,2,65.0
967,trust,3,65.0
967,trust,4,65.0
967,altruism,0,90.0
967,altruism,1,90.0
967,altruism,2,90.0
967,altruism,3,85.0
967,altruism,4,85.0
967,cooperation,0,65.0
967,cooperation,1,80.0
967,cooperation,2,65.0
967,cooperation,3,45.0
967,cooperation,4,45.0
967,modesty,0,45.0
967,modesty,1,45.0
967,modesty,2,40.0
967,modesty,3,45.0
967,modesty,4,45.0
967,sympathy,0,85.0
967,sympathy,1,80.0
967,sympathy,2,85.0
967,sympathy,3,80.0
967,sympathy,4,45.0
968,trust,0,65.0
968,trust,1,70.0
968,trust,2,65.0
968,trust,3,70.0
968,trust,4,65.0
968,altruism,0,65.0
968,altruism,1,45.0
968,altruism,2,65.0
968,altruism,3,65.0
968,altruism,4,65.0
968,cooperation,0,85.0
968,cooperation,1,85.0
968,cooperation,2,85.0
968,cooperation,3,85.0
968,cooperation,4,85.0
968,modesty,0,75.0
968,modesty,1,75.0
968,modesty,2,70.0
968,modesty,3,75.0
968,modesty,4,75.0
968,sympathy,0,65.0
968,sympathy,1,65.0
968,sympathy,2,65.0
968,sympathy,3,75.0
968,sympathy,4,65.0
969,trust,0,65.0
969,trust,1,65.0
969,trust,2,65.0
969,trust,3,65.0
969,trust,4,65.0
969,altruism,0,45.0
969,altruism,1,45.0
969,altruism,2,45.0
969,altruism,3,45.0
969,altruism,4,45.0
969,cooperation,0,85.0
969,cooperation,1,65.0
969,cooperation,2,75.0
969,cooperation,3,65.0
969,cooperation,4,75.0
969,modesty,0,45.0
969,modesty,1,45.0
969,modesty,2,40.0
969,modesty,3,40.0
969,modesty,4,45.0
969,sympathy,0,45.0
969,sympathy,1,45.0
969,sympathy,2,45.0
969,sympathy,3,45.0
969,sympathy,4,45.0
970,trust,0,85.0
970,trust,1,90.0
970,trust,2,90.0
970,trust,3,90.0
970,trust,4,90.0
970,altruism,0,90.0
970,altruism,1,90.0
970,altruism,2,90.0
970,altruism,3,90.0
970,altruism,4,90.0
970,cooperation,0,90.0
970,cooperation,1,90.0
970,cooperation,2,90.0
970,cooperation,3,90.0
970,cooperation,4,90.0
970,modesty,0,75.0
970,modesty,1,85.0
970,modesty,2,85.0
970,modesty,3,85.0
970,modesty,4,85.0
970,sympathy,0,90.0
970,sympathy,1,90.0
970,sympathy,2,95.0
970,sympathy,3,90.0
970,sympathy,4,90.0
971,trust,0,70.0
971,trust,1,75.0
971,trust,2,75.0
971,trust,3,75.0
971,trust,4,75.0
971,altruism,0,85.0
971,altruism,1,85.0
971,altruism,2,85.0
971,altruism,3,85.0
971,altruism,4,85.0
971,cooperation,0,85.0
971,cooperation,1,85.0
971,cooperation,2,75.0
971,cooperation,3,85.0
971,cooperation,4,85.0
971,modesty,0,75.0
971,modesty,1,70.0
971,modesty,2,75.0
971,modesty,3,70.0
971,modesty,4,70.0
971,sympathy,0,75.0
971,sympathy,1,85.0
971,sympathy,2,85.0
971,sympathy,3,85.0
971,sympathy,4,75.0
972,trust,0,75.0
972,trust,1,80.0
972,trust,2,80.0
972,trust,3,75.0
972,trust,4,75.0
972,altruism,0,85.0
972,altruism,1,85.0
972,altruism,2,85.0
972,altruism,3,85.0
972,altruism,4,85.0
972,cooperation,0,85.0
972,cooperation,1,90.0
972,cooperation,2,85.0
972,cooperation,3,85.0
972,cooperation,4,85.0
972,modesty,0,65.0
972,modesty,1,65.0
972,modesty,2,65.0
972,modesty,3,65.0
972,modesty,4,65.0
972,sympathy,0,85.0
972,sympathy,1,75.0
972,sympathy,2,85.0
972,sympathy,3,85.0
972,sympathy,4,85.0
973,trust,0,65.0
973,trust,1,80.0
973,trust,2,85.0
973,trust,3,85.0
973,trust,4,75.0
973,altruism,0,85.0
973,altruism,1,85.0
973,altruism,2,85.0
973,altruism,3,85.0
973,altruism,4,85.0
973,cooperation,0,45.0
973,cooperation,1,45.0
973,cooperation,2,45.0
973,cooperation,3,40.0
973,cooperation,4,25.0
973,modesty,0,40.0
973,modesty,1,35.0
973,modesty,2,45.0
973,modesty,3,40.0
973,modesty,4,40.0
973,sympathy,0,25.0
973,sympathy,1,25.0
973,sympathy,2,25.0
973,sympathy,3,25.0
973,sympathy,4,25.0
974,trust,0,65.0
974,trust,1,45.0
974,trust,2,45.0
974,trust,3,45.0
974,trust,4,45.0
974,altruism,0,45.0
974,altruism,1,45.0
974,altruism,2,45.0
974,altruism,3,45.0
974,altruism,4,45.0
974,cooperation,0,45.0
974,cooperation,1,45.0
974,cooperation,2,45.0
974,cooperation,3,45.0
974,cooperation,4,45.0
974,modesty,0,65.0
974,modesty,1,85.0
974,modesty,2,50.0
974,modesty,3,85.0
974,modesty,4,60.0
974,sympathy,0,65.0
974,sympathy,1,65.0
974,sympathy,2,65.0
974,sympathy,3,65.0
974,sympathy,4,65.0
975,trust,0,70.0
975,trust,1,75.0
975,trust,2,70.0
975,trust,3,75.0
975,trust,4,75.0
975,altruism,0,85.0
975,altruism,1,85.0
975,altruism,2,85.0
975,altruism,3,85.0
975,altruism,4,85.0
975,cooperation,0,85.0
975,cooperation,1,85.0
975,cooperation,2,85.0
975,cooperation,3,85.0
975,cooperation,4,85.0
975,modesty,0,75.0
975,modesty,1,85.0
975,modesty,2,85.0
975,modesty,3,75.0
975,modesty,4,75.0
975,sympathy,0,75.0
975,sympathy,1,65.0
975,sympathy,2,65.0
975,sympathy,3,65.0
975,sympathy,4,65.0
976,trust,0,65.0
976,trust,1,65.0
976,trust,2,65.0
976,trust,3,65.0
976,trust,4,65.0
976,altruism,0,75.0
976,altruism,1,70.0
976,altruism,2,75.0
976,altruism,3,65.0
976,altruism,4,65.0
976,cooperation,0,85.0
976,cooperation,1,85.0
976,cooperation,2,85.0
976,cooperation,3,85.0
976,cooperation,4,85.0
976,modesty,0,75.0
976,modesty,1,75.0
976,modesty,2,75.0
976,modesty,3,75.0
976,modesty,4,70.0
976,sympathy,0,65.0
976,sympathy,1,65.0
976,sympathy,2,65.0
976,sympathy,3,65.0
976,sympathy,4,65.0
977,trust,0,75.0
977,trust,1,65.0
977,trust,2,75.0
977,trust,3,65.0
977,trust,4,80.0
977,altruism,0,80.0
977,altruism,1,80.0
977,altruism,2,85.0
977,altruism,3,85.0
977,altruism,4,85.0
977,cooperation,0,85.0
977,cooperation,1,75.0
977,cooperation,2,75.0
977,cooperation,3,75.0
977,cooperation,4,75.0
977,modesty,0,45.0
977,modesty,1,45.0
977,modesty,2,45.0
977,modesty,3,45.0
977,modesty,4,45.0
977,sympathy,0,75.0
977,sympathy,1,70.0
977,sympathy,2,75.0
977,sympathy,3,70.0
977,sympathy,4,70.0
978,trust,0,65.0
978,trust,1,65.0
978,trust,2,65.0
978,trust,3,65.0
978,trust,4,65.0
978,altruism,0,75.0
978,altruism,1,75.0
978,altruism,2,75.0
978,altruism,3,75.0
978,altruism,4,75.0
978,cooperation,0,85.0
978,cooperation,1,85.0
978,cooperation,2,85.0
978,cooperation,3,85.0
978,cooperation,4,85.0
978,modesty,0,75.0
978,modesty,1,85.0
978,modesty,2,85.0
978,modesty,3,85.0
978,modesty,4,75.0
978,sympathy,0,85.0
978,sympathy,1,80.0
978,sympathy,2,85.0
978,sympathy,3,85.0
978,sympathy,4,85.0
979,trust,0,35.0
979,trust,1,35.0
979,trust,2,25.0
979,trust,3,30.0
979,trust,4,35.0
979,altruism,0,25.0
979,altruism,1,25.0
979,altruism,2,25.0
979,altruism,3,25.0
979,altruism,4,25.0
979,cooperation,0,65.0
979,cooperation,1,65.0
979,cooperation,2,65.0
979,cooperation,3,65.0
979,cooperation,4,65.0
979,modesty,0,65.0
979,modesty,1,65.0
979,modesty,2,65.0
979,modesty,3,65.0
979,modesty,4,65.0
979,sympathy,0,25.0
979,sympathy,1,25.0
979,sympathy,2,25.0
979,sympathy,3,25.0
979,sympathy,4,25.0
980,trust,0,85.0
980,trust,1,85.0
980,trust,2,85.0
980,trust,3,85.0
980,trust,4,85.0
980,altruism,0,85.0
980,altruism,1,85.0
980,altruism,2,85.0
980,altruism,3,85.0
980,altruism,4,85.0
980,cooperation,0,25.0
980,cooperation,1,25.0
980,cooperation,2,25.0
980,cooperation,3,25.0
980,cooperation,4,25.0
980,modesty,0,25.0
980,modesty,1,25.0
980,modesty,2,25.0
980,modesty,3,25.0
980,modesty,4,25.0
980,sympathy,0,85.0
980,sympathy,1,25.0
980,sympathy,2,85.0
980,sympathy,3,65.0
980,sympathy,4,65.0
981,trust,0,45.0
981,trust,1,45.0
981,trust,2,45.0
981,trust,3,45.0
981,trust,4,45.0
981,altruism,0,45.0
981,altruism,1,45.0
981,altruism,2,40.0
981,altruism,3,45.0
981,altruism,4,45.0
981,cooperation,0,65.0
981,cooperation,1,65.0
981,cooperation,2,65.0
981,cooperation,3,65.0
981,cooperation,4,65.0
981,modesty,0,65.0
981,modesty,1,65.0
981,modesty,2,65.0
981,modesty,3,65.0
981,modesty,4,65.0
981,sympathy,0,45.0
981,sympathy,1,45.0
981,sympathy,2,45.0
981,sympathy,3,45.0
981,sympathy,4,45.0
982,trust,0,75.0
982,trust,1,65.0
982,trust,2,65.0
982,trust,3,65.0
982,trust,4,70.0
982,altruism,0,30.0
982,altruism,1,30.0
982,altruism,2,25.0
982,altruism,3,35.0
982,altruism,4,25.0
982,cooperation,0,75.0
982,cooperation,1,75.0
982,cooperation,2,75.0
982,cooperation,3,75.0
982,cooperation,4,65.0
982,modesty,0,70.0
982,modesty,1,70.0
982,modesty,2,75.0
982,modesty,3,70.0
982,modesty,4,75.0
982,sympathy,0,75.0
982,sympathy,1,75.0
982,sympathy,2,75.0
982,sympathy,3,75.0
982,sympathy,4,75.0
983,trust,0,85.0
983,trust,1,85.0
983,trust,2,85.0
983,trust,3,85.0
983,trust,4,85.0
983,altruism,0,75.0
983,altruism,1,75.0
983,altruism,2,75.0
983,altruism,3,75.0
983,altruism,4,75.0
983,cooperation,0,65.0
983,cooperation,1,65.0
983,cooperation,2,65.0
983,cooperation,3,65.0
983,cooperation,4,65.0
983,modesty,0,45.0
983,modesty,1,45.0
983,modesty,2,45.0
983,modesty,3,45.0
983,modesty,4,45.0
983,sympathy,0,45.0
983,sympathy,1,45.0
983,sympathy,2,45.0
983,sympathy,3,45.0
983,sympathy,4,45.0
984,trust,0,45.0
984,trust,1,60.0
984,trust,2,45.0
984,trust,3,45.0
984,trust,4,60.0
984,altruism,0,65.0
984,altruism,1,65.0
984,altruism,2,65.0
984,altruism,3,65.0
984,altruism,4,50.0
984,cooperation,0,45.0
984,cooperation,1,45.0
984,cooperation,2,45.0
984,cooperation,3,45.0
984,cooperation,4,45.0
984,modesty,0,45.0
984,modesty,1,45.0
984,modesty,2,45.0
984,modesty,3,45.0
984,modesty,4,45.0
984,sympathy,0,45.0
984,sympathy,1,45.0
984,sympathy,2,45.0
984,sympathy,3,45.0
984,sympathy,4,45.0
985,trust,0,45.0
985,trust,1,45.0
985,trust,2,45.0
985,trust,3,45.0
985,trust,4,45.0
985,altruism,0,25.0
985,altruism,1,25.0
985,altruism,2,25.0
985,altruism,3,25.0
985,altruism,4,25.0
985,cooperation,0,45.0
985,cooperation,1,45.0
985,cooperation,2,45.0
985,cooperation,3,45.0
985,cooperation,4,45.0
985,modesty,0,55.0
985,modesty,1,40.0
985,modesty,2,45.0
985,modesty,3,40.0
985,modesty,4,45.0
985,sympathy,0,25.0
985,sympathy,1,25.0
985,sympathy,2,25.0
985,sympathy,3,25.0
985,sympathy,4,25.0
986,trust,0,85.0
986,trust,1,85.0
986,trust,2,85.0
986,trust,3,85.0
986,trust,4,85.0
986,altruism,0,25.0
986,altruism,1,45.0
986,altruism,2,45.0
986,altruism,3,45.0
986,altruism,4,45.0
986,cooperation,0,45.0
986,cooperation,1,45.0
986,cooperation,2,45.0
986,cooperation,3,45.0
986,cooperation,4,45.0
986,modesty,0,25.0
986,modesty,1,25.0
986,modesty,2,25.0
986,modesty,3,45.0
986,modesty,4,40.0
986,sympathy,0,45.0
986,sympathy,1,45.0
986,sympathy,2,20.0
986,sympathy,3,20.0
986,sympathy,4,65.0
987,trust,0,65.0
987,trust,1,65.0
987,trust,2,45.0
987,trust,3,75.0
987,trust,4,65.0
987,altruism,0,85.0
987,altruism,1,75.0
987,altruism,2,75.0
987,altruism,3,75.0
987,altruism,4,85.0
987,cooperation,0,75.0
987,cooperation,1,85.0
987,cooperation,2,85.0
987,cooperation,3,75.0
987,cooperation,4,75.0
987,modesty,0,75.0
987,modesty,1,85.0
987,modesty,2,65.0
987,modesty,3,65.0
987,modesty,4,65.0
987,sympathy,0,45.0
987,sympathy,1,65.0
987,sympathy,2,45.0
987,sympathy,3,65.0
987,sympathy,4,65.0
988,trust,0,45.0
988,trust,1,45.0
988,trust,2,45.0
988,trust,3,45.0
988,trust,4,45.0
988,altruism,0,45.0
988,altruism,1,45.0
988,altruism,2,45.0
988,altruism,3,65.0
988,altruism,4,65.0
988,cooperation,0,75.0
988,cooperation,1,65.0
988,cooperation,2,65.0
988,cooperation,3,65.0
988,cooperation,4,65.0
988,modesty,0,45.0
988,modesty,1,45.0
988,modesty,2,45.0
988,modesty,3,45.0
988,modesty,4,45.0
988,sympathy,0,45.0
988,sympathy,1,45.0
988,sympathy,2,45.0
988,sympathy,3,45.0
988,sympathy,4,45.0
989,trust,0,65.0
989,trust,1,65.0
989,trust,2,80.0
989,trust,3,65.0
989,trust,4,80.0
989,altruism,0,25.0
989,altruism,1,40.0
989,altruism,2,25.0
989,altruism,3,25.0
989,altruism,4,25.0
989,cooperation,0,40.0
989,cooperation,1,45.0
989,cooperation,2,40.0
989,cooperation,3,40.0
989,cooperation,4,40.0
989,modesty,0,50.0
989,modesty,1,45.0
989,modesty,2,40.0
989,modesty,3,45.0
989,modesty,4,45.0
989,sympathy,0,30.0
989,sympathy,1,25.0
989,sympathy,2,25.0
989,sympathy,3,25.0
989,sympathy,4,25.0
990,trust,0,65.0
990,trust,1,65.0
990,trust,2,65.0
990,trust,3,65.0
990,trust,4,65.0
990,altruism,0,45.0
990,altruism,1,45.0
990,altruism,2,45.0
990,altruism,3,45.0
990,altruism,4,45.0
990,cooperation,0,85.0
990,cooperation,1,85.0
990,cooperation,2,85.0
990,cooperation,3,85.0
990,cooperation,4,85.0
990,modesty,0,75.0
990,modesty,1,75.0
990,modesty,2,75.0
990,modesty,3,75.0
990,modesty,4,75.0
990,sympathy,0,65.0
990,sympathy,1,65.0
990,sympathy,2,65.0
990,sympathy,3,65.0
990,sympathy,4,65.0
991,trust,0,65.0
991,trust,1,60.0
991,trust,2,65.0
991,trust,3,65.0
991,trust,4,65.0
991,altruism,0,75.0
991,altruism,1,75.0
991,altruism,2,75.0
991,altruism,3,75.0
991,altruism,4,75.0
991,cooperation,0,75.0
991,cooperation,1,75.0
991,cooperation,2,75.0
991,cooperation,3,75.0
991,cooperation,4,75.0
991,modesty,0,75.0
991,modesty,1,75.0
991,modesty,2,75.0
991,modesty,3,75.0
991,modesty,4,75.0
991,sympathy,0,65.0
991,sympathy,1,65.0
991,sympathy,2,65.0
991,sympathy,3,65.0
991,sympathy,4,65.0
992,trust,0,75.0
992,trust,1,65.0
992,trust,2,65.0
992,trust,3,65.0
992,trust,4,65.0
992,altruism,0,65.0
992,altruism,1,65.0
992,altruism,2,65.0
992,altruism,3,65.0
992,altruism,4,65.0
992,cooperation,0,85.0
992,cooperation,1,85.0
992,cooperation,2,85.0
992,cooperation,3,85.0
992,cooperation,4,85.0
992,modesty,0,85.0
992,modesty,1,85.0
992,modesty,2,85.0
992,modesty,3,85.0
992,modesty,4,85.0
992,sympathy,0,45.0
992,sympathy,1,65.0
992,sympathy,2,65.0
992,sympathy,3,65.0
992,sympathy,4,65.0
993,trust,0,65.0
993,trust,1,45.0
993,trust,2,65.0
993,trust,3,65.0
993,trust,4,65.0
993,altruism,0,45.0
993,altruism,1,45.0
993,altruism,2,45.0
993,altruism,3,45.0
993,altruism,4,45.0
993,cooperation,0,85.0
993,cooperation,1,75.0
993,cooperation,2,75.0
993,cooperation,3,85.0
993,cooperation,4,75.0
993,modesty,0,65.0
993,modesty,1,65.0
993,modesty,2,65.0
993,modesty,3,65.0
993,modesty,4,65.0
993,sympathy,0,65.0
993,sympathy,1,65.0
993,sympathy,2,70.0
993,sympathy,3,65.0
993,sympathy,4,65.0
994,trust,0,70.0
994,trust,1,70.0
994,trust,2,70.0
994,trust,3,70.0
994,trust,4,70.0
994,altruism,0,65.0
994,altruism,1,65.0
994,altruism,2,65.0
994,altruism,3,65.0
994,altruism,4,65.0
994,cooperation,0,85.0
994,cooperation,1,85.0
994,cooperation,2,85.0
994,cooperation,3,85.0
994,cooperation,4,85.0
994,modesty,0,85.0
994,modesty,1,85.0
994,modesty,2,85.0
994,modesty,3,85.0
994,modesty,4,85.0
994,sympathy,0,75.0
994,sympathy,1,75.0
994,sympathy,2,75.0
994,sympathy,3,75.0
994,sympathy,4,75.0
995,trust,0,45.0
995,trust,1,65.0
995,trust,2,45.0
995,trust,3,45.0
995,trust,4,45.0
995,altruism,0,65.0
995,altruism,1,65.0
995,altruism,2,65.0
995,altruism,3,65.0
995,altruism,4,65.0
995,cooperation,0,65.0
995,cooperation,1,65.0
995,cooperation,2,65.0
995,cooperation,3,65.0
995,cooperation,4,65.0
995,modesty,0,65.0
995,modesty,1,65.0
995,modesty,2,65.0
995,modesty,3,55.0
995,modesty,4,65.0
995,sympathy,0,45.0
995,sympathy,1,45.0
995,sympathy,2,45.0
995,sympathy,3,45.0
995,sympathy,4,45.0
996,trust,0,45.0
996,trust,1,45.0
996,trust,2,45.0
996,trust,3,45.0
996,trust,4,45.0
996,altruism,0,45.0
996,altruism,1,45.0
996,altruism,2,45.0
996,altruism,3,45.0
996,altruism,4,45.0
996,cooperation,0,75.0
996,cooperation,1,75.0
996,cooperation,2,75.0
996,cooperation,3,75.0
996,cooperation,4,65.0
996,modesty,0,75.0
996,modesty,1,65.0
996,modesty,2,65.0
996,modesty,3,65.0
996,modesty,4,75.0
996,sympathy,0,45.0
996,sympathy,1,45.0
996,sympathy,2,45.0
996,sympathy,3,45.0
996,sympathy,4,45.0
997,trust,0,45.0
997,trust,1,65.0
997,trust,2,65.0
997,trust,3,65.0
997,trust,4,45.0
997,altruism,0,65.0
997,altruism,1,65.0
997,altruism,2,65.0
997,altruism,3,65.0
997,altruism,4,65.0
997,cooperation,0,65.0
997,cooperation,1,75.0
997,cooperation,2,85.0
997,cooperation,3,85.0
997,cooperation,4,85.0
997,modesty,0,65.0
997,modesty,1,65.0
997,modesty,2,85.0
997,modesty,3,65.0
997,modesty,4,65.0
997,sympathy,0,45.0
997,sympathy,1,45.0
997,sympathy,2,45.0
997,sympathy,3,45.0
997,sympathy,4,45.0
998,trust,0,65.0
998,trust,1,65.0
998,trust,2,65.0
998,trust,3,65.0
998,trust,4,65.0
998,altruism,0,65.0
998,altruism,1,65.0
998,altruism,2,65.0
998,altruism,3,65.0
998,altruism,4,65.0
998,cooperation,0,75.0
998,cooperation,1,75.0
998,cooperation,2,85.0
998,cooperation,3,85.0
998,cooperation,4,85.0
998,modesty,0,85.0
998,modesty,1,85.0
998,modesty,2,85.0
998,modesty,3,85.0
998,modesty,4,85.0
998,sympathy,0,85.0
998,sympathy,1,85.0
998,sympathy,2,85.0
998,sympathy,3,85.0
998,sympathy,4,85.0
999,trust,0,80.0
999,trust,1,85.0
999,trust,2,85.0
999,trust,3,85.0
999,trust,4,75.0
999,altruism,0,65.0
999,altruism,1,75.0
999,altruism,2,65.0
999,altruism,3,65.0
999,altruism,4,65.0
999,cooperation,0,90.0
999,cooperation,1,90.0
999,cooperation,2,90.0
999,cooperation,3,90.0
999,cooperation,4,90.0
999,modesty,0,85.0
999,modesty,1,75.0
999,modesty,2,75.0
999,modesty,3,75.0
999,modesty,4,75.0
999,sympathy,0,90.0
999,sympathy,1,90.0
999,sympathy,2,90.0
999,sympathy,3,90.0
999,sympathy,4,90.0
1000,trust,0,75.0
1000,trust,1,65.0
1000,trust,2,65.0
1000,trust,3,65.0
1000,trust,4,65.0
1000,altruism,0,85.0
1000,altruism,1,85.0
1000,altruism,2,85.0
1000,altruism,3,85.0
1000,altruism,4,85.0
1000,cooperation,0,90.0
1000,cooperation,1,85.0
1000,cooperation,2,85.0
1000,cooperation,3,85.0
1000,cooperation,4,90.0
1000,modesty,0,85.0
1000,modesty,1,85.0
1000,modesty,2,85.0
1000,modesty,3,75.0
1000,modesty,4,85.0
1000,sympathy,0,85.0
1000,sympathy,1,85.0
1000,sympathy,2,85.0
1000,sympathy,3,85.0
1000,sympathy,4,85.0
1001,trust,0,75.0
1001,trust,1,70.0
1001,trust,2,70.0
1001,trust,3,75.0
1001,trust,4,65.0
1001,altruism,0,90.0
1001,altruism,1,85.0
1001,altruism,2,85.0
1001,altruism,3,90.0
1001,altruism,4,90.0
1001,cooperation,0,75.0
1001,cooperation,1,75.0
1001,cooperation,2,85.0
1001,cooperation,3,75.0
1001,cooperation,4,75.0
1001,modesty,0,75.0
1001,modesty,1,75.0
1001,modesty,2,75.0
1001,modesty,3,85.0
1001,modesty,4,75.0
1001,sympathy,0,85.0
1001,sympathy,1,85.0
1001,sympathy,2,85.0
1001,sympathy,3,85.0
1001,sympathy,4,85.0
1002,trust,0,75.0
1002,trust,1,75.0
1002,trust,2,75.0
1002,trust,3,75.0
1002,trust,4,75.0
1002,altruism,0,85.0
1002,altruism,1,85.0
1002,altruism,2,85.0
1002,altruism,3,85.0
1002,altruism,4,85.0
1002,cooperation,0,85.0
1002,cooperation,1,85.0
1002,cooperation,2,85.0
1002,cooperation,3,85.0
1002,cooperation,4,90.0
1002,modesty,0,90.0
1002,modesty,1,90.0
1002,modesty,2,90.0
1002,modesty,3,90.0
1002,modesty,4,90.0
1002,sympathy,0,75.0
1002,sympathy,1,75.0
1002,sympathy,2,75.0
1002,sympathy,3,75.0
1002,sympathy,4,75.0
1003,trust,0,85.0
1003,trust,1,80.0
1003,trust,2,75.0
1003,trust,3,75.0
1003,trust,4,75.0
1003,altruism,0,85.0
1003,altruism,1,85.0
1003,altruism,2,85.0
1003,altruism,3,85.0
1003,altruism,4,85.0
1003,cooperation,0,85.0
1003,cooperation,1,85.0
1003,cooperation,2,85.0
1003,cooperation,3,85.0
1003,cooperation,4,90.0
1003,modesty,0,65.0
1003,modesty,1,85.0
1003,modesty,2,75.0
1003,modesty,3,75.0
1003,modesty,4,75.0
1003,sympathy,0,65.0
1003,sympathy,1,65.0
1003,sympathy,2,65.0
1003,sympathy,3,65.0
1003,sympathy,4,45.0
1004,trust,0,85.0
1004,trust,1,85.0
1004,trust,2,85.0
1004,trust,3,85.0
1004,trust,4,75.0
1004,altruism,0,25.0
1004,altruism,1,25.0
1004,altruism,2,25.0
1004,altruism,3,40.0
1004,altruism,4,25.0
1004,cooperation,0,45.0
1004,cooperation,1,75.0
1004,cooperation,2,65.0
1004,cooperation,3,65.0
1004,cooperation,4,65.0
1004,modesty,0,45.0
1004,modesty,1,45.0
1004,modesty,2,45.0
1004,modesty,3,45.0
1004,modesty,4,45.0
1004,sympathy,0,45.0
1004,sympathy,1,45.0
1004,sympathy,2,45.0
1004,sympathy,3,45.0
1004,sympathy,4,45.0
1005,trust,0,70.0
1005,trust,1,65.0
1005,trust,2,65.0
1005,trust,3,65.0
1005,trust,4,70.0
1005,altruism,0,85.0
1005,altruism,1,85.0
1005,altruism,2,75.0
1005,altruism,3,85.0
1005,altruism,4,85.0
1005,cooperation,0,85.0
1005,cooperation,1,75.0
1005,cooperation,2,85.0
1005,cooperation,3,85.0
1005,cooperation,4,85.0
1005,modesty,0,85.0
1005,modesty,1,85.0
1005,modesty,2,85.0
1005,modesty,3,85.0
1005,modesty,4,85.0
1005,sympathy,0,75.0
1005,sympathy,1,75.0
1005,sympathy,2,75.0
1005,sympathy,3,75.0
1005,sympathy,4,65.0
1006,trust,0,75.0
1006,trust,1,75.0
1006,trust,2,75.0
1006,trust,3,65.0
1006,trust,4,75.0
1006,altruism,0,85.0
1006,altruism,1,85.0
1006,altruism,2,85.0
1006,altruism,3,85.0
1006,altruism,4,85.0
1006,cooperation,0,85.0
1006,cooperation,1,85.0
1006,cooperation,2,90.0
1006,cooperation,3,85.0
1006,cooperation,4,90.0
1006,modesty,0,85.0
1006,modesty,1,85.0
1006,modesty,2,75.0
1006,modesty,3,85.0
1006,modesty,4,85.0
1006,sympathy,0,85.0
1006,sympathy,1,85.0
1006,sympathy,2,85.0
1006,sympathy,3,85.0
1006,sympathy,4,85.0
1007,trust,0,75.0
1007,trust,1,65.0
1007,trust,2,75.0
1007,trust,3,70.0
1007,trust,4,70.0
1007,altruism,0,85.0
1007,altruism,1,85.0
1007,altruism,2,85.0
1007,altruism,3,85.0
1007,altruism,4,85.0
1007,cooperation,0,85.0
1007,cooperation,1,85.0
1007,cooperation,2,85.0
1007,cooperation,3,85.0
1007,cooperation,4,85.0
1007,modesty,0,85.0
1007,modesty,1,75.0
1007,modesty,2,85.0
1007,modesty,3,75.0
1007,modesty,4,75.0
1007,sympathy,0,85.0
1007,sympathy,1,85.0
1007,sympathy,2,85.0
1007,sympathy,3,85.0
1007,sympathy,4,85.0
1008,trust,0,75.0
1008,trust,1,75.0
1008,trust,2,65.0
1008,trust,3,85.0
1008,trust,4,75.0
1008,altruism,0,85.0
1008,altruism,1,85.0
1008,altruism,2,85.0
1008,altruism,3,85.0
1008,altruism,4,90.0
1008,cooperation,0,85.0
1008,cooperation,1,85.0
1008,cooperation,2,85.0
1008,cooperation,3,85.0
1008,cooperation,4,85.0
1008,modesty,0,85.0
1008,modesty,1,85.0
1008,modesty,2,85.0
1008,modesty,3,90.0
1008,modesty,4,90.0
1008,sympathy,0,85.0
1008,sympathy,1,85.0
1008,sympathy,2,85.0
1008,sympathy,3,85.0
1008,sympathy,4,85.0
1009,trust,0,65.0
1009,trust,1,65.0
1009,trust,2,65.0
1009,trust,3,65.0
1009,trust,4,65.0
1009,altruism,0,65.0
1009,altruism,1,65.0
1009,altruism,2,65.0
1009,altruism,3,65.0
1009,altruism,4,65.0
1009,cooperation,0,85.0
1009,cooperation,1,85.0
1009,cooperation,2,85.0
1009,cooperation,3,85.0
1009,cooperation,4,85.0
1009,modesty,0,75.0
1009,modesty,1,85.0
1009,modesty,2,75.0
1009,modesty,3,85.0
1009,modesty,4,75.0
1009,sympathy,0,45.0
1009,sympathy,1,45.0
1009,sympathy,2,45.0
1009,sympathy,3,45.0
1009,sympathy,4,45.0
1010,trust,0,45.0
1010,trust,1,45.0
1010,trust,2,45.0
1010,trust,3,45.0
1010,trust,4,45.0
1010,altruism,0,45.0
1010,altruism,1,65.0
1010,altruism,2,65.0
1010,altruism,3,65.0
1010,altruism,4,65.0
1010,cooperation,0,85.0
1010,cooperation,1,85.0
1010,cooperation,2,85.0
1010,cooperation,3,85.0
1010,cooperation,4,75.0
1010,modesty,0,75.0
1010,modesty,1,75.0
1010,modesty,2,75.0
1010,modesty,3,75.0
1010,modesty,4,70.0
1010,sympathy,0,65.0
1010,sympathy,1,65.0
1010,sympathy,2,65.0
1010,sympathy,3,65.0
1010,sympathy,4,65.0
1011,trust,0,65.0
1011,trust,1,45.0
1011,trust,2,45.0
1011,trust,3,45.0
1011,trust,4,65.0
1011,altruism,0,70.0
1011,altruism,1,70.0
1011,altruism,2,70.0
1011,altruism,3,70.0
1011,altruism,4,65.0
1011,cooperation,0,85.0
1011,cooperation,1,85.0
1011,cooperation,2,85.0
1011,cooperation,3,85.0
1011,cooperation,4,85.0
1011,modesty,0,85.0
1011,modesty,1,70.0
1011,modesty,2,85.0
1011,modesty,3,70.0
1011,modesty,4,85.0
1011,sympathy,0,65.0
1011,sympathy,1,65.0
1011,sympathy,2,65.0
1011,sympathy,3,65.0
1011,sympathy,4,65.0
1012,trust,0,65.0
1012,trust,1,65.0
1012,trust,2,65.0
1012,trust,3,65.0
1012,trust,4,65.0
1012,altruism,0,65.0
1012,altruism,1,65.0
1012,altruism,2,65.0
1012,altruism,3,65.0
1012,altruism,4,65.0
1012,cooperation,0,85.0
1012,cooperation,1,85.0
1012,cooperation,2,85.0
1012,cooperation,3,85.0
1012,cooperation,4,75.0
1012,modesty,0,85.0
1012,modesty,1,85.0
1012,modesty,2,85.0
1012,modesty,3,85.0
1012,modesty,4,85.0
1012,sympathy,0,65.0
1012,sympathy,1,75.0
1012,sympathy,2,65.0
1012,sympathy,3,70.0
1012,sympathy,4,75.0
1013,trust,0,75.0
1013,trust,1,75.0
1013,trust,2,75.0
1013,trust,3,75.0
1013,trust,4,65.0
1013,altruism,0,85.0
1013,altruism,1,85.0
1013,altruism,2,85.0
1013,altruism,3,85.0
1013,altruism,4,85.0
1013,cooperation,0,85.0
1013,cooperation,1,85.0
1013,cooperation,2,85.0
1013,cooperation,3,85.0
1013,cooperation,4,85.0
1013,modesty,0,75.0
1013,modesty,1,85.0
1013,modesty,2,85.0
1013,modesty,3,85.0
1013,modesty,4,75.0
1013,sympathy,0,65.0
1013,sympathy,1,65.0
1013,sympathy,2,65.0
1013,sympathy,3,65.0
1013,sympathy,4,65.0
1014,trust,0,85.0
1014,trust,1,85.0
1014,trust,2,85.0
1014,trust,3,85.0
1014,trust,4,85.0
1014,altruism,0,75.0
1014,altruism,1,75.0
1014,altruism,2,75.0
1014,altruism,3,85.0
1014,altruism,4,85.0
1014,cooperation,0,85.0
1014,cooperation,1,85.0
1014,cooperation,2,75.0
1014,cooperation,3,65.0
1014,cooperation,4,75.0
1014,modesty,0,85.0
1014,modesty,1,85.0
1014,modesty,2,85.0
1014,modesty,3,85.0
1014,modesty,4,85.0
1014,sympathy,0,70.0
1014,sympathy,1,70.0
1014,sympathy,2,65.0
1014,sympathy,3,75.0
1014,sympathy,4,65.0
1015,trust,0,65.0
1015,trust,1,65.0
1015,trust,2,65.0
1015,trust,3,65.0
1015,trust,4,65.0
1015,altruism,0,45.0
1015,altruism,1,45.0
1015,altruism,2,45.0
1015,altruism,3,45.0
1015,altruism,4,45.0
1015,cooperation,0,85.0
1015,cooperation,1,85.0
1015,cooperation,2,85.0
1015,cooperation,3,85.0
1015,cooperation,4,85.0
1015,modesty,0,85.0
1015,modesty,1,75.0
1015,modesty,2,85.0
1015,modesty,3,85.0
1015,modesty,4,75.0
1015,sympathy,0,45.0
1015,sympathy,1,45.0
1015,sympathy,2,45.0
1015,sympathy,3,45.0
1015,sympathy,4,45.0
1016,trust,0,65.0
1016,trust,1,45.0
1016,trust,2,45.0
1016,trust,3,45.0
1016,trust,4,45.0
1016,altruism,0,65.0
1016,altruism,1,65.0
1016,altruism,2,65.0
1016,altruism,3,65.0
1016,altruism,4,65.0
1016,cooperation,0,85.0
1016,cooperation,1,85.0
1016,cooperation,2,75.0
1016,cooperation,3,85.0
1016,cooperation,4,85.0
1016,modesty,0,75.0
1016,modesty,1,75.0
1016,modesty,2,75.0
1016,modesty,3,75.0
1016,modesty,4,75.0
1016,sympathy,0,65.0
1016,sympathy,1,65.0
1016,sympathy,2,65.0
1016,sympathy,3,65.0
1016,sympathy,4,65.0
1017,trust,0,75.0
1017,trust,1,85.0
1017,trust,2,85.0
1017,trust,3,85.0
1017,trust,4,85.0
1017,altruism,0,90.0
1017,altruism,1,95.0
1017,altruism,2,90.0
1017,altruism,3,90.0
1017,altruism,4,90.0
1017,cooperation,0,90.0
1017,cooperation,1,90.0
1017,cooperation,2,90.0
1017,cooperation,3,90.0
1017,cooperation,4,90.0
1017,modesty,0,85.0
1017,modesty,1,85.0
1017,modesty,2,85.0
1017,modesty,3,85.0
1017,modesty,4,85.0
1017,sympathy,0,90.0
1017,sympathy,1,90.0
1017,sympathy,2,90.0
1017,sympathy,3,90.0
1017,sympathy,4,90.0
1018,trust,0,85.0
1018,trust,1,85.0
1018,trust,2,85.0
1018,trust,3,85.0
1018,trust,4,90.0
1018,altruism,0,85.0
1018,altruism,1,85.0
1018,altruism,2,85.0
1018,altruism,3,85.0
1018,altruism,4,85.0
1018,cooperation,0,90.0
1018,cooperation,1,90.0
1018,cooperation,2,90.0
1018,cooperation,3,90.0
1018,cooperation,4,90.0
1018,modesty,0,65.0
1018,modesty,1,70.0
1018,modesty,2,75.0
1018,modesty,3,70.0
1018,modesty,4,75.0
1018,sympathy,0,90.0
1018,sympathy,1,90.0
1018,sympathy,2,95.0
1018,sympathy,3,95.0
1018,sympathy,4,95.0
1019,trust,0,75.0
1019,trust,1,75.0
1019,trust,2,75.0
1019,trust,3,75.0
1019,trust,4,75.0
1019,altruism,0,70.0
1019,altruism,1,70.0
1019,altruism,2,75.0
1019,altruism,3,75.0
1019,altruism,4,70.0
1019,cooperation,0,75.0
1019,cooperation,1,75.0
1019,cooperation,2,85.0
1019,cooperation,3,80.0
1019,cooperation,4,75.0
1019,modesty,0,65.0
1019,modesty,1,65.0
1019,modesty,2,65.0
1019,modesty,3,65.0
1019,modesty,4,65.0
1019,sympathy,0,45.0
1019,sympathy,1,45.0
1019,sympathy,2,45.0
1019,sympathy,3,45.0
1019,sympathy,4,45.0
1020,trust,0,85.0
1020,trust,1,85.0
1020,trust,2,85.0
1020,trust,3,85.0
1020,trust,4,85.0
1020,altruism,0,45.0
1020,altruism,1,45.0
1020,altruism,2,45.0
1020,altruism,3,45.0
1020,altruism,4,45.0
1020,cooperation,0,85.0
1020,cooperation,1,85.0
1020,cooperation,2,85.0
1020,cooperation,3,85.0
1020,cooperation,4,85.0
1020,modesty,0,45.0
1020,modesty,1,45.0
1020,modesty,2,45.0
1020,modesty,3,45.0
1020,modesty,4,45.0
1020,sympathy,0,45.0
1020,sympathy,1,45.0
1020,sympathy,2,45.0
1020,sympathy,3,45.0
1020,sympathy,4,45.0
1021,trust,0,85.0
1021,trust,1,85.0
1021,trust,2,85.0
1021,trust,3,85.0
1021,trust,4,85.0
1021,altruism,0,85.0
1021,altruism,1,85.0
1021,altruism,2,85.0
1021,altruism,3,85.0
1021,altruism,4,85.0
1021,cooperation,0,90.0
1021,cooperation,1,90.0
1021,cooperation,2,90.0
1021,cooperation,3,90.0
1021,cooperation,4,90.0
1021,modesty,0,70.0
1021,modesty,1,70.0
1021,modesty,2,75.0
1021,modesty,3,75.0
1021,modesty,4,70.0
1021,sympathy,0,90.0
1021,sympathy,1,85.0
1021,sympathy,2,85.0
1021,sympathy,3,85.0
1021,sympathy,4,85.0
1022,trust,0,60.0
1022,trust,1,75.0
1022,trust,2,60.0
1022,trust,3,65.0
1022,trust,4,60.0
1022,altruism,0,45.0
1022,altruism,1,45.0
1022,altruism,2,45.0
1022,altruism,3,25.0
1022,altruism,4,45.0
1022,cooperation,0,85.0
1022,cooperation,1,85.0
1022,cooperation,2,85.0
1022,cooperation,3,85.0
1022,cooperation,4,75.0
1022,modesty,0,65.0
1022,modesty,1,65.0
1022,modesty,2,65.0
1022,modesty,3,75.0
1022,modesty,4,75.0
1022,sympathy,0,45.0
1022,sympathy,1,45.0
1022,sympathy,2,45.0
1022,sympathy,3,45.0
1022,sympathy,4,65.0
1023,trust,0,45.0
1023,trust,1,45.0
1023,trust,2,45.0
1023,trust,3,45.0
1023,trust,4,45.0
1023,altruism,0,45.0
1023,altruism,1,45.0
1023,altruism,2,45.0
1023,altruism,3,45.0
1023,altruism,4,45.0
1023,cooperation,0,45.0
1023,cooperation,1,45.0
1023,cooperation,2,45.0
1023,cooperation,3,45.0
1023,cooperation,4,45.0
1023,modesty,0,40.0
1023,modesty,1,40.0
1023,modesty,2,40.0
1023,modesty,3,40.0
1023,modesty,4,40.0
1023,sympathy,0,45.0
1023,sympathy,1,45.0
1023,sympathy,2,35.0
1023,sympathy,3,45.0
1023,sympathy,4,45.0
1024,trust,0,45.0
1024,trust,1,85.0
1024,trust,2,85.0
1024,trust,3,85.0
1024,trust,4,45.0
1024,altruism,0,25.0
1024,altruism,1,25.0
1024,altruism,2,25.0
1024,altruism,3,25.0
1024,altruism,4,25.0
1024,cooperation,0,30.0
1024,cooperation,1,25.0
1024,cooperation,2,25.0
1024,cooperation,3,25.0
1024,cooperation,4,25.0
1024,modesty,0,25.0
1024,modesty,1,25.0
1024,modesty,2,25.0
1024,modesty,3,25.0
1024,modesty,4,25.0
1024,sympathy,0,25.0
1024,sympathy,1,25.0
1024,sympathy,2,25.0
1024,sympathy,3,25.0
1024,sympathy,4,25.0
1025,trust,0,45.0
1025,trust,1,45.0
1025,trust,2,45.0
1025,trust,3,45.0
1025,trust,4,45.0
1025,altruism,0,75.0
1025,altruism,1,85.0
1025,altruism,2,75.0
1025,altruism,3,65.0
1025,altruism,4,65.0
1025,cooperation,0,40.0
1025,cooperation,1,40.0
1025,cooperation,2,40.0
1025,cooperation,3,40.0
1025,cooperation,4,40.0
1025,modesty,0,45.0
1025,modesty,1,45.0
1025,modesty,2,45.0
1025,modesty,3,45.0
1025,modesty,4,45.0
1025,sympathy,0,35.0
1025,sympathy,1,30.0
1025,sympathy,2,30.0
1025,sympathy,3,25.0
1025,sympathy,4,35.0
1026,trust,0,45.0
1026,trust,1,45.0
1026,trust,2,45.0
1026,trust,3,45.0
1026,trust,4,45.0
1026,altruism,0,65.0
1026,altruism,1,65.0
1026,altruism,2,65.0
1026,altruism,3,65.0
1026,altruism,4,65.0
1026,cooperation,0,85.0
1026,cooperation,1,85.0
1026,cooperation,2,85.0
1026,cooperation,3,85.0
1026,cooperation,4,85.0
1026,modesty,0,65.0
1026,modesty,1,65.0
1026,modesty,2,65.0
1026,modesty,3,65.0
1026,modesty,4,65.0
1026,sympathy,0,65.0
1026,sympathy,1,65.0
1026,sympathy,2,65.0
1026,sympathy,3,65.0
1026,sympathy,4,65.0
1027,trust,0,85.0
1027,trust,1,85.0
1027,trust,2,85.0
1027,trust,3,85.0
1027,trust,4,85.0
1027,altruism,0,90.0
1027,altruism,1,90.0
1027,altruism,2,90.0
1027,altruism,3,90.0
1027,altruism,4,90.0
1027,cooperation,0,85.0
1027,cooperation,1,85.0
1027,cooperation,2,85.0
1027,cooperation,3,85.0
1027,cooperation,4,85.0
1027,modesty,0,45.0
1027,modesty,1,45.0
1027,modesty,2,45.0
1027,modesty,3,45.0
1027,modesty,4,45.0
1027,sympathy,0,85.0
1027,sympathy,1,65.0
1027,sympathy,2,65.0
1027,sympathy,3,65.0
1027,sympathy,4,65.0
1028,trust,0,85.0
1028,trust,1,85.0
1028,trust,2,85.0
1028,trust,3,85.0
1028,trust,4,85.0
1028,altruism,0,85.0
1028,altruism,1,85.0
1028,altruism,2,85.0
1028,altruism,3,85.0
1028,altruism,4,85.0
1028,cooperation,0,90.0
1028,cooperation,1,90.0
1028,cooperation,2,90.0
1028,cooperation,3,90.0
1028,cooperation,4,90.0
1028,modesty,0,70.0
1028,modesty,1,65.0
1028,modesty,2,65.0
1028,modesty,3,65.0
1028,modesty,4,65.0
1028,sympathy,0,85.0
1028,sympathy,1,85.0
1028,sympathy,2,85.0
1028,sympathy,3,85.0
1028,sympathy,4,85.0
1029,trust,0,85.0
1029,trust,1,85.0
1029,trust,2,85.0
1029,trust,3,85.0
1029,trust,4,85.0
1029,altruism,0,85.0
1029,altruism,1,85.0
1029,altruism,2,85.0
1029,altruism,3,85.0
1029,altruism,4,85.0
1029,cooperation,0,90.0
1029,cooperation,1,90.0
1029,cooperation,2,90.0
1029,cooperation,3,90.0
1029,cooperation,4,90.0
1029,modesty,0,65.0
1029,modesty,1,65.0
1029,modesty,2,65.0
1029,modesty,3,45.0
1029,modesty,4,65.0
1029,sympathy,0,90.0
1029,sympathy,1,90.0
1029,sympathy,2,90.0
1029,sympathy,3,90.0
1029,sympathy,4,90.0
1030,trust,0,85.0
1030,trust,1,85.0
1030,trust,2,85.0
1030,trust,3,85.0
1030,trust,4,85.0
1030,altruism,0,95.0
1030,altruism,1,95.0
1030,altruism,2,95.0
1030,altruism,3,95.0
1030,altruism,4,95.0
1030,cooperation,0,90.0
1030,cooperation,1,90.0
1030,cooperation,2,90.0
1030,cooperation,3,90.0
1030,cooperation,4,90.0
1030,modesty,0,85.0
1030,modesty,1,85.0
1030,modesty,2,85.0
1030,modesty,3,85.0
1030,modesty,4,85.0
1030,sympathy,0,90.0
1030,sympathy,1,90.0
1030,sympathy,2,90.0
1030,sympathy,3,90.0
1030,sympathy,4,90.0
1031,trust,0,85.0
1031,trust,1,85.0
1031,trust,2,85.0
1031,trust,3,85.0
1031,trust,4,85.0
1031,altruism,0,90.0
1031,altruism,1,95.0
1031,altruism,2,90.0
1031,altruism,3,95.0
1031,altruism,4,90.0
1031,cooperation,0,65.0
1031,cooperation,1,45.0
1031,cooperation,2,45.0
1031,cooperation,3,45.0
1031,cooperation,4,65.0
1031,modesty,0,45.0
1031,modesty,1,45.0
1031,modesty,2,45.0
1031,modesty,3,45.0
1031,modesty,4,40.0
1031,sympathy,0,90.0
1031,sympathy,1,90.0
1031,sympathy,2,85.0
1031,sympathy,3,90.0
1031,sympathy,4,90.0
1032,trust,0,85.0
1032,trust,1,80.0
1032,trust,2,85.0
1032,trust,3,80.0
1032,trust,4,85.0
1032,altruism,0,90.0
1032,altruism,1,90.0
1032,altruism,2,90.0
1032,altruism,3,90.0
1032,altruism,4,90.0
1032,cooperation,0,85.0
1032,cooperation,1,85.0
1032,cooperation,2,85.0
1032,cooperation,3,85.0
1032,cooperation,4,85.0
1032,modesty,0,45.0
1032,modesty,1,65.0
1032,modesty,2,45.0
1032,modesty,3,45.0
1032,modesty,4,45.0
1032,sympathy,0,85.0
1032,sympathy,1,85.0
1032,sympathy,2,90.0
1032,sympathy,3,85.0
1032,sympathy,4,85.0
1033,trust,0,85.0
1033,trust,1,85.0
1033,trust,2,85.0
1033,trust,3,85.0
1033,trust,4,85.0
1033,altruism,0,90.0
1033,altruism,1,90.0
1033,altruism,2,90.0
1033,altruism,3,90.0
1033,altruism,4,90.0
1033,cooperation,0,80.0
1033,cooperation,1,75.0
1033,cooperation,2,65.0
1033,cooperation,3,70.0
1033,cooperation,4,65.0
1033,modesty,0,40.0
1033,modesty,1,40.0
1033,modesty,2,40.0
1033,modesty,3,40.0
1033,modesty,4,45.0
1033,sympathy,0,45.0
1033,sympathy,1,40.0
1033,sympathy,2,45.0
1033,sympathy,3,45.0
1033,sympathy,4,45.0
1034,trust,0,75.0
1034,trust,1,85.0
1034,trust,2,85.0
1034,trust,3,85.0
1034,trust,4,85.0
1034,altruism,0,45.0
1034,altruism,1,45.0
1034,altruism,2,45.0
1034,altruism,3,45.0
1034,altruism,4,45.0
1034,cooperation,0,85.0
1034,cooperation,1,85.0
1034,cooperation,2,85.0
1034,cooperation,3,85.0
1034,cooperation,4,85.0
1034,modesty,0,45.0
1034,modesty,1,45.0
1034,modesty,2,45.0
1034,modesty,3,45.0
1034,modesty,4,45.0
1034,sympathy,0,45.0
1034,sympathy,1,45.0
1034,sympathy,2,45.0
1034,sympathy,3,45.0
1034,sympathy,4,45.0
1035,trust,0,75.0
1035,trust,1,75.0
1035,trust,2,75.0
1035,trust,3,75.0
1035,trust,4,75.0
1035,altruism,0,90.0
1035,altruism,1,90.0
1035,altruism,2,90.0
1035,altruism,3,90.0
1035,altruism,4,90.0
1035,cooperation,0,85.0
1035,cooperation,1,85.0
1035,cooperation,2,85.0
1035,cooperation,3,85.0
1035,cooperation,4,85.0
1035,modesty,0,65.0
1035,modesty,1,65.0
1035,modesty,2,65.0
1035,modesty,3,65.0
1035,modesty,4,65.0
1035,sympathy,0,75.0
1035,sympathy,1,75.0
1035,sympathy,2,75.0
1035,sympathy,3,75.0
1035,sympathy,4,75.0
1036,trust,0,85.0
1036,trust,1,75.0
1036,trust,2,85.0
1036,trust,3,85.0
1036,trust,4,85.0
1036,altruism,0,85.0
1036,altruism,1,85.0
1036,altruism,2,85.0
1036,altruism,3,85.0
1036,altruism,4,85.0
1036,cooperation,0,90.0
1036,cooperation,1,90.0
1036,cooperation,2,90.0
1036,cooperation,3,90.0
1036,cooperation,4,85.0
1036,modesty,0,65.0
1036,modesty,1,65.0
1036,modesty,2,65.0
1036,modesty,3,45.0
1036,modesty,4,65.0
1036,sympathy,0,85.0
1036,sympathy,1,85.0
1036,sympathy,2,85.0
1036,sympathy,3,85.0
1036,sympathy,4,85.0
1037,trust,0,85.0
1037,trust,1,75.0
1037,trust,2,75.0
1037,trust,3,85.0
1037,trust,4,85.0
1037,altruism,0,90.0
1037,altruism,1,90.0
1037,altruism,2,90.0
1037,altruism,3,90.0
1037,altruism,4,90.0
1037,cooperation,0,85.0
1037,cooperation,1,90.0
1037,cooperation,2,85.0
1037,cooperation,3,90.0
1037,cooperation,4,85.0
1037,modesty,0,75.0
1037,modesty,1,75.0
1037,modesty,2,75.0
1037,modesty,3,75.0
1037,modesty,4,70.0
1037,sympathy,0,90.0
1037,sympathy,1,90.0
1037,sympathy,2,90.0
1037,sympathy,3,90.0
1037,sympathy,4,90.0
1038,trust,0,85.0
1038,trust,1,85.0
1038,trust,2,85.0
1038,trust,3,85.0
1038,trust,4,85.0
1038,altruism,0,85.0
1038,altruism,1,85.0
1038,altruism,2,85.0
1038,altruism,3,85.0
1038,altruism,4,85.0
1038,cooperation,0,85.0
1038,cooperation,1,85.0
1038,cooperation,2,85.0
1038,cooperation,3,85.0
1038,cooperation,4,85.0
1038,modesty,0,45.0
1038,modesty,1,65.0
1038,modesty,2,65.0
1038,modesty,3,65.0
1038,modesty,4,65.0
1038,sympathy,0,85.0
1038,sympathy,1,85.0
1038,sympathy,2,85.0
1038,sympathy,3,85.0
1038,sympathy,4,75.0
1039,trust,0,85.0
1039,trust,1,85.0
1039,trust,2,85.0
1039,trust,3,85.0
1039,trust,4,85.0
1039,altruism,0,65.0
1039,altruism,1,65.0
1039,altruism,2,65.0
1039,altruism,3,65.0
1039,altruism,4,65.0
1039,cooperation,0,85.0
1039,cooperation,1,85.0
1039,cooperation,2,85.0
1039,cooperation,3,85.0
1039,cooperation,4,85.0
1039,modesty,0,65.0
1039,modesty,1,70.0
1039,modesty,2,65.0
1039,modesty,3,65.0
1039,modesty,4,65.0
1039,sympathy,0,45.0
1039,sympathy,1,45.0
1039,sympathy,2,45.0
1039,sympathy,3,45.0
1039,sympathy,4,45.0
1040,trust,0,75.0
1040,trust,1,75.0
1040,trust,2,85.0
1040,trust,3,65.0
1040,trust,4,75.0
1040,altruism,0,65.0
1040,altruism,1,65.0
1040,altruism,2,75.0
1040,altruism,3,65.0
1040,altruism,4,65.0
1040,cooperation,0,90.0
1040,cooperation,1,85.0
1040,cooperation,2,85.0
1040,cooperation,3,85.0
1040,cooperation,4,85.0
1040,modesty,0,70.0
1040,modesty,1,75.0
1040,modesty,2,75.0
1040,modesty,3,75.0
1040,modesty,4,75.0
1040,sympathy,0,65.0
1040,sympathy,1,65.0
1040,sympathy,2,65.0
1040,sympathy,3,65.0
1040,sympathy,4,65.0
1041,trust,0,75.0
1041,trust,1,75.0
1041,trust,2,85.0
1041,trust,3,75.0
1041,trust,4,85.0
1041,altruism,0,85.0
1041,altruism,1,85.0
1041,altruism,2,90.0
1041,altruism,3,85.0
1041,altruism,4,85.0
1041,cooperation,0,90.0
1041,cooperation,1,90.0
1041,cooperation,2,90.0
1041,cooperation,3,90.0
1041,cooperation,4,90.0
1041,modesty,0,70.0
1041,modesty,1,70.0
1041,modesty,2,75.0
1041,modesty,3,85.0
1041,modesty,4,75.0
1041,sympathy,0,85.0
1041,sympathy,1,85.0
1041,sympathy,2,85.0
1041,sympathy,3,85.0
1041,sympathy,4,85.0
1042,trust,0,85.0
1042,trust,1,90.0
1042,trust,2,90.0
1042,trust,3,90.0
1042,trust,4,90.0
1042,altruism,0,85.0
1042,altruism,1,90.0
1042,altruism,2,90.0
1042,altruism,3,90.0
1042,altruism,4,90.0
1042,cooperation,0,90.0
1042,cooperation,1,90.0
1042,cooperation,2,85.0
1042,cooperation,3,90.0
1042,cooperation,4,90.0
1042,modesty,0,45.0
1042,modesty,1,45.0
1042,modesty,2,45.0
1042,modesty,3,45.0
1042,modesty,4,45.0
1042,sympathy,0,45.0
1042,sympathy,1,25.0
1042,sympathy,2,25.0
1042,sympathy,3,25.0
1042,sympathy,4,25.0
1043,trust,0,75.0
1043,trust,1,85.0
1043,trust,2,85.0
1043,trust,3,85.0
1043,trust,4,75.0
1043,altruism,0,85.0
1043,altruism,1,80.0
1043,altruism,2,85.0
1043,altruism,3,85.0
1043,altruism,4,85.0
1043,cooperation,0,85.0
1043,cooperation,1,65.0
1043,cooperation,2,65.0
1043,cooperation,3,65.0
1043,cooperation,4,65.0
1043,modesty,0,65.0
1043,modesty,1,65.0
1043,modesty,2,65.0
1043,modesty,3,65.0
1043,modesty,4,65.0
1043,sympathy,0,65.0
1043,sympathy,1,65.0
1043,sympathy,2,65.0
1043,sympathy,3,65.0
1043,sympathy,4,70.0
1044,trust,0,85.0
1044,trust,1,85.0
1044,trust,2,85.0
1044,trust,3,85.0
1044,trust,4,85.0
1044,altruism,0,90.0
1044,altruism,1,90.0
1044,altruism,2,85.0
1044,altruism,3,85.0
1044,altruism,4,85.0
1044,cooperation,0,75.0
1044,cooperation,1,75.0
1044,cooperation,2,85.0
1044,cooperation,3,85.0
1044,cooperation,4,75.0
1044,modesty,0,45.0
1044,modesty,1,45.0
1044,modesty,2,65.0
1044,modesty,3,65.0
1044,modesty,4,45.0
1044,sympathy,0,65.0
1044,sympathy,1,45.0
1044,sympathy,2,65.0
1044,sympathy,3,65.0
1044,sympathy,4,65.0
1045,trust,0,85.0
1045,trust,1,85.0
1045,trust,2,85.0
1045,trust,3,85.0
1045,trust,4,90.0
1045,altruism,0,85.0
1045,altruism,1,85.0
1045,altruism,2,85.0
1045,altruism,3,85.0
1045,altruism,4,85.0
1045,cooperation,0,85.0
1045,cooperation,1,85.0
1045,cooperation,2,85.0
1045,cooperation,3,85.0
1045,cooperation,4,85.0
1045,modesty,0,65.0
1045,modesty,1,75.0
1045,modesty,2,75.0
1045,modesty,3,70.0
1045,modesty,4,75.0
1045,sympathy,0,75.0
1045,sympathy,1,75.0
1045,sympathy,2,75.0
1045,sympathy,3,75.0
1045,sympathy,4,75.0
1046,trust,0,85.0
1046,trust,1,85.0
1046,trust,2,85.0
1046,trust,3,85.0
1046,trust,4,80.0
1046,altruism,0,90.0
1046,altruism,1,90.0
1046,altruism,2,90.0
1046,altruism,3,90.0
1046,altruism,4,90.0
1046,cooperation,0,85.0
1046,cooperation,1,85.0
1046,cooperation,2,85.0
1046,cooperation,3,85.0
1046,cooperation,4,85.0
1046,modesty,0,65.0
1046,modesty,1,65.0
1046,modesty,2,65.0
1046,modesty,3,65.0
1046,modesty,4,65.0
1046,sympathy,0,85.0
1046,sympathy,1,85.0
1046,sympathy,2,85.0
1046,sympathy,3,85.0
1046,sympathy,4,85.0
1047,trust,0,75.0
1047,trust,1,85.0
1047,trust,2,75.0
1047,trust,3,70.0
1047,trust,4,85.0
1047,altruism,0,90.0
1047,altruism,1,90.0
1047,altruism,2,90.0
1047,altruism,3,90.0
1047,altruism,4,90.0
1047,cooperation,0,90.0
1047,cooperation,1,85.0
1047,cooperation,2,90.0
1047,cooperation,3,90.0
1047,cooperation,4,90.0
1047,modesty,0,75.0
1047,modesty,1,65.0
1047,modesty,2,75.0
1047,modesty,3,65.0
1047,modesty,4,75.0
1047,sympathy,0,85.0
1047,sympathy,1,85.0
1047,sympathy,2,85.0
1047,sympathy,3,85.0
1047,sympathy,4,85.0
1048,trust,0,85.0
1048,trust,1,85.0
1048,trust,2,85.0
1048,trust,3,85.0
1048,trust,4,85.0
1048,altruism,0,90.0
1048,altruism,1,90.0
1048,altruism,2,90.0
1048,altruism,3,90.0
1048,altruism,4,90.0
1048,cooperation,0,85.0
1048,cooperation,1,90.0
1048,cooperation,2,85.0
1048,cooperation,3,90.0
1048,cooperation,4,90.0
1048,modesty,0,55.0
1048,modesty,1,55.0
1048,modesty,2,65.0
1048,modesty,3,65.0
1048,modesty,4,65.0
1048,sympathy,0,90.0
1048,sympathy,1,90.0
1048,sympathy,2,90.0
1048,sympathy,3,85.0
1048,sympathy,4,90.0
1049,trust,0,85.0
1049,trust,1,90.0
1049,trust,2,90.0
1049,trust,3,90.0
1049,trust,4,90.0
1049,altruism,0,75.0
1049,altruism,1,85.0
1049,altruism,2,75.0
1049,altruism,3,75.0
1049,altruism,4,75.0
1049,cooperation,0,65.0
1049,cooperation,1,65.0
1049,cooperation,2,65.0
1049,cooperation,3,85.0
1049,cooperation,4,85.0
1049,modesty,0,45.0
1049,modesty,1,45.0
1049,modesty,2,45.0
1049,modesty,3,45.0
1049,modesty,4,45.0
1049,sympathy,0,45.0
1049,sympathy,1,65.0
1049,sympathy,2,65.0
1049,sympathy,3,45.0
1049,sympathy,4,45.0
1050,trust,0,45.0
1050,trust,1,45.0
1050,trust,2,45.0
1050,trust,3,45.0
1050,trust,4,45.0
1050,altruism,0,45.0
1050,altruism,1,45.0
1050,altruism,2,45.0
1050,altruism,3,45.0
1050,altruism,4,45.0
1050,cooperation,0,75.0
1050,cooperation,1,75.0
1050,cooperation,2,75.0
1050,cooperation,3,75.0
1050,cooperation,4,75.0
1050,modesty,0,65.0
1050,modesty,1,65.0
1050,modesty,2,65.0
1050,modesty,3,65.0
1050,modesty,4,65.0
1050,sympathy,0,45.0
1050,sympathy,1,45.0
1050,sympathy,2,45.0
1050,sympathy,3,45.0
1050,sympathy,4,45.0
1051,trust,0,45.0
1051,trust,1,45.0
1051,trust,2,45.0
1051,trust,3,45.0
1051,trust,4,45.0
1051,altruism,0,65.0
1051,altruism,1,45.0
1051,altruism,2,65.0
1051,altruism,3,45.0
1051,altruism,4,65.0
1051,cooperation,0,75.0
1051,cooperation,1,85.0
1051,cooperation,2,75.0
1051,cooperation,3,75.0
1051,cooperation,4,85.0
1051,modesty,0,85.0
1051,modesty,1,85.0
1051,modesty,2,85.0
1051,modesty,3,85.0
1051,modesty,4,85.0
1051,sympathy,0,65.0
1051,sympathy,1,65.0
1051,sympathy,2,45.0
1051,sympathy,3,45.0
1051,sympathy,4,65.0
1052,trust,0,75.0
1052,trust,1,75.0
1052,trust,2,75.0
1052,trust,3,75.0
1052,trust,4,75.0
1052,altruism,0,65.0
1052,altruism,1,65.0
1052,altruism,2,65.0
1052,altruism,3,65.0
1052,altruism,4,65.0
1052,cooperation,0,85.0
1052,cooperation,1,85.0
1052,cooperation,2,85.0
1052,cooperation,3,85.0
1052,cooperation,4,85.0
1052,modesty,0,85.0
1052,modesty,1,85.0
1052,modesty,2,85.0
1052,modesty,3,85.0
1052,modesty,4,85.0
1052,sympathy,0,65.0
1052,sympathy,1,65.0
1052,sympathy,2,65.0
1052,sympathy,3,65.0
1052,sympathy,4,65.0
1053,trust,0,45.0
1053,trust,1,45.0
1053,trust,2,45.0
1053,trust,3,45.0
1053,trust,4,45.0
1053,altruism,0,45.0
1053,altruism,1,25.0
1053,altruism,2,25.0
1053,altruism,3,45.0
1053,altruism,4,25.0
1053,cooperation,0,75.0
1053,cooperation,1,75.0
1053,cooperation,2,75.0
1053,cooperation,3,75.0
1053,cooperation,4,75.0
1053,modesty,0,85.0
1053,modesty,1,85.0
1053,modesty,2,85.0
1053,modesty,3,75.0
1053,modesty,4,90.0
1053,sympathy,0,45.0
1053,sympathy,1,45.0
1053,sympathy,2,45.0
1053,sympathy,3,45.0
1053,sympathy,4,45.0
1054,trust,0,65.0
1054,trust,1,65.0
1054,trust,2,65.0
1054,trust,3,65.0
1054,trust,4,65.0
1054,altruism,0,45.0
1054,altruism,1,45.0
1054,altruism,2,45.0
1054,altruism,3,45.0
1054,altruism,4,45.0
1054,cooperation,0,75.0
1054,cooperation,1,75.0
1054,cooperation,2,85.0
1054,cooperation,3,75.0
1054,cooperation,4,75.0
1054,modesty,0,85.0
1054,modesty,1,85.0
1054,modesty,2,75.0
1054,modesty,3,85.0
1054,modesty,4,85.0
1054,sympathy,0,65.0
1054,sympathy,1,65.0
1054,sympathy,2,65.0
1054,sympathy,3,65.0
1054,sympathy,4,65.0
1055,trust,0,45.0
1055,trust,1,45.0
1055,trust,2,25.0
1055,trust,3,45.0
1055,trust,4,45.0
1055,altruism,0,65.0
1055,altruism,1,75.0
1055,altruism,2,75.0
1055,altruism,3,75.0
1055,altruism,4,85.0
1055,cooperation,0,40.0
1055,cooperation,1,45.0
1055,cooperation,2,25.0
1055,cooperation,3,30.0
1055,cooperation,4,25.0
1055,modesty,0,45.0
1055,modesty,1,35.0
1055,modesty,2,45.0
1055,modesty,3,45.0
1055,modesty,4,45.0
1055,sympathy,0,25.0
1055,sympathy,1,25.0
1055,sympathy,2,25.0
1055,sympathy,3,25.0
1055,sympathy,4,25.0
1056,trust,0,45.0
1056,trust,1,45.0
1056,trust,2,40.0
1056,trust,3,45.0
1056,trust,4,45.0
1056,altruism,0,65.0
1056,altruism,1,65.0
1056,altruism,2,65.0
1056,altruism,3,65.0
1056,altruism,4,65.0
1056,cooperation,0,85.0
1056,cooperation,1,85.0
1056,cooperation,2,65.0
1056,cooperation,3,85.0
1056,cooperation,4,85.0
1056,modesty,0,70.0
1056,modesty,1,65.0
1056,modesty,2,65.0
1056,modesty,3,65.0
1056,modesty,4,75.0
1056,sympathy,0,75.0
1056,sympathy,1,65.0
1056,sympathy,2,65.0
1056,sympathy,3,65.0
1056,sympathy,4,65.0
1057,trust,0,75.0
1057,trust,1,75.0
1057,trust,2,70.0
1057,trust,3,65.0
1057,trust,4,75.0
1057,altruism,0,85.0
1057,altruism,1,85.0
1057,altruism,2,85.0
1057,altruism,3,85.0
1057,altruism,4,85.0
1057,cooperation,0,90.0
1057,cooperation,1,85.0
1057,cooperation,2,90.0
1057,cooperation,3,85.0
1057,cooperation,4,85.0
1057,modesty,0,85.0
1057,modesty,1,85.0
1057,modesty,2,85.0
1057,modesty,3,85.0
1057,modesty,4,85.0
1057,sympathy,0,70.0
1057,sympathy,1,70.0
1057,sympathy,2,70.0
1057,sympathy,3,70.0
1057,sympathy,4,65.0
1058,trust,0,65.0
1058,trust,1,65.0
1058,trust,2,65.0
1058,trust,3,65.0
1058,trust,4,65.0
1058,altruism,0,65.0
1058,altruism,1,70.0
1058,altruism,2,70.0
1058,altruism,3,65.0
1058,altruism,4,65.0
1058,cooperation,0,85.0
1058,cooperation,1,85.0
1058,cooperation,2,85.0
1058,cooperation,3,85.0
1058,cooperation,4,85.0
1058,modesty,0,85.0
1058,modesty,1,90.0
1058,modesty,2,85.0
1058,modesty,3,85.0
1058,modesty,4,85.0
1058,sympathy,0,65.0
1058,sympathy,1,75.0
1058,sympathy,2,75.0
1058,sympathy,3,75.0
1058,sympathy,4,75.0
1059,trust,0,65.0
1059,trust,1,65.0
1059,trust,2,65.0
1059,trust,3,65.0
1059,trust,4,65.0
1059,altruism,0,85.0
1059,altruism,1,85.0
1059,altruism,2,85.0
1059,altruism,3,75.0
1059,altruism,4,85.0
1059,cooperation,0,85.0
1059,cooperation,1,85.0
1059,cooperation,2,85.0
1059,cooperation,3,85.0
1059,cooperation,4,85.0
1059,modesty,0,65.0
1059,modesty,1,85.0
1059,modesty,2,65.0
1059,modesty,3,70.0
1059,modesty,4,65.0
1059,sympathy,0,75.0
1059,sympathy,1,75.0
1059,sympathy,2,75.0
1059,sympathy,3,75.0
1059,sympathy,4,75.0
1060,trust,0,65.0
1060,trust,1,45.0
1060,trust,2,40.0
1060,trust,3,45.0
1060,trust,4,65.0
1060,altruism,0,85.0
1060,altruism,1,85.0
1060,altruism,2,85.0
1060,altruism,3,85.0
1060,altruism,4,85.0
1060,cooperation,0,85.0
1060,cooperation,1,85.0
1060,cooperation,2,85.0
1060,cooperation,3,85.0
1060,cooperation,4,85.0
1060,modesty,0,85.0
1060,modesty,1,75.0
1060,modesty,2,85.0
1060,modesty,3,85.0
1060,modesty,4,75.0
1060,sympathy,0,65.0
1060,sympathy,1,65.0
1060,sympathy,2,65.0
1060,sympathy,3,65.0
1060,sympathy,4,65.0
1061,trust,0,45.0
1061,trust,1,45.0
1061,trust,2,45.0
1061,trust,3,25.0
1061,trust,4,45.0
1061,altruism,0,45.0
1061,altruism,1,45.0
1061,altruism,2,45.0
1061,altruism,3,45.0
1061,altruism,4,45.0
1061,cooperation,0,45.0
1061,cooperation,1,65.0
1061,cooperation,2,45.0
1061,cooperation,3,45.0
1061,cooperation,4,65.0
1061,modesty,0,65.0
1061,modesty,1,65.0
1061,modesty,2,45.0
1061,modesty,3,65.0
1061,modesty,4,45.0
1061,sympathy,0,45.0
1061,sympathy,1,45.0
1061,sympathy,2,45.0
1061,sympathy,3,45.0
1061,sympathy,4,45.0
1062,trust,0,65.0
1062,trust,1,65.0
1062,trust,2,75.0
1062,trust,3,75.0
1062,trust,4,75.0
1062,altruism,0,75.0
1062,altruism,1,75.0
1062,altruism,2,75.0
1062,altruism,3,85.0
1062,altruism,4,75.0
1062,cooperation,0,85.0
1062,cooperation,1,75.0
1062,cooperation,2,85.0
1062,cooperation,3,85.0
1062,cooperation,4,85.0
1062,modesty,0,75.0
1062,modesty,1,75.0
1062,modesty,2,75.0
1062,modesty,3,75.0
1062,modesty,4,85.0
1062,sympathy,0,75.0
1062,sympathy,1,75.0
1062,sympathy,2,75.0
1062,sympathy,3,65.0
1062,sympathy,4,75.0
1063,trust,0,65.0
1063,trust,1,65.0
1063,trust,2,65.0
1063,trust,3,65.0
1063,trust,4,65.0
1063,altruism,0,45.0
1063,altruism,1,45.0
1063,altruism,2,45.0
1063,altruism,3,45.0
1063,altruism,4,40.0
1063,cooperation,0,65.0
1063,cooperation,1,75.0
1063,cooperation,2,75.0
1063,cooperation,3,65.0
1063,cooperation,4,65.0
1063,modesty,0,90.0
1063,modesty,1,85.0
1063,modesty,2,85.0
1063,modesty,3,85.0
1063,modesty,4,85.0
1063,sympathy,0,45.0
1063,sympathy,1,45.0
1063,sympathy,2,45.0
1063,sympathy,3,45.0
1063,sympathy,4,45.0
1064,trust,0,45.0
1064,trust,1,45.0
1064,trust,2,45.0
1064,trust,3,45.0
1064,trust,4,45.0
1064,altruism,0,45.0
1064,altruism,1,45.0
1064,altruism,2,45.0
1064,altruism,3,45.0
1064,altruism,4,45.0
1064,cooperation,0,85.0
1064,cooperation,1,85.0
1064,cooperation,2,85.0
1064,cooperation,3,85.0
1064,cooperation,4,85.0
1064,modesty,0,85.0
1064,modesty,1,90.0
1064,modesty,2,85.0
1064,modesty,3,90.0
1064,modesty,4,85.0
1064,sympathy,0,65.0
1064,sympathy,1,65.0
1064,sympathy,2,65.0
1064,sympathy,3,65.0
1064,sympathy,4,65.0
1065,trust,0,70.0
1065,trust,1,75.0
1065,trust,2,70.0
1065,trust,3,75.0
1065,trust,4,75.0
1065,altruism,0,75.0
1065,altruism,1,75.0
1065,altruism,2,75.0
1065,altruism,3,75.0
1065,altruism,4,75.0
1065,cooperation,0,85.0
1065,cooperation,1,85.0
1065,cooperation,2,85.0
1065,cooperation,3,85.0
1065,cooperation,4,85.0
1065,modesty,0,85.0
1065,modesty,1,85.0
1065,modesty,2,85.0
1065,modesty,3,75.0
1065,modesty,4,85.0
1065,sympathy,0,65.0
1065,sympathy,1,65.0
1065,sympathy,2,65.0
1065,sympathy,3,65.0
1065,sympathy,4,65.0
1066,trust,0,65.0
1066,trust,1,65.0
1066,trust,2,65.0
1066,trust,3,65.0
1066,trust,4,65.0
1066,altruism,0,75.0
1066,altruism,1,65.0
1066,altruism,2,65.0
1066,altruism,3,75.0
1066,altruism,4,65.0
1066,cooperation,0,65.0
1066,cooperation,1,65.0
1066,cooperation,2,65.0
1066,cooperation,3,75.0
1066,cooperation,4,65.0
1066,modesty,0,65.0
1066,modesty,1,65.0
1066,modesty,2,65.0
1066,modesty,3,65.0
1066,modesty,4,65.0
1066,sympathy,0,65.0
1066,sympathy,1,65.0
1066,sympathy,2,65.0
1066,sympathy,3,65.0
1066,sympathy,4,65.0
1067,trust,0,65.0
1067,trust,1,65.0
1067,trust,2,65.0
1067,trust,3,65.0
1067,trust,4,65.0
1067,altruism,0,75.0
1067,altruism,1,75.0
1067,altruism,2,65.0
1067,altruism,3,75.0
1067,altruism,4,75.0
1067,cooperation,0,85.0
1067,cooperation,1,85.0
1067,cooperation,2,85.0
1067,cooperation,3,85.0
1067,cooperation,4,85.0
1067,modesty,0,85.0
1067,modesty,1,95.0
1067,modesty,2,85.0
1067,modesty,3,95.0
1067,modesty,4,90.0
1067,sympathy,0,65.0
1067,sympathy,1,65.0
1067,sympathy,2,65.0
1067,sympathy,3,65.0
1067,sympathy,4,75.0
1068,trust,0,85.0
1068,trust,1,85.0
1068,trust,2,80.0
1068,trust,3,80.0
1068,trust,4,80.0
1068,altruism,0,85.0
1068,altruism,1,90.0
1068,altruism,2,90.0
1068,altruism,3,85.0
1068,altruism,4,90.0
1068,cooperation,0,85.0
1068,cooperation,1,85.0
1068,cooperation,2,85.0
1068,cooperation,3,85.0
1068,cooperation,4,85.0
1068,modesty,0,75.0
1068,modesty,1,85.0
1068,modesty,2,85.0
1068,modesty,3,85.0
1068,modesty,4,85.0
1068,sympathy,0,85.0
1068,sympathy,1,85.0
1068,sympathy,2,85.0
1068,sympathy,3,85.0
1068,sympathy,4,75.0
1069,trust,0,65.0
1069,trust,1,65.0
1069,trust,2,65.0
1069,trust,3,65.0
1069,trust,4,65.0
1069,altruism,0,45.0
1069,altruism,1,45.0
1069,altruism,2,45.0
1069,altruism,3,45.0
1069,altruism,4,45.0
1069,cooperation,0,75.0
1069,cooperation,1,85.0
1069,cooperation,2,85.0
1069,cooperation,3,75.0
1069,cooperation,4,85.0
1069,modesty,0,45.0
1069,modesty,1,65.0
1069,modesty,2,65.0
1069,modesty,3,45.0
1069,modesty,4,65.0
1069,sympathy,0,45.0
1069,sympathy,1,45.0
1069,sympathy,2,45.0
1069,sympathy,3,45.0
1069,sympathy,4,45.0
1070,trust,0,45.0
1070,trust,1,45.0
1070,trust,2,45.0
1070,trust,3,45.0
1070,trust,4,45.0
1070,altruism,0,65.0
1070,altruism,1,45.0
1070,altruism,2,65.0
1070,altruism,3,65.0
1070,altruism,4,65.0
1070,cooperation,0,75.0
1070,cooperation,1,75.0
1070,cooperation,2,75.0
1070,cooperation,3,85.0
1070,cooperation,4,75.0
1070,modesty,0,65.0
1070,modesty,1,75.0
1070,modesty,2,65.0
1070,modesty,3,85.0
1070,modesty,4,65.0
1070,sympathy,0,65.0
1070,sympathy,1,65.0
1070,sympathy,2,45.0
1070,sympathy,3,45.0
1070,sympathy,4,65.0
1071,trust,0,65.0
1071,trust,1,65.0
1071,trust,2,65.0
1071,trust,3,65.0
1071,trust,4,65.0
1071,altruism,0,65.0
1071,altruism,1,65.0
1071,altruism,2,65.0
1071,altruism,3,65.0
1071,altruism,4,70.0
1071,cooperation,0,85.0
1071,cooperation,1,85.0
1071,cooperation,2,85.0
1071,cooperation,3,85.0
1071,cooperation,4,85.0
1071,modesty,0,85.0
1071,modesty,1,85.0
1071,modesty,2,85.0
1071,modesty,3,85.0
1071,modesty,4,85.0
1071,sympathy,0,65.0
1071,sympathy,1,65.0
1071,sympathy,2,65.0
1071,sympathy,3,65.0
1071,sympathy,4,65.0
1072,trust,0,45.0
1072,trust,1,45.0
1072,trust,2,45.0
1072,trust,3,45.0
1072,trust,4,45.0
1072,altruism,0,25.0
1072,altruism,1,25.0
1072,altruism,2,25.0
1072,altruism,3,25.0
1072,altruism,4,25.0
1072,cooperation,0,75.0
1072,cooperation,1,65.0
1072,cooperation,2,75.0
1072,cooperation,3,75.0
1072,cooperation,4,65.0
1072,modesty,0,75.0
1072,modesty,1,70.0
1072,modesty,2,75.0
1072,modesty,3,65.0
1072,modesty,4,75.0
1072,sympathy,0,45.0
1072,sympathy,1,45.0
1072,sympathy,2,45.0
1072,sympathy,3,45.0
1072,sympathy,4,45.0
1073,trust,0,65.0
1073,trust,1,65.0
1073,trust,2,65.0
1073,trust,3,65.0
1073,trust,4,65.0
1073,altruism,0,75.0
1073,altruism,1,85.0
1073,altruism,2,65.0
1073,altruism,3,75.0
1073,altruism,4,75.0
1073,cooperation,0,85.0
1073,cooperation,1,85.0
1073,cooperation,2,85.0
1073,cooperation,3,85.0
1073,cooperation,4,85.0
1073,modesty,0,85.0
1073,modesty,1,85.0
1073,modesty,2,85.0
1073,modesty,3,85.0
1073,modesty,4,85.0
1073,sympathy,0,75.0
1073,sympathy,1,75.0
1073,sympathy,2,85.0
1073,sympathy,3,75.0
1073,sympathy,4,75.0
1074,trust,0,75.0
1074,trust,1,75.0
1074,trust,2,75.0
1074,trust,3,75.0
1074,trust,4,70.0
1074,altruism,0,65.0
1074,altruism,1,65.0
1074,altruism,2,65.0
1074,altruism,3,65.0
1074,altruism,4,65.0
1074,cooperation,0,85.0
1074,cooperation,1,85.0
1074,cooperation,2,85.0
1074,cooperation,3,85.0
1074,cooperation,4,85.0
1074,modesty,0,85.0
1074,modesty,1,90.0
1074,modesty,2,90.0
1074,modesty,3,90.0
1074,modesty,4,90.0
1074,sympathy,0,45.0
1074,sympathy,1,45.0
1074,sympathy,2,45.0
1074,sympathy,3,65.0
1074,sympathy,4,45.0
1075,trust,0,45.0
1075,trust,1,45.0
1075,trust,2,45.0
1075,trust,3,45.0
1075,trust,4,45.0
1075,altruism,0,35.0
1075,altruism,1,35.0
1075,altruism,2,35.0
1075,altruism,3,35.0
1075,altruism,4,25.0
1075,cooperation,0,65.0
1075,cooperation,1,65.0
1075,cooperation,2,75.0
1075,cooperation,3,65.0
1075,cooperation,4,65.0
1075,modesty,0,85.0
1075,modesty,1,85.0
1075,modesty,2,85.0
1075,modesty,3,85.0
1075,modesty,4,85.0
1075,sympathy,0,45.0
1075,sympathy,1,45.0
1075,sympathy,2,45.0
1075,sympathy,3,45.0
1075,sympathy,4,45.0
1076,trust,0,45.0
1076,trust,1,45.0
1076,trust,2,45.0
1076,trust,3,45.0
1076,trust,4,45.0
1076,altruism,0,65.0
1076,altruism,1,65.0
1076,altruism,2,65.0
1076,altruism,3,65.0
1076,altruism,4,65.0
1076,cooperation,0,75.0
1076,cooperation,1,75.0
1076,cooperation,2,75.0
1076,cooperation,3,75.0
1076,cooperation,4,75.0
1076,modesty,0,75.0
1076,modesty,1,75.0
1076,modesty,2,75.0
1076,modesty,3,75.0
1076,modesty,4,75.0
1076,sympathy,0,65.0
1076,sympathy,1,65.0
1076,sympathy,2,65.0
1076,sympathy,3,65.0
1076,sympathy,4,65.0
1077,trust,0,85.0
1077,trust,1,85.0
1077,trust,2,75.0
1077,trust,3,85.0
1077,trust,4,85.0
1077,altruism,0,90.0
1077,altruism,1,90.0
1077,altruism,2,85.0
1077,altruism,3,90.0
1077,altruism,4,85.0
1077,cooperation,0,90.0
1077,cooperation,1,85.0
1077,cooperation,2,90.0
1077,cooperation,3,90.0
1077,cooperation,4,90.0
1077,modesty,0,85.0
1077,modesty,1,85.0
1077,modesty,2,85.0
1077,modesty,3,85.0
1077,modesty,4,85.0
1077,sympathy,0,90.0
1077,sympathy,1,90.0
1077,sympathy,2,85.0
1077,sympathy,3,85.0
1077,sympathy,4,85.0
1078,trust,0,90.0
1078,trust,1,85.0
1078,trust,2,90.0
1078,trust,3,90.0
1078,trust,4,90.0
1078,altruism,0,85.0
1078,altruism,1,85.0
1078,altruism,2,85.0
1078,altruism,3,90.0
1078,altruism,4,90.0
1078,cooperation,0,85.0
1078,cooperation,1,90.0
1078,cooperation,2,85.0
1078,cooperation,3,95.0
1078,cooperation,4,85.0
1078,modesty,0,65.0
1078,modesty,1,75.0
1078,modesty,2,70.0
1078,modesty,3,75.0
1078,modesty,4,70.0
1078,sympathy,0,90.0
1078,sympathy,1,90.0
1078,sympathy,2,90.0
1078,sympathy,3,90.0
1078,sympathy,4,90.0
1079,trust,0,85.0
1079,trust,1,85.0
1079,trust,2,75.0
1079,trust,3,75.0
1079,trust,4,85.0
1079,altruism,0,75.0
1079,altruism,1,75.0
1079,altruism,2,75.0
1079,altruism,3,85.0
1079,altruism,4,85.0
1079,cooperation,0,75.0
1079,cooperation,1,75.0
1079,cooperation,2,85.0
1079,cooperation,3,85.0
1079,cooperation,4,85.0
1079,modesty,0,65.0
1079,modesty,1,65.0
1079,modesty,2,65.0
1079,modesty,3,65.0
1079,modesty,4,75.0
1079,sympathy,0,65.0
1079,sympathy,1,65.0
1079,sympathy,2,65.0
1079,sympathy,3,75.0
1079,sympathy,4,65.0
1080,trust,0,45.0
1080,trust,1,45.0
1080,trust,2,45.0
1080,trust,3,45.0
1080,trust,4,45.0
1080,altruism,0,25.0
1080,altruism,1,25.0
1080,altruism,2,30.0
1080,altruism,3,25.0
1080,altruism,4,25.0
1080,cooperation,0,75.0
1080,cooperation,1,85.0
1080,cooperation,2,75.0
1080,cooperation,3,85.0
1080,cooperation,4,75.0
1080,modesty,0,65.0
1080,modesty,1,75.0
1080,modesty,2,65.0
1080,modesty,3,65.0
1080,modesty,4,65.0
1080,sympathy,0,45.0
1080,sympathy,1,45.0
1080,sympathy,2,45.0
1080,sympathy,3,45.0
1080,sympathy,4,45.0
1081,trust,0,40.0
1081,trust,1,45.0
1081,trust,2,45.0
1081,trust,3,40.0
1081,trust,4,45.0
1081,altruism,0,45.0
1081,altruism,1,45.0
1081,altruism,2,45.0
1081,altruism,3,45.0
1081,altruism,4,45.0
1081,cooperation,0,75.0
1081,cooperation,1,75.0
1081,cooperation,2,75.0
1081,cooperation,3,75.0
1081,cooperation,4,75.0
1081,modesty,0,85.0
1081,modesty,1,85.0
1081,modesty,2,85.0
1081,modesty,3,75.0
1081,modesty,4,85.0
1081,sympathy,0,65.0
1081,sympathy,1,65.0
1081,sympathy,2,45.0
1081,sympathy,3,65.0
1081,sympathy,4,45.0
1082,trust,0,45.0
1082,trust,1,45.0
1082,trust,2,45.0
1082,trust,3,45.0
1082,trust,4,45.0
1082,altruism,0,45.0
1082,altruism,1,45.0
1082,altruism,2,45.0
1082,altruism,3,45.0
1082,altruism,4,45.0
1082,cooperation,0,75.0
1082,cooperation,1,75.0
1082,cooperation,2,75.0
1082,cooperation,3,75.0
1082,cooperation,4,75.0
1082,modesty,0,90.0
1082,modesty,1,85.0
1082,modesty,2,85.0
1082,modesty,3,85.0
1082,modesty,4,85.0
1082,sympathy,0,45.0
1082,sympathy,1,45.0
1082,sympathy,2,45.0
1082,sympathy,3,45.0
1082,sympathy,4,45.0
1083,trust,0,65.0
1083,trust,1,65.0
1083,trust,2,65.0
1083,trust,3,65.0
1083,trust,4,65.0
1083,altruism,0,45.0
1083,altruism,1,45.0
1083,altruism,2,45.0
1083,altruism,3,45.0
1083,altruism,4,45.0
1083,cooperation,0,85.0
1083,cooperation,1,85.0
1083,cooperation,2,85.0
1083,cooperation,3,85.0
1083,cooperation,4,85.0
1083,modesty,0,75.0
1083,modesty,1,65.0
1083,modesty,2,75.0
1083,modesty,3,75.0
1083,modesty,4,70.0
1083,sympathy,0,45.0
1083,sympathy,1,45.0
1083,sympathy,2,45.0
1083,sympathy,3,45.0
1083,sympathy,4,45.0
1084,trust,0,65.0
1084,trust,1,65.0
1084,trust,2,65.0
1084,trust,3,65.0
1084,trust,4,65.0
1084,altruism,0,65.0
1084,altruism,1,65.0
1084,altruism,2,65.0
1084,altruism,3,65.0
1084,altruism,4,65.0
1084,cooperation,0,85.0
1084,cooperation,1,75.0
1084,cooperation,2,85.0
1084,cooperation,3,85.0
1084,cooperation,4,85.0
1084,modesty,0,85.0
1084,modesty,1,85.0
1084,modesty,2,85.0
1084,modesty,3,85.0
1084,modesty,4,85.0
1084,sympathy,0,45.0
1084,sympathy,1,45.0
1084,sympathy,2,65.0
1084,sympathy,3,45.0
1084,sympathy,4,45.0
1085,trust,0,65.0
1085,trust,1,65.0
1085,trust,2,65.0
1085,trust,3,65.0
1085,trust,4,65.0
1085,altruism,0,65.0
1085,altruism,1,65.0
1085,altruism,2,65.0
1085,altruism,3,65.0
1085,altruism,4,65.0
1085,cooperation,0,65.0
1085,cooperation,1,65.0
1085,cooperation,2,65.0
1085,cooperation,3,65.0
1085,cooperation,4,65.0
1085,modesty,0,65.0
1085,modesty,1,65.0
1085,modesty,2,65.0
1085,modesty,3,65.0
1085,modesty,4,65.0
1085,sympathy,0,45.0
1085,sympathy,1,45.0
1085,sympathy,2,45.0
1085,sympathy,3,45.0
1085,sympathy,4,45.0
1086,trust,0,45.0
1086,trust,1,45.0
1086,trust,2,45.0
1086,trust,3,45.0
1086,trust,4,45.0
1086,altruism,0,65.0
1086,altruism,1,65.0
1086,altruism,2,65.0
1086,altruism,3,65.0
1086,altruism,4,65.0
1086,cooperation,0,85.0
1086,cooperation,1,85.0
1086,cooperation,2,85.0
1086,cooperation,3,75.0
1086,cooperation,4,85.0
1086,modesty,0,75.0
1086,modesty,1,85.0
1086,modesty,2,85.0
1086,modesty,3,85.0
1086,modesty,4,85.0
1086,sympathy,0,75.0
1086,sympathy,1,75.0
1086,sympathy,2,75.0
1086,sympathy,3,75.0
1086,sympathy,4,75.0
1087,trust,0,65.0
1087,trust,1,75.0
1087,trust,2,65.0
1087,trust,3,65.0
1087,trust,4,70.0
1087,altruism,0,75.0
1087,altruism,1,75.0
1087,altruism,2,75.0
1087,altruism,3,75.0
1087,altruism,4,75.0
1087,cooperation,0,75.0
1087,cooperation,1,75.0
1087,cooperation,2,85.0
1087,cooperation,3,85.0
1087,cooperation,4,85.0
1087,modesty,0,85.0
1087,modesty,1,85.0
1087,modesty,2,85.0
1087,modesty,3,85.0
1087,modesty,4,85.0
1087,sympathy,0,65.0
1087,sympathy,1,65.0
1087,sympathy,2,65.0
1087,sympathy,3,65.0
1087,sympathy,4,65.0
1088,trust,0,45.0
1088,trust,1,45.0
1088,trust,2,45.0
1088,trust,3,45.0
1088,trust,4,45.0
1088,altruism,0,65.0
1088,altruism,1,65.0
1088,altruism,2,65.0
1088,altruism,3,65.0
1088,altruism,4,65.0
1088,cooperation,0,75.0
1088,cooperation,1,75.0
1088,cooperation,2,75.0
1088,cooperation,3,75.0
1088,cooperation,4,75.0
1088,modesty,0,75.0
1088,modesty,1,85.0
1088,modesty,2,85.0
1088,modesty,3,85.0
1088,modesty,4,85.0
1088,sympathy,0,75.0
1088,sympathy,1,75.0
1088,sympathy,2,75.0
1088,sympathy,3,75.0
1088,sympathy,4,75.0
1089,trust,0,65.0
1089,trust,1,65.0
1089,trust,2,65.0
1089,trust,3,65.0
1089,trust,4,65.0
1089,altruism,0,85.0
1089,altruism,1,85.0
1089,altruism,2,85.0
1089,altruism,3,85.0
1089,altruism,4,85.0
1089,cooperation,0,85.0
1089,cooperation,1,85.0
1089,cooperation,2,85.0
1089,cooperation,3,85.0
1089,cooperation,4,85.0
1089,modesty,0,75.0
1089,modesty,1,75.0
1089,modesty,2,75.0
1089,modesty,3,65.0
1089,modesty,4,75.0
1089,sympathy,0,75.0
1089,sympathy,1,85.0
1089,sympathy,2,85.0
1089,sympathy,3,85.0
1089,sympathy,4,85.0
1090,trust,0,45.0
1090,trust,1,45.0
1090,trust,2,45.0
1090,trust,3,45.0
1090,trust,4,45.0
1090,altruism,0,85.0
1090,altruism,1,85.0
1090,altruism,2,75.0
1090,altruism,3,85.0
1090,altruism,4,85.0
1090,cooperation,0,85.0
1090,cooperation,1,85.0
1090,cooperation,2,85.0
1090,cooperation,3,85.0
1090,cooperation,4,85.0
1090,modesty,0,75.0
1090,modesty,1,75.0
1090,modesty,2,75.0
1090,modesty,3,75.0
1090,modesty,4,75.0
1090,sympathy,0,65.0
1090,sympathy,1,65.0
1090,sympathy,2,75.0
1090,sympathy,3,75.0
1090,sympathy,4,75.0
1091,trust,0,65.0
1091,trust,1,65.0
1091,trust,2,65.0
1091,trust,3,65.0
1091,trust,4,65.0
1091,altruism,0,75.0
1091,altruism,1,85.0
1091,altruism,2,75.0
1091,altruism,3,75.0
1091,altruism,4,75.0
1091,cooperation,0,85.0
1091,cooperation,1,85.0
1091,cooperation,2,85.0
1091,cooperation,3,85.0
1091,cooperation,4,85.0
1091,modesty,0,75.0
1091,modesty,1,75.0
1091,modesty,2,75.0
1091,modesty,3,75.0
1091,modesty,4,75.0
1091,sympathy,0,75.0
1091,sympathy,1,75.0
1091,sympathy,2,75.0
1091,sympathy,3,75.0
1091,sympathy,4,75.0
1092,trust,0,65.0
1092,trust,1,65.0
1092,trust,2,65.0
1092,trust,3,65.0
1092,trust,4,65.0
1092,altruism,0,75.0
1092,altruism,1,75.0
1092,altruism,2,75.0
1092,altruism,3,75.0
1092,altruism,4,75.0
1092,cooperation,0,75.0
1092,cooperation,1,75.0
1092,cooperation,2,75.0
1092,cooperation,3,75.0
1092,cooperation,4,75.0
1092,modesty,0,85.0
1092,modesty,1,75.0
1092,modesty,2,75.0
1092,modesty,3,75.0
1092,modesty,4,85.0
1092,sympathy,0,65.0
1092,sympathy,1,65.0
1092,sympathy,2,65.0
1092,sympathy,3,65.0
1092,sympathy,4,65.0
1093,trust,0,65.0
1093,trust,1,65.0
1093,trust,2,65.0
1093,trust,3,65.0
1093,trust,4,65.0
1093,altruism,0,85.0
1093,altruism,1,85.0
1093,altruism,2,85.0
1093,altruism,3,85.0
1093,altruism,4,85.0
1093,cooperation,0,90.0
1093,cooperation,1,90.0
1093,cooperation,2,90.0
1093,cooperation,3,90.0
1093,cooperation,4,90.0
1093,modesty,0,75.0
1093,modesty,1,65.0
1093,modesty,2,75.0
1093,modesty,3,65.0
1093,modesty,4,65.0
1093,sympathy,0,65.0
1093,sympathy,1,65.0
1093,sympathy,2,65.0
1093,sympathy,3,65.0
1093,sympathy,4,65.0
1094,trust,0,75.0
1094,trust,1,65.0
1094,trust,2,70.0
1094,trust,3,70.0
1094,trust,4,65.0
1094,altruism,0,65.0
1094,altruism,1,65.0
1094,altruism,2,65.0
1094,altruism,3,65.0
1094,altruism,4,65.0
1094,cooperation,0,75.0
1094,cooperation,1,75.0
1094,cooperation,2,65.0
1094,cooperation,3,75.0
1094,cooperation,4,75.0
1094,modesty,0,65.0
1094,modesty,1,65.0
1094,modesty,2,65.0
1094,modesty,3,65.0
1094,modesty,4,65.0
1094,sympathy,0,45.0
1094,sympathy,1,45.0
1094,sympathy,2,45.0
1094,sympathy,3,45.0
1094,sympathy,4,45.0
1095,trust,0,75.0
1095,trust,1,75.0
1095,trust,2,75.0
1095,trust,3,75.0
1095,trust,4,65.0
1095,altruism,0,85.0
1095,altruism,1,85.0
1095,altruism,2,85.0
1095,altruism,3,85.0
1095,altruism,4,85.0
1095,cooperation,0,90.0
1095,cooperation,1,90.0
1095,cooperation,2,90.0
1095,cooperation,3,90.0
1095,cooperation,4,90.0
1095,modesty,0,85.0
1095,modesty,1,85.0
1095,modesty,2,85.0
1095,modesty,3,85.0
1095,modesty,4,85.0
1095,sympathy,0,85.0
1095,sympathy,1,85.0
1095,sympathy,2,85.0
1095,sympathy,3,85.0
1095,sympathy,4,85.0
1096,trust,0,65.0
1096,trust,1,65.0
1096,trust,2,65.0
1096,trust,3,65.0
1096,trust,4,65.0
1096,altruism,0,65.0
1096,altruism,1,65.0
1096,altruism,2,65.0
1096,altruism,3,65.0
1096,altruism,4,65.0
1096,cooperation,0,85.0
1096,cooperation,1,85.0
1096,cooperation,2,85.0
1096,cooperation,3,85.0
1096,cooperation,4,85.0
1096,modesty,0,75.0
1096,modesty,1,75.0
1096,modesty,2,85.0
1096,modesty,3,65.0
1096,modesty,4,75.0
1096,sympathy,0,75.0
1096,sympathy,1,75.0
1096,sympathy,2,85.0
1096,sympathy,3,75.0
1096,sympathy,4,75.0
1097,trust,0,75.0
1097,trust,1,70.0
1097,trust,2,75.0
1097,trust,3,70.0
1097,trust,4,75.0
1097,altruism,0,75.0
1097,altruism,1,75.0
1097,altruism,2,75.0
1097,altruism,3,75.0
1097,altruism,4,75.0
1097,cooperation,0,85.0
1097,cooperation,1,85.0
1097,cooperation,2,85.0
1097,cooperation,3,75.0
1097,cooperation,4,75.0
1097,modesty,0,65.0
1097,modesty,1,75.0
1097,modesty,2,75.0
1097,modesty,3,75.0
1097,modesty,4,65.0
1097,sympathy,0,75.0
1097,sympathy,1,75.0
1097,sympathy,2,75.0
1097,sympathy,3,75.0
1097,sympathy,4,75.0
1098,trust,0,70.0
1098,trust,1,70.0
1098,trust,2,75.0
1098,trust,3,60.0
1098,trust,4,70.0
1098,altruism,0,85.0
1098,altruism,1,85.0
1098,altruism,2,85.0
1098,altruism,3,85.0
1098,altruism,4,85.0
1098,cooperation,0,85.0
1098,cooperation,1,85.0
1098,cooperation,2,85.0
1098,cooperation,3,85.0
1098,cooperation,4,85.0
1098,modesty,0,85.0
1098,modesty,1,85.0
1098,modesty,2,85.0
1098,modesty,3,85.0
1098,modesty,4,85.0
1098,sympathy,0,85.0
1098,sympathy,1,75.0
1098,sympathy,2,75.0
1098,sympathy,3,75.0
1098,sympathy,4,85.0
1099,trust,0,45.0
1099,trust,1,45.0
1099,trust,2,45.0
1099,trust,3,45.0
1099,trust,4,45.0
1099,altruism,0,45.0
1099,altruism,1,45.0
1099,altruism,2,45.0
1099,altruism,3,45.0
1099,altruism,4,45.0
1099,cooperation,0,75.0
1099,cooperation,1,75.0
1099,cooperation,2,75.0
1099,cooperation,3,75.0
1099,cooperation,4,75.0
1099,modesty,0,75.0
1099,modesty,1,75.0
1099,modesty,2,75.0
1099,modesty,3,75.0
1099,modesty,4,75.0
1099,sympathy,0,45.0
1099,sympathy,1,45.0
1099,sympathy,2,45.0
1099,sympathy,3,45.0
1099,sympathy,4,45.0
1100,trust,0,45.0
1100,trust,1,45.0
1100,trust,2,45.0
1100,trust,3,45.0
1100,trust,4,45.0
1100,altruism,0,25.0
1100,altruism,1,25.0
1100,altruism,2,25.0
1100,altruism,3,25.0
1100,altruism,4,35.0
1100,cooperation,0,85.0
1100,cooperation,1,85.0
1100,cooperation,2,85.0
1100,cooperation,3,85.0
1100,cooperation,4,85.0
1100,modesty,0,65.0
1100,modesty,1,75.0
1100,modesty,2,65.0
1100,modesty,3,75.0
1100,modesty,4,85.0
1100,sympathy,0,65.0
1100,sympathy,1,65.0
1100,sympathy,2,65.0
1100,sympathy,3,65.0
1100,sympathy,4,65.0
1101,trust,0,65.0
1101,trust,1,45.0
1101,trust,2,45.0
1101,trust,3,65.0
1101,trust,4,45.0
1101,altruism,0,65.0
1101,altruism,1,65.0
1101,altruism,2,45.0
1101,altruism,3,65.0
1101,altruism,4,45.0
1101,cooperation,0,75.0
1101,cooperation,1,65.0
1101,cooperation,2,65.0
1101,cooperation,3,65.0
1101,cooperation,4,75.0
1101,modesty,0,75.0
1101,modesty,1,75.0
1101,modesty,2,85.0
1101,modesty,3,75.0
1101,modesty,4,75.0
1101,sympathy,0,65.0
1101,sympathy,1,65.0
1101,sympathy,2,65.0
1101,sympathy,3,65.0
1101,sympathy,4,65.0
1102,trust,0,65.0
1102,trust,1,65.0
1102,trust,2,65.0
1102,trust,3,65.0
1102,trust,4,65.0
1102,altruism,0,40.0
1102,altruism,1,40.0
1102,altruism,2,40.0
1102,altruism,3,40.0
1102,altruism,4,40.0
1102,cooperation,0,85.0
1102,cooperation,1,85.0
1102,cooperation,2,85.0
1102,cooperation,3,85.0
1102,cooperation,4,85.0
1102,modesty,0,75.0
1102,modesty,1,85.0
1102,modesty,2,85.0
1102,modesty,3,85.0
1102,modesty,4,85.0
1102,sympathy,0,85.0
1102,sympathy,1,85.0
1102,sympathy,2,85.0
1102,sympathy,3,85.0
1102,sympathy,4,85.0
1103,trust,0,75.0
1103,trust,1,75.0
1103,trust,2,75.0
1103,trust,3,75.0
1103,trust,4,75.0
1103,altruism,0,85.0
1103,altruism,1,85.0
1103,altruism,2,85.0
1103,altruism,3,85.0
1103,altruism,4,85.0
1103,cooperation,0,90.0
1103,cooperation,1,90.0
1103,cooperation,2,90.0
1103,cooperation,3,85.0
1103,cooperation,4,90.0
1103,modesty,0,85.0
1103,modesty,1,85.0
1103,modesty,2,85.0
1103,modesty,3,85.0
1103,modesty,4,85.0
1103,sympathy,0,85.0
1103,sympathy,1,85.0
1103,sympathy,2,85.0
1103,sympathy,3,80.0
1103,sympathy,4,75.0
1104,trust,0,65.0
1104,trust,1,65.0
1104,trust,2,65.0
1104,trust,3,65.0
1104,trust,4,65.0
1104,altruism,0,75.0
1104,altruism,1,75.0
1104,altruism,2,75.0
1104,altruism,3,75.0
1104,altruism,4,75.0
1104,cooperation,0,85.0
1104,cooperation,1,85.0
1104,cooperation,2,75.0
1104,cooperation,3,85.0
1104,cooperation,4,85.0
1104,modesty,0,65.0
1104,modesty,1,65.0
1104,modesty,2,75.0
1104,modesty,3,65.0
1104,modesty,4,65.0
1104,sympathy,0,45.0
1104,sympathy,1,45.0
1104,sympathy,2,45.0
1104,sympathy,3,45.0
1104,sympathy,4,45.0
1105,trust,0,65.0
1105,trust,1,65.0
1105,trust,2,65.0
1105,trust,3,65.0
1105,trust,4,45.0
1105,altruism,0,45.0
1105,altruism,1,45.0
1105,altruism,2,45.0
1105,altruism,3,40.0
1105,altruism,4,45.0
1105,cooperation,0,75.0
1105,cooperation,1,75.0
1105,cooperation,2,75.0
1105,cooperation,3,75.0
1105,cooperation,4,75.0
1105,modesty,0,75.0
1105,modesty,1,75.0
1105,modesty,2,75.0
1105,modesty,3,75.0
1105,modesty,4,85.0
1105,sympathy,0,45.0
1105,sympathy,1,45.0
1105,sympathy,2,45.0
1105,sympathy,3,45.0
1105,sympathy,4,45.0
1106,trust,0,65.0
1106,trust,1,65.0
1106,trust,2,65.0
1106,trust,3,65.0
1106,trust,4,55.0
1106,altruism,0,75.0
1106,altruism,1,75.0
1106,altruism,2,75.0
1106,altruism,3,75.0
1106,altruism,4,75.0
1106,cooperation,0,85.0
1106,cooperation,1,85.0
1106,cooperation,2,85.0
1106,cooperation,3,85.0
1106,cooperation,4,85.0
1106,modesty,0,65.0
1106,modesty,1,65.0
1106,modesty,2,65.0
1106,modesty,3,65.0
1106,modesty,4,65.0
1106,sympathy,0,75.0
1106,sympathy,1,75.0
1106,sympathy,2,65.0
1106,sympathy,3,65.0
1106,sympathy,4,75.0
1107,trust,0,75.0
1107,trust,1,75.0
1107,trust,2,85.0
1107,trust,3,75.0
1107,trust,4,75.0
1107,altruism,0,90.0
1107,altruism,1,90.0
1107,altruism,2,90.0
1107,altruism,3,90.0
1107,altruism,4,90.0
1107,cooperation,0,90.0
1107,cooperation,1,90.0
1107,cooperation,2,90.0
1107,cooperation,3,90.0
1107,cooperation,4,90.0
1107,modesty,0,85.0
1107,modesty,1,85.0
1107,modesty,2,85.0
1107,modesty,3,85.0
1107,modesty,4,85.0
1107,sympathy,0,85.0
1107,sympathy,1,85.0
1107,sympathy,2,90.0
1107,sympathy,3,85.0
1107,sympathy,4,85.0
1108,trust,0,85.0
1108,trust,1,85.0
1108,trust,2,85.0
1108,trust,3,85.0
1108,trust,4,85.0
1108,altruism,0,90.0
1108,altruism,1,85.0
1108,altruism,2,90.0
1108,altruism,3,90.0
1108,altruism,4,90.0
1108,cooperation,0,90.0
1108,cooperation,1,90.0
1108,cooperation,2,85.0
1108,cooperation,3,90.0
1108,cooperation,4,90.0
1108,modesty,0,65.0
1108,modesty,1,65.0
1108,modesty,2,65.0
1108,modesty,3,65.0
1108,modesty,4,85.0
1108,sympathy,0,85.0
1108,sympathy,1,85.0
1108,sympathy,2,85.0
1108,sympathy,3,85.0
1108,sympathy,4,85.0
1109,trust,0,45.0
1109,trust,1,45.0
1109,trust,2,45.0
1109,trust,3,45.0
1109,trust,4,45.0
1109,altruism,0,85.0
1109,altruism,1,85.0
1109,altruism,2,85.0
1109,altruism,3,85.0
1109,altruism,4,85.0
1109,cooperation,0,85.0
1109,cooperation,1,85.0
1109,cooperation,2,85.0
1109,cooperation,3,85.0
1109,cooperation,4,85.0
1109,modesty,0,85.0
1109,modesty,1,85.0
1109,modesty,2,85.0
1109,modesty,3,85.0
1109,modesty,4,85.0
1109,sympathy,0,75.0
1109,sympathy,1,75.0
1109,sympathy,2,75.0
1109,sympathy,3,75.0
1109,sympathy,4,75.0
1110,trust,0,75.0
1110,trust,1,75.0
1110,trust,2,80.0
1110,trust,3,75.0
1110,trust,4,75.0
1110,altruism,0,45.0
1110,altruism,1,45.0
1110,altruism,2,45.0
1110,altruism,3,45.0
1110,altruism,4,40.0
1110,cooperation,0,85.0
1110,cooperation,1,85.0
1110,cooperation,2,85.0
1110,cooperation,3,85.0
1110,cooperation,4,85.0
1110,modesty,0,65.0
1110,modesty,1,65.0
1110,modesty,2,65.0
1110,modesty,3,65.0
1110,modesty,4,65.0
1110,sympathy,0,65.0
1110,sympathy,1,65.0
1110,sympathy,2,65.0
1110,sympathy,3,65.0
1110,sympathy,4,65.0
1111,trust,0,85.0
1111,trust,1,85.0
1111,trust,2,85.0
1111,trust,3,85.0
1111,trust,4,85.0
1111,altruism,0,85.0
1111,altruism,1,85.0
1111,altruism,2,85.0
1111,altruism,3,85.0
1111,altruism,4,85.0
1111,cooperation,0,85.0
1111,cooperation,1,85.0
1111,cooperation,2,90.0
1111,cooperation,3,85.0
1111,cooperation,4,85.0
1111,modesty,0,75.0
1111,modesty,1,75.0
1111,modesty,2,65.0
1111,modesty,3,65.0
1111,modesty,4,65.0
1111,sympathy,0,85.0
1111,sympathy,1,85.0
1111,sympathy,2,85.0
1111,sympathy,3,85.0
1111,sympathy,4,85.0
1112,trust,0,70.0
1112,trust,1,65.0
1112,trust,2,65.0
1112,trust,3,65.0
1112,trust,4,65.0
1112,altruism,0,35.0
1112,altruism,1,40.0
1112,altruism,2,35.0
1112,altruism,3,35.0
1112,altruism,4,35.0
1112,cooperation,0,65.0
1112,cooperation,1,65.0
1112,cooperation,2,75.0
1112,cooperation,3,65.0
1112,cooperation,4,65.0
1112,modesty,0,70.0
1112,modesty,1,65.0
1112,modesty,2,65.0
1112,modesty,3,65.0
1112,modesty,4,65.0
1112,sympathy,0,45.0
1112,sympathy,1,45.0
1112,sympathy,2,45.0
1112,sympathy,3,45.0
1112,sympathy,4,45.0
1113,trust,0,65.0
1113,trust,1,65.0
1113,trust,2,65.0
1113,trust,3,65.0
1113,trust,4,65.0
1113,altruism,0,45.0
1113,altruism,1,30.0
1113,altruism,2,45.0
1113,altruism,3,40.0
1113,altruism,4,45.0
1113,cooperation,0,75.0
1113,cooperation,1,70.0
1113,cooperation,2,65.0
1113,cooperation,3,65.0
1113,cooperation,4,65.0
1113,modesty,0,65.0
1113,modesty,1,65.0
1113,modesty,2,65.0
1113,modesty,3,65.0
1113,modesty,4,65.0
1113,sympathy,0,65.0
1113,sympathy,1,65.0
1113,sympathy,2,65.0
1113,sympathy,3,65.0
1113,sympathy,4,65.0
1114,trust,0,45.0
1114,trust,1,45.0
1114,trust,2,45.0
1114,trust,3,45.0
1114,trust,4,45.0
1114,altruism,0,25.0
1114,altruism,1,30.0
1114,altruism,2,25.0
1114,altruism,3,25.0
1114,altruism,4,25.0
1114,cooperation,0,45.0
1114,cooperation,1,45.0
1114,cooperation,2,45.0
1114,cooperation,3,45.0
1114,cooperation,4,45.0
1114,modesty,0,40.0
1114,modesty,1,40.0
1114,modesty,2,35.0
1114,modesty,3,40.0
1114,modesty,4,35.0
1114,sympathy,0,25.0
1114,sympathy,1,25.0
1114,sympathy,2,25.0
1114,sympathy,3,25.0
1114,sympathy,4,25.0
1115,trust,0,45.0
1115,trust,1,45.0
1115,trust,2,45.0
1115,trust,3,45.0
1115,trust,4,45.0
1115,altruism,0,65.0
1115,altruism,1,65.0
1115,altruism,2,65.0
1115,altruism,3,65.0
1115,altruism,4,65.0
1115,cooperation,0,65.0
1115,cooperation,1,65.0
1115,cooperation,2,65.0
1115,cooperation,3,65.0
1115,cooperation,4,65.0
1115,modesty,0,45.0
1115,modesty,1,45.0
1115,modesty,2,45.0
1115,modesty,3,45.0
1115,modesty,4,45.0
1115,sympathy,0,30.0
1115,sympathy,1,30.0
1115,sympathy,2,25.0
1115,sympathy,3,25.0
1115,sympathy,4,30.0
1116,trust,0,35.0
1116,trust,1,35.0
1116,trust,2,35.0
1116,trust,3,35.0
1116,trust,4,35.0
1116,altruism,0,25.0
1116,altruism,1,25.0
1116,altruism,2,25.0
1116,altruism,3,25.0
1116,altruism,4,25.0
1116,cooperation,0,25.0
1116,cooperation,1,25.0
1116,cooperation,2,25.0
1116,cooperation,3,25.0
1116,cooperation,4,25.0
1116,modesty,0,35.0
1116,modesty,1,35.0
1116,modesty,2,35.0
1116,modesty,3,35.0
1116,modesty,4,40.0
1116,sympathy,0,25.0
1116,sympathy,1,25.0
1116,sympathy,2,25.0
1116,sympathy,3,25.0
1116,sympathy,4,25.0
1117,trust,0,85.0
1117,trust,1,85.0
1117,trust,2,85.0
1117,trust,3,85.0
1117,trust,4,85.0
1117,altruism,0,85.0
1117,altruism,1,90.0
1117,altruism,2,90.0
1117,altruism,3,90.0
1117,altruism,4,90.0
1117,cooperation,0,65.0
1117,cooperation,1,85.0
1117,cooperation,2,75.0
1117,cooperation,3,85.0
1117,cooperation,4,85.0
1117,modesty,0,45.0
1117,modesty,1,45.0
1117,modesty,2,45.0
1117,modesty,3,45.0
1117,modesty,4,45.0
1117,sympathy,0,75.0
1117,sympathy,1,65.0
1117,sympathy,2,75.0
1117,sympathy,3,70.0
1117,sympathy,4,75.0
1118,trust,0,75.0
1118,trust,1,85.0
1118,trust,2,85.0
1118,trust,3,85.0
1118,trust,4,75.0
1118,altruism,0,85.0
1118,altruism,1,85.0
1118,altruism,2,75.0
1118,altruism,3,80.0
1118,altruism,4,85.0
1118,cooperation,0,85.0
1118,cooperation,1,85.0
1118,cooperation,2,85.0
1118,cooperation,3,85.0
1118,cooperation,4,85.0
1118,modesty,0,65.0
1118,modesty,1,65.0
1118,modesty,2,65.0
1118,modesty,3,65.0
1118,modesty,4,65.0
1118,sympathy,0,90.0
1118,sympathy,1,90.0
1118,sympathy,2,85.0
1118,sympathy,3,90.0
1118,sympathy,4,85.0
1119,trust,0,65.0
1119,trust,1,65.0
1119,trust,2,65.0
1119,trust,3,85.0
1119,trust,4,65.0
1119,altruism,0,95.0
1119,altruism,1,95.0
1119,altruism,2,90.0
1119,altruism,3,90.0
1119,altruism,4,95.0
1119,cooperation,0,25.0
1119,cooperation,1,45.0
1119,cooperation,2,25.0
1119,cooperation,3,25.0
1119,cooperation,4,25.0
1119,modesty,0,45.0
1119,modesty,1,45.0
1119,modesty,2,45.0
1119,modesty,3,45.0
1119,modesty,4,45.0
1119,sympathy,0,65.0
1119,sympathy,1,85.0
1119,sympathy,2,85.0
1119,sympathy,3,85.0
1119,sympathy,4,65.0
1120,trust,0,90.0
1120,trust,1,90.0
1120,trust,2,90.0
1120,trust,3,90.0
1120,trust,4,90.0
1120,altruism,0,95.0
1120,altruism,1,90.0
1120,altruism,2,90.0
1120,altruism,3,90.0
1120,altruism,4,90.0
1120,cooperation,0,85.0
1120,cooperation,1,90.0
1120,cooperation,2,90.0
1120,cooperation,3,85.0
1120,cooperation,4,90.0
1120,modesty,0,75.0
1120,modesty,1,75.0
1120,modesty,2,70.0
1120,modesty,3,75.0
1120,modesty,4,75.0
1120,sympathy,0,90.0
1120,sympathy,1,90.0
1120,sympathy,2,90.0
1120,sympathy,3,90.0
1120,sympathy,4,90.0
1121,trust,0,85.0
1121,trust,1,85.0
1121,trust,2,85.0
1121,trust,3,80.0
1121,trust,4,85.0
1121,altruism,0,90.0
1121,altruism,1,90.0
1121,altruism,2,90.0
1121,altruism,3,90.0
1121,altruism,4,90.0
1121,cooperation,0,85.0
1121,cooperation,1,85.0
1121,cooperation,2,85.0
1121,cooperation,3,85.0
1121,cooperation,4,85.0
1121,modesty,0,65.0
1121,modesty,1,65.0
1121,modesty,2,65.0
1121,modesty,3,75.0
1121,modesty,4,75.0
1121,sympathy,0,90.0
1121,sympathy,1,90.0
1121,sympathy,2,90.0
1121,sympathy,3,90.0
1121,sympathy,4,90.0
1122,trust,0,70.0
1122,trust,1,65.0
1122,trust,2,65.0
1122,trust,3,65.0
1122,trust,4,65.0
1122,altruism,0,70.0
1122,altruism,1,70.0
1122,altruism,2,70.0
1122,altruism,3,70.0
1122,altruism,4,75.0
1122,cooperation,0,85.0
1122,cooperation,1,85.0
1122,cooperation,2,85.0
1122,cooperation,3,85.0
1122,cooperation,4,85.0
1122,modesty,0,85.0
1122,modesty,1,75.0
1122,modesty,2,75.0
1122,modesty,3,75.0
1122,modesty,4,85.0
1122,sympathy,0,70.0
1122,sympathy,1,70.0
1122,sympathy,2,70.0
1122,sympathy,3,70.0
1122,sympathy,4,70.0
1123,trust,0,85.0
1123,trust,1,75.0
1123,trust,2,85.0
1123,trust,3,75.0
1123,trust,4,85.0
1123,altruism,0,85.0
1123,altruism,1,85.0
1123,altruism,2,85.0
1123,altruism,3,85.0
1123,altruism,4,85.0
1123,cooperation,0,85.0
1123,cooperation,1,85.0
1123,cooperation,2,75.0
1123,cooperation,3,85.0
1123,cooperation,4,85.0
1123,modesty,0,45.0
1123,modesty,1,45.0
1123,modesty,2,45.0
1123,modesty,3,45.0
1123,modesty,4,45.0
1123,sympathy,0,45.0
1123,sympathy,1,45.0
1123,sympathy,2,45.0
1123,sympathy,3,45.0
1123,sympathy,4,45.0
1124,trust,0,75.0
1124,trust,1,85.0
1124,trust,2,75.0
1124,trust,3,75.0
1124,trust,4,85.0
1124,altruism,0,45.0
1124,altruism,1,40.0
1124,altruism,2,45.0
1124,altruism,3,40.0
1124,altruism,4,40.0
1124,cooperation,0,65.0
1124,cooperation,1,65.0
1124,cooperation,2,65.0
1124,cooperation,3,65.0
1124,cooperation,4,65.0
1124,modesty,0,45.0
1124,modesty,1,45.0
1124,modesty,2,45.0
1124,modesty,3,45.0
1124,modesty,4,45.0
1124,sympathy,0,75.0
1124,sympathy,1,75.0
1124,sympathy,2,75.0
1124,sympathy,3,75.0
1124,sympathy,4,75.0
1125,trust,0,65.0
1125,trust,1,65.0
1125,trust,2,65.0
1125,trust,3,65.0
1125,trust,4,65.0
1125,altruism,0,85.0
1125,altruism,1,85.0
1125,altruism,2,85.0
1125,altruism,3,85.0
1125,altruism,4,85.0
1125,cooperation,0,65.0
1125,cooperation,1,75.0
1125,cooperation,2,65.0
1125,cooperation,3,65.0
1125,cooperation,4,65.0
1125,modesty,0,45.0
1125,modesty,1,45.0
1125,modesty,2,45.0
1125,modesty,3,45.0
1125,modesty,4,65.0
1125,sympathy,0,45.0
1125,sympathy,1,45.0
1125,sympathy,2,45.0
1125,sympathy,3,65.0
1125,sympathy,4,65.0
1126,trust,0,65.0
1126,trust,1,65.0
1126,trust,2,65.0
1126,trust,3,75.0
1126,trust,4,65.0
1126,altruism,0,75.0
1126,altruism,1,75.0
1126,altruism,2,75.0
1126,altruism,3,75.0
1126,altruism,4,75.0
1126,cooperation,0,85.0
1126,cooperation,1,85.0
1126,cooperation,2,85.0
1126,cooperation,3,85.0
1126,cooperation,4,85.0
1126,modesty,0,65.0
1126,modesty,1,65.0
1126,modesty,2,65.0
1126,modesty,3,65.0
1126,modesty,4,65.0
1126,sympathy,0,70.0
1126,sympathy,1,75.0
1126,sympathy,2,75.0
1126,sympathy,3,75.0
1126,sympathy,4,70.0
1127,trust,0,75.0
1127,trust,1,75.0
1127,trust,2,75.0
1127,trust,3,75.0
1127,trust,4,75.0
1127,altruism,0,90.0
1127,altruism,1,90.0
1127,altruism,2,85.0
1127,altruism,3,85.0
1127,altruism,4,90.0
1127,cooperation,0,85.0
1127,cooperation,1,85.0
1127,cooperation,2,85.0
1127,cooperation,3,85.0
1127,cooperation,4,85.0
1127,modesty,0,75.0
1127,modesty,1,75.0
1127,modesty,2,75.0
1127,modesty,3,75.0
1127,modesty,4,75.0
1127,sympathy,0,85.0
1127,sympathy,1,85.0
1127,sympathy,2,85.0
1127,sympathy,3,85.0
1127,sympathy,4,85.0
1128,trust,0,85.0
1128,trust,1,85.0
1128,trust,2,80.0
1128,trust,3,85.0
1128,trust,4,80.0
1128,altruism,0,80.0
1128,altruism,1,80.0
1128,altruism,2,85.0
1128,altruism,3,75.0
1128,altruism,4,75.0
1128,cooperation,0,85.0
1128,cooperation,1,85.0
1128,cooperation,2,85.0
1128,cooperation,3,85.0
1128,cooperation,4,85.0
1128,modesty,0,65.0
1128,modesty,1,75.0
1128,modesty,2,70.0
1128,modesty,3,75.0
1128,modesty,4,70.0
1128,sympathy,0,85.0
1128,sympathy,1,85.0
1128,sympathy,2,85.0
1128,sympathy,3,75.0
1128,sympathy,4,85.0
1129,trust,0,65.0
1129,trust,1,45.0
1129,trust,2,45.0
1129,trust,3,40.0
1129,trust,4,65.0
1129,altruism,0,40.0
1129,altruism,1,45.0
1129,altruism,2,40.0
1129,altruism,3,45.0
1129,altruism,4,45.0
1129,cooperation,0,30.0
1129,cooperation,1,25.0
1129,cooperation,2,30.0
1129,cooperation,3,25.0
1129,cooperation,4,30.0
1129,modesty,0,45.0
1129,modesty,1,45.0
1129,modesty,2,45.0
1129,modesty,3,45.0
1129,modesty,4,45.0
1129,sympathy,0,25.0
1129,sympathy,1,25.0
1129,sympathy,2,25.0
1129,sympathy,3,25.0
1129,sympathy,4,25.0
1130,trust,0,65.0
1130,trust,1,45.0
1130,trust,2,45.0
1130,trust,3,45.0
1130,trust,4,45.0
1130,altruism,0,35.0
1130,altruism,1,30.0
1130,altruism,2,35.0
1130,altruism,3,30.0
1130,altruism,4,35.0
1130,cooperation,0,75.0
1130,cooperation,1,80.0
1130,cooperation,2,75.0
1130,cooperation,3,75.0
1130,cooperation,4,75.0
1130,modesty,0,65.0
1130,modesty,1,65.0
1130,modesty,2,65.0
1130,modesty,3,65.0
1130,modesty,4,65.0
1130,sympathy,0,45.0
1130,sympathy,1,45.0
1130,sympathy,2,45.0
1130,sympathy,3,45.0
1130,sympathy,4,45.0
1131,trust,0,75.0
1131,trust,1,70.0
1131,trust,2,65.0
1131,trust,3,70.0
1131,trust,4,75.0
1131,altruism,0,90.0
1131,altruism,1,85.0
1131,altruism,2,85.0
1131,altruism,3,85.0
1131,altruism,4,85.0
1131,cooperation,0,90.0
1131,cooperation,1,90.0
1131,cooperation,2,90.0
1131,cooperation,3,90.0
1131,cooperation,4,90.0
1131,modesty,0,75.0
1131,modesty,1,75.0
1131,modesty,2,75.0
1131,modesty,3,85.0
1131,modesty,4,75.0
1131,sympathy,0,85.0
1131,sympathy,1,75.0
1131,sympathy,2,85.0
1131,sympathy,3,85.0
1131,sympathy,4,85.0
1132,trust,0,85.0
1132,trust,1,85.0
1132,trust,2,85.0
1132,trust,3,85.0
1132,trust,4,85.0
1132,altruism,0,85.0
1132,altruism,1,85.0
1132,altruism,2,85.0
1132,altruism,3,85.0
1132,altruism,4,85.0
1132,cooperation,0,85.0
1132,cooperation,1,85.0
1132,cooperation,2,85.0
1132,cooperation,3,85.0
1132,cooperation,4,85.0
1132,modesty,0,65.0
1132,modesty,1,65.0
1132,modesty,2,65.0
1132,modesty,3,65.0
1132,modesty,4,65.0
1132,sympathy,0,65.0
1132,sympathy,1,45.0
1132,sympathy,2,45.0
1132,sympathy,3,45.0
1132,sympathy,4,45.0
1133,trust,0,85.0
1133,trust,1,75.0
1133,trust,2,75.0
1133,trust,3,75.0
1133,trust,4,75.0
1133,altruism,0,85.0
1133,altruism,1,85.0
1133,altruism,2,85.0
1133,altruism,3,85.0
1133,altruism,4,90.0
1133,cooperation,0,85.0
1133,cooperation,1,85.0
1133,cooperation,2,65.0
1133,cooperation,3,85.0
1133,cooperation,4,75.0
1133,modesty,0,65.0
1133,modesty,1,65.0
1133,modesty,2,65.0
1133,modesty,3,65.0
1133,modesty,4,65.0
1133,sympathy,0,85.0
1133,sympathy,1,85.0
1133,sympathy,2,85.0
1133,sympathy,3,85.0
1133,sympathy,4,85.0
1134,trust,0,85.0
1134,trust,1,85.0
1134,trust,2,85.0
1134,trust,3,85.0
1134,trust,4,85.0
1134,altruism,0,85.0
1134,altruism,1,85.0
1134,altruism,2,85.0
1134,altruism,3,85.0
1134,altruism,4,85.0
1134,cooperation,0,85.0
1134,cooperation,1,85.0
1134,cooperation,2,85.0
1134,cooperation,3,85.0
1134,cooperation,4,85.0
1134,modesty,0,65.0
1134,modesty,1,75.0
1134,modesty,2,65.0
1134,modesty,3,65.0
1134,modesty,4,65.0
1134,sympathy,0,65.0
1134,sympathy,1,65.0
1134,sympathy,2,45.0
1134,sympathy,3,65.0
1134,sympathy,4,65.0
1135,trust,0,85.0
1135,trust,1,85.0
1135,trust,2,85.0
1135,trust,3,85.0
1135,trust,4,75.0
1135,altruism,0,75.0
1135,altruism,1,75.0
1135,altruism,2,75.0
1135,altruism,3,75.0
1135,altruism,4,65.0
1135,cooperation,0,85.0
1135,cooperation,1,85.0
1135,cooperation,2,85.0
1135,cooperation,3,85.0
1135,cooperation,4,85.0
1135,modesty,0,65.0
1135,modesty,1,75.0
1135,modesty,2,65.0
1135,modesty,3,65.0
1135,modesty,4,70.0
1135,sympathy,0,45.0
1135,sympathy,1,45.0
1135,sympathy,2,45.0
1135,sympathy,3,45.0
1135,sympathy,4,45.0
1136,trust,0,75.0
1136,trust,1,75.0
1136,trust,2,75.0
1136,trust,3,75.0
1136,trust,4,75.0
1136,altruism,0,85.0
1136,altruism,1,75.0
1136,altruism,2,85.0
1136,altruism,3,85.0
1136,altruism,4,85.0
1136,cooperation,0,85.0
1136,cooperation,1,85.0
1136,cooperation,2,85.0
1136,cooperation,3,85.0
1136,cooperation,4,85.0
1136,modesty,0,75.0
1136,modesty,1,75.0
1136,modesty,2,75.0
1136,modesty,3,75.0
1136,modesty,4,75.0
1136,sympathy,0,75.0
1136,sympathy,1,85.0
1136,sympathy,2,75.0
1136,sympathy,3,85.0
1136,sympathy,4,85.0
1137,trust,0,75.0
1137,trust,1,75.0
1137,trust,2,85.0
1137,trust,3,75.0
1137,trust,4,75.0
1137,altruism,0,90.0
1137,altruism,1,90.0
1137,altruism,2,90.0
1137,altruism,3,90.0
1137,altruism,4,90.0
1137,cooperation,0,85.0
1137,cooperation,1,85.0
1137,cooperation,2,85.0
1137,cooperation,3,85.0
1137,cooperation,4,85.0
1137,modesty,0,70.0
1137,modesty,1,70.0
1137,modesty,2,65.0
1137,modesty,3,65.0
1137,modesty,4,75.0
1137,sympathy,0,85.0
1137,sympathy,1,85.0
1137,sympathy,2,90.0
1137,sympathy,3,90.0
1137,sympathy,4,90.0
1138,trust,0,85.0
1138,trust,1,85.0
1138,trust,2,85.0
1138,trust,3,85.0
1138,trust,4,85.0
1138,altruism,0,75.0
1138,altruism,1,85.0
1138,altruism,2,85.0
1138,altruism,3,85.0
1138,altruism,4,75.0
1138,cooperation,0,85.0
1138,cooperation,1,85.0
1138,cooperation,2,85.0
1138,cooperation,3,75.0
1138,cooperation,4,85.0
1138,modesty,0,65.0
1138,modesty,1,65.0
1138,modesty,2,65.0
1138,modesty,3,75.0
1138,modesty,4,75.0
1138,sympathy,0,85.0
1138,sympathy,1,85.0
1138,sympathy,2,85.0
1138,sympathy,3,85.0
1138,sympathy,4,85.0
1139,trust,0,85.0
1139,trust,1,75.0
1139,trust,2,80.0
1139,trust,3,75.0
1139,trust,4,75.0
1139,altruism,0,65.0
1139,altruism,1,65.0
1139,altruism,2,75.0
1139,altruism,3,75.0
1139,altruism,4,75.0
1139,cooperation,0,75.0
1139,cooperation,1,75.0
1139,cooperation,2,75.0
1139,cooperation,3,75.0
1139,cooperation,4,75.0
1139,modesty,0,65.0
1139,modesty,1,65.0
1139,modesty,2,65.0
1139,modesty,3,65.0
1139,modesty,4,65.0
1139,sympathy,0,65.0
1139,sympathy,1,45.0
1139,sympathy,2,45.0
1139,sympathy,3,45.0
1139,sympathy,4,45.0
1140,trust,0,75.0
1140,trust,1,75.0
1140,trust,2,75.0
1140,trust,3,75.0
1140,trust,4,75.0
1140,altruism,0,25.0
1140,altruism,1,45.0
1140,altruism,2,45.0
1140,altruism,3,45.0
1140,altruism,4,45.0
1140,cooperation,0,85.0
1140,cooperation,1,85.0
1140,cooperation,2,85.0
1140,cooperation,3,85.0
1140,cooperation,4,85.0
1140,modesty,0,65.0
1140,modesty,1,65.0
1140,modesty,2,45.0
1140,modesty,3,65.0
1140,modesty,4,45.0
1140,sympathy,0,65.0
1140,sympathy,1,65.0
1140,sympathy,2,65.0
1140,sympathy,3,65.0
1140,sympathy,4,65.0
1141,trust,0,45.0
1141,trust,1,45.0
1141,trust,2,45.0
1141,trust,3,45.0
1141,trust,4,45.0
1141,altruism,0,30.0
1141,altruism,1,30.0
1141,altruism,2,30.0
1141,altruism,3,30.0
1141,altruism,4,30.0
1141,cooperation,0,45.0
1141,cooperation,1,45.0
1141,cooperation,2,65.0
1141,cooperation,3,65.0
1141,cooperation,4,65.0
1141,modesty,0,65.0
1141,modesty,1,65.0
1141,modesty,2,65.0
1141,modesty,3,65.0
1141,modesty,4,65.0
1141,sympathy,0,30.0
1141,sympathy,1,30.0
1141,sympathy,2,30.0
1141,sympathy,3,35.0
1141,sympathy,4,30.0
1142,trust,0,45.0
1142,trust,1,45.0
1142,trust,2,45.0
1142,trust,3,45.0
1142,trust,4,45.0
1142,altruism,0,25.0
1142,altruism,1,25.0
1142,altruism,2,25.0
1142,altruism,3,25.0
1142,altruism,4,25.0
1142,cooperation,0,45.0
1142,cooperation,1,55.0
1142,cooperation,2,45.0
1142,cooperation,3,45.0
1142,cooperation,4,45.0
1142,modesty,0,55.0
1142,modesty,1,45.0
1142,modesty,2,65.0
1142,modesty,3,45.0
1142,modesty,4,45.0
1142,sympathy,0,25.0
1142,sympathy,1,25.0
1142,sympathy,2,40.0
1142,sympathy,3,30.0
1142,sympathy,4,25.0
1143,trust,0,45.0
1143,trust,1,45.0
1143,trust,2,45.0
1143,trust,3,45.0
1143,trust,4,45.0
1143,altruism,0,45.0
1143,altruism,1,45.0
1143,altruism,2,45.0
1143,altruism,3,45.0
1143,altruism,4,45.0
1143,cooperation,0,75.0
1143,cooperation,1,75.0
1143,cooperation,2,75.0
1143,cooperation,3,75.0
1143,cooperation,4,75.0
1143,modesty,0,65.0
1143,modesty,1,65.0
1143,modesty,2,65.0
1143,modesty,3,65.0
1143,modesty,4,65.0
1143,sympathy,0,45.0
1143,sympathy,1,45.0
1143,sympathy,2,45.0
1143,sympathy,3,45.0
1143,sympathy,4,45.0
1144,trust,0,45.0
1144,trust,1,65.0
1144,trust,2,65.0
1144,trust,3,65.0
1144,trust,4,65.0
1144,altruism,0,45.0
1144,altruism,1,45.0
1144,altruism,2,45.0
1144,altruism,3,45.0
1144,altruism,4,45.0
1144,cooperation,0,75.0
1144,cooperation,1,75.0
1144,cooperation,2,75.0
1144,cooperation,3,75.0
1144,cooperation,4,85.0
1144,modesty,0,75.0
1144,modesty,1,75.0
1144,modesty,2,75.0
1144,modesty,3,75.0
1144,modesty,4,85.0
1144,sympathy,0,65.0
1144,sympathy,1,65.0
1144,sympathy,2,65.0
1144,sympathy,3,65.0
1144,sympathy,4,65.0
1145,trust,0,45.0
1145,trust,1,45.0
1145,trust,2,45.0
1145,trust,3,45.0
1145,trust,4,45.0
1145,altruism,0,65.0
1145,altruism,1,65.0
1145,altruism,2,65.0
1145,altruism,3,65.0
1145,altruism,4,65.0
1145,cooperation,0,45.0
1145,cooperation,1,45.0
1145,cooperation,2,45.0
1145,cooperation,3,45.0
1145,cooperation,4,40.0
1145,modesty,0,65.0
1145,modesty,1,45.0
1145,modesty,2,45.0
1145,modesty,3,45.0
1145,modesty,4,45.0
1145,sympathy,0,35.0
1145,sympathy,1,45.0
1145,sympathy,2,35.0
1145,sympathy,3,30.0
1145,sympathy,4,35.0
1146,trust,0,35.0
1146,trust,1,30.0
1146,trust,2,35.0
1146,trust,3,35.0
1146,trust,4,30.0
1146,altruism,0,30.0
1146,altruism,1,30.0
1146,altruism,2,35.0
1146,altruism,3,35.0
1146,altruism,4,35.0
1146,cooperation,0,45.0
1146,cooperation,1,45.0
1146,cooperation,2,45.0
1146,cooperation,3,45.0
1146,cooperation,4,45.0
1146,modesty,0,45.0
1146,modesty,1,45.0
1146,modesty,2,65.0
1146,modesty,3,65.0
1146,modesty,4,55.0
1146,sympathy,0,30.0
1146,sympathy,1,30.0
1146,sympathy,2,30.0
1146,sympathy,3,35.0
1146,sympathy,4,30.0
1147,trust,0,75.0
1147,trust,1,65.0
1147,trust,2,75.0
1147,trust,3,75.0
1147,trust,4,75.0
1147,altruism,0,65.0
1147,altruism,1,75.0
1147,altruism,2,75.0
1147,altruism,3,75.0
1147,altruism,4,75.0
1147,cooperation,0,75.0
1147,cooperation,1,75.0
1147,cooperation,2,75.0
1147,cooperation,3,75.0
1147,cooperation,4,75.0
1147,modesty,0,65.0
1147,modesty,1,65.0
1147,modesty,2,65.0
1147,modesty,3,65.0
1147,modesty,4,65.0
1147,sympathy,0,45.0
1147,sympathy,1,45.0
1147,sympathy,2,45.0
1147,sympathy,3,45.0
1147,sympathy,4,45.0
1148,trust,0,75.0
1148,trust,1,75.0
1148,trust,2,75.0
1148,trust,3,75.0
1148,trust,4,70.0
1148,altruism,0,75.0
1148,altruism,1,75.0
1148,altruism,2,65.0
1148,altruism,3,75.0
1148,altruism,4,65.0
1148,cooperation,0,75.0
1148,cooperation,1,75.0
1148,cooperation,2,85.0
1148,cooperation,3,75.0
1148,cooperation,4,75.0
1148,modesty,0,65.0
1148,modesty,1,65.0
1148,modesty,2,65.0
1148,modesty,3,65.0
1148,modesty,4,60.0
1148,sympathy,0,75.0
1148,sympathy,1,75.0
1148,sympathy,2,75.0
1148,sympathy,3,75.0
1148,sympathy,4,75.0
1149,trust,0,85.0
1149,trust,1,85.0
1149,trust,2,85.0
1149,trust,3,85.0
1149,trust,4,85.0
1149,altruism,0,85.0
1149,altruism,1,85.0
1149,altruism,2,85.0
1149,altruism,3,85.0
1149,altruism,4,85.0
1149,cooperation,0,85.0
1149,cooperation,1,85.0
1149,cooperation,2,85.0
1149,cooperation,3,85.0
1149,cooperation,4,85.0
1149,modesty,0,45.0
1149,modesty,1,45.0
1149,modesty,2,45.0
1149,modesty,3,45.0
1149,modesty,4,45.0
1149,sympathy,0,90.0
1149,sympathy,1,90.0
1149,sympathy,2,90.0
1149,sympathy,3,85.0
1149,sympathy,4,90.0
1150,trust,0,65.0
1150,trust,1,65.0
1150,trust,2,65.0
1150,trust,3,65.0
1150,trust,4,65.0
1150,altruism,0,85.0
1150,altruism,1,85.0
1150,altruism,2,85.0
1150,altruism,3,85.0
1150,altruism,4,85.0
1150,cooperation,0,85.0
1150,cooperation,1,85.0
1150,cooperation,2,85.0
1150,cooperation,3,90.0
1150,cooperation,4,85.0
1150,modesty,0,75.0
1150,modesty,1,75.0
1150,modesty,2,75.0
1150,modesty,3,75.0
1150,modesty,4,75.0
1150,sympathy,0,75.0
1150,sympathy,1,75.0
1150,sympathy,2,85.0
1150,sympathy,3,75.0
1150,sympathy,4,85.0
1151,trust,0,65.0
1151,trust,1,65.0
1151,trust,2,65.0
1151,trust,3,65.0
1151,trust,4,65.0
1151,altruism,0,65.0
1151,altruism,1,65.0
1151,altruism,2,65.0
1151,altruism,3,65.0
1151,altruism,4,70.0
1151,cooperation,0,90.0
1151,cooperation,1,90.0
1151,cooperation,2,90.0
1151,cooperation,3,90.0
1151,cooperation,4,90.0
1151,modesty,0,65.0
1151,modesty,1,65.0
1151,modesty,2,65.0
1151,modesty,3,65.0
1151,modesty,4,65.0
1151,sympathy,0,75.0
1151,sympathy,1,65.0
1151,sympathy,2,85.0
1151,sympathy,3,85.0
1151,sympathy,4,75.0
1152,trust,0,70.0
1152,trust,1,75.0
1152,trust,2,75.0
1152,trust,3,70.0
1152,trust,4,75.0
1152,altruism,0,85.0
1152,altruism,1,85.0
1152,altruism,2,85.0
1152,altruism,3,85.0
1152,altruism,4,85.0
1152,cooperation,0,85.0
1152,cooperation,1,85.0
1152,cooperation,2,85.0
1152,cooperation,3,85.0
1152,cooperation,4,85.0
1152,modesty,0,75.0
1152,modesty,1,65.0
1152,modesty,2,70.0
1152,modesty,3,75.0
1152,modesty,4,75.0
1152,sympathy,0,75.0
1152,sympathy,1,75.0
1152,sympathy,2,75.0
1152,sympathy,3,75.0
1152,sympathy,4,65.0
1153,trust,0,75.0
1153,trust,1,75.0
1153,trust,2,75.0
1153,trust,3,75.0
1153,trust,4,75.0
1153,altruism,0,75.0
1153,altruism,1,85.0
1153,altruism,2,75.0
1153,altruism,3,85.0
1153,altruism,4,75.0
1153,cooperation,0,45.0
1153,cooperation,1,45.0
1153,cooperation,2,35.0
1153,cooperation,3,25.0
1153,cooperation,4,45.0
1153,modesty,0,45.0
1153,modesty,1,45.0
1153,modesty,2,45.0
1153,modesty,3,45.0
1153,modesty,4,45.0
1153,sympathy,0,45.0
1153,sympathy,1,35.0
1153,sympathy,2,40.0
1153,sympathy,3,35.0
1153,sympathy,4,45.0
1154,trust,0,65.0
1154,trust,1,65.0
1154,trust,2,65.0
1154,trust,3,65.0
1154,trust,4,65.0
1154,altruism,0,45.0
1154,altruism,1,45.0
1154,altruism,2,45.0
1154,altruism,3,45.0
1154,altruism,4,45.0
1154,cooperation,0,65.0
1154,cooperation,1,65.0
1154,cooperation,2,65.0
1154,cooperation,3,65.0
1154,cooperation,4,75.0
1154,modesty,0,45.0
1154,modesty,1,45.0
1154,modesty,2,45.0
1154,modesty,3,45.0
1154,modesty,4,45.0
1154,sympathy,0,65.0
1154,sympathy,1,65.0
1154,sympathy,2,65.0
1154,sympathy,3,65.0
1154,sympathy,4,65.0
1155,trust,0,70.0
1155,trust,1,65.0
1155,trust,2,65.0
1155,trust,3,65.0
1155,trust,4,70.0
1155,altruism,0,75.0
1155,altruism,1,85.0
1155,altruism,2,75.0
1155,altruism,3,75.0
1155,altruism,4,75.0
1155,cooperation,0,65.0
1155,cooperation,1,65.0
1155,cooperation,2,65.0
1155,cooperation,3,65.0
1155,cooperation,4,55.0
1155,modesty,0,65.0
1155,modesty,1,65.0
1155,modesty,2,65.0
1155,modesty,3,65.0
1155,modesty,4,65.0
1155,sympathy,0,45.0
1155,sympathy,1,45.0
1155,sympathy,2,45.0
1155,sympathy,3,45.0
1155,sympathy,4,45.0
1156,trust,0,75.0
1156,trust,1,85.0
1156,trust,2,75.0
1156,trust,3,80.0
1156,trust,4,85.0
1156,altruism,0,75.0
1156,altruism,1,85.0
1156,altruism,2,75.0
1156,altruism,3,65.0
1156,altruism,4,85.0
1156,cooperation,0,85.0
1156,cooperation,1,85.0
1156,cooperation,2,85.0
1156,cooperation,3,85.0
1156,cooperation,4,75.0
1156,modesty,0,65.0
1156,modesty,1,65.0
1156,modesty,2,65.0
1156,modesty,3,65.0
1156,modesty,4,65.0
1156,sympathy,0,85.0
1156,sympathy,1,75.0
1156,sympathy,2,75.0
1156,sympathy,3,75.0
1156,sympathy,4,75.0
1157,trust,0,85.0
1157,trust,1,85.0
1157,trust,2,75.0
1157,trust,3,75.0
1157,trust,4,85.0
1157,altruism,0,85.0
1157,altruism,1,90.0
1157,altruism,2,85.0
1157,altruism,3,85.0
1157,altruism,4,85.0
1157,cooperation,0,85.0
1157,cooperation,1,85.0
1157,cooperation,2,85.0
1157,cooperation,3,90.0
1157,cooperation,4,85.0
1157,modesty,0,75.0
1157,modesty,1,75.0
1157,modesty,2,75.0
1157,modesty,3,75.0
1157,modesty,4,75.0
1157,sympathy,0,85.0
1157,sympathy,1,85.0
1157,sympathy,2,85.0
1157,sympathy,3,85.0
1157,sympathy,4,85.0
1158,trust,0,75.0
1158,trust,1,75.0
1158,trust,2,75.0
1158,trust,3,75.0
1158,trust,4,75.0
1158,altruism,0,85.0
1158,altruism,1,85.0
1158,altruism,2,85.0
1158,altruism,3,85.0
1158,altruism,4,85.0
1158,cooperation,0,85.0
1158,cooperation,1,85.0
1158,cooperation,2,85.0
1158,cooperation,3,85.0
1158,cooperation,4,85.0
1158,modesty,0,65.0
1158,modesty,1,65.0
1158,modesty,2,65.0
1158,modesty,3,65.0
1158,modesty,4,65.0
1158,sympathy,0,85.0
1158,sympathy,1,85.0
1158,sympathy,2,85.0
1158,sympathy,3,85.0
1158,sympathy,4,85.0
1159,trust,0,45.0
1159,trust,1,45.0
1159,trust,2,45.0
1159,trust,3,45.0
1159,trust,4,45.0
1159,altruism,0,30.0
1159,altruism,1,30.0
1159,altruism,2,30.0
1159,altruism,3,25.0
1159,altruism,4,25.0
1159,cooperation,0,90.0
1159,cooperation,1,90.0
1159,cooperation,2,90.0
1159,cooperation,3,90.0
1159,cooperation,4,90.0
1159,modesty,0,85.0
1159,modesty,1,75.0
1159,modesty,2,85.0
1159,modesty,3,85.0
1159,modesty,4,85.0
1159,sympathy,0,45.0
1159,sympathy,1,45.0
1159,sympathy,2,45.0
1159,sympathy,3,45.0
1159,sympathy,4,45.0
1160,trust,0,45.0
1160,trust,1,45.0
1160,trust,2,45.0
1160,trust,3,45.0
1160,trust,4,45.0
1160,altruism,0,30.0
1160,altruism,1,30.0
1160,altruism,2,30.0
1160,altruism,3,30.0
1160,altruism,4,30.0
1160,cooperation,0,45.0
1160,cooperation,1,65.0
1160,cooperation,2,45.0
1160,cooperation,3,45.0
1160,cooperation,4,45.0
1160,modesty,0,55.0
1160,modesty,1,55.0
1160,modesty,2,50.0
1160,modesty,3,65.0
1160,modesty,4,60.0
1160,sympathy,0,30.0
1160,sympathy,1,35.0
1160,sympathy,2,45.0
1160,sympathy,3,45.0
1160,sympathy,4,35.0
1161,trust,0,45.0
1161,trust,1,45.0
1161,trust,2,45.0
1161,trust,3,45.0
1161,trust,4,45.0
1161,altruism,0,25.0
1161,altruism,1,25.0
1161,altruism,2,25.0
1161,altruism,3,25.0
1161,altruism,4,35.0
1161,cooperation,0,45.0
1161,cooperation,1,45.0
1161,cooperation,2,45.0
1161,cooperation,3,45.0
1161,cooperation,4,30.0
1161,modesty,0,45.0
1161,modesty,1,45.0
1161,modesty,2,45.0
1161,modesty,3,45.0
1161,modesty,4,45.0
1161,sympathy,0,30.0
1161,sympathy,1,35.0
1161,sympathy,2,35.0
1161,sympathy,3,35.0
1161,sympathy,4,30.0
1162,trust,0,75.0
1162,trust,1,75.0
1162,trust,2,75.0
1162,trust,3,75.0
1162,trust,4,70.0
1162,altruism,0,25.0
1162,altruism,1,25.0
1162,altruism,2,25.0
1162,altruism,3,25.0
1162,altruism,4,25.0
1162,cooperation,0,65.0
1162,cooperation,1,45.0
1162,cooperation,2,45.0
1162,cooperation,3,65.0
1162,cooperation,4,45.0
1162,modesty,0,65.0
1162,modesty,1,65.0
1162,modesty,2,65.0
1162,modesty,3,65.0
1162,modesty,4,65.0
1162,sympathy,0,65.0
1162,sympathy,1,65.0
1162,sympathy,2,65.0
1162,sympathy,3,65.0
1162,sympathy,4,65.0
1163,trust,0,65.0
1163,trust,1,65.0
1163,trust,2,75.0
1163,trust,3,65.0
1163,trust,4,75.0
1163,altruism,0,65.0
1163,altruism,1,65.0
1163,altruism,2,65.0
1163,altruism,3,65.0
1163,altruism,4,65.0
1163,cooperation,0,85.0
1163,cooperation,1,85.0
1163,cooperation,2,85.0
1163,cooperation,3,85.0
1163,cooperation,4,85.0
1163,modesty,0,75.0
1163,modesty,1,75.0
1163,modesty,2,75.0
1163,modesty,3,75.0
1163,modesty,4,70.0
1163,sympathy,0,45.0
1163,sympathy,1,45.0
1163,sympathy,2,45.0
1163,sympathy,3,45.0
1163,sympathy,4,65.0
1164,trust,0,75.0
1164,trust,1,75.0
1164,trust,2,75.0
1164,trust,3,75.0
1164,trust,4,75.0
1164,altruism,0,85.0
1164,altruism,1,85.0
1164,altruism,2,85.0
1164,altruism,3,85.0
1164,altruism,4,85.0
1164,cooperation,0,75.0
1164,cooperation,1,75.0
1164,cooperation,2,75.0
1164,cooperation,3,85.0
1164,cooperation,4,75.0
1164,modesty,0,65.0
1164,modesty,1,65.0
1164,modesty,2,65.0
1164,modesty,3,65.0
1164,modesty,4,65.0
1164,sympathy,0,65.0
1164,sympathy,1,65.0
1164,sympathy,2,65.0
1164,sympathy,3,65.0
1164,sympathy,4,65.0
1165,trust,0,45.0
1165,trust,1,45.0
1165,trust,2,45.0
1165,trust,3,45.0
1165,trust,4,45.0
1165,altruism,0,30.0
1165,altruism,1,30.0
1165,altruism,2,30.0
1165,altruism,3,30.0
1165,altruism,4,35.0
1165,cooperation,0,45.0
1165,cooperation,1,65.0
1165,cooperation,2,55.0
1165,cooperation,3,55.0
1165,cooperation,4,45.0
1165,modesty,0,65.0
1165,modesty,1,65.0
1165,modesty,2,55.0
1165,modesty,3,65.0
1165,modesty,4,55.0
1165,sympathy,0,35.0
1165,sympathy,1,35.0
1165,sympathy,2,30.0
1165,sympathy,3,35.0
1165,sympathy,4,25.0
1166,trust,0,45.0
1166,trust,1,45.0
1166,trust,2,45.0
1166,trust,3,45.0
1166,trust,4,45.0
1166,altruism,0,45.0
1166,altruism,1,45.0
1166,altruism,2,45.0
1166,altruism,3,45.0
1166,altruism,4,45.0
1166,cooperation,0,85.0
1166,cooperation,1,85.0
1166,cooperation,2,75.0
1166,cooperation,3,85.0
1166,cooperation,4,85.0
1166,modesty,0,65.0
1166,modesty,1,65.0
1166,modesty,2,65.0
1166,modesty,3,65.0
1166,modesty,4,65.0
1166,sympathy,0,45.0
1166,sympathy,1,45.0
1166,sympathy,2,45.0
1166,sympathy,3,45.0
1166,sympathy,4,45.0
1167,trust,0,45.0
1167,trust,1,40.0
1167,trust,2,45.0
1167,trust,3,45.0
1167,trust,4,25.0
1167,altruism,0,30.0
1167,altruism,1,25.0
1167,altruism,2,25.0
1167,altruism,3,40.0
1167,altruism,4,25.0
1167,cooperation,0,45.0
1167,cooperation,1,45.0
1167,cooperation,2,45.0
1167,cooperation,3,45.0
1167,cooperation,4,45.0
1167,modesty,0,55.0
1167,modesty,1,55.0
1167,modesty,2,55.0
1167,modesty,3,65.0
1167,modesty,4,55.0
1167,sympathy,0,25.0
1167,sympathy,1,25.0
1167,sympathy,2,25.0
1167,sympathy,3,25.0
1167,sympathy,4,25.0
1168,trust,0,75.0
1168,trust,1,85.0
1168,trust,2,85.0
1168,trust,3,75.0
1168,trust,4,85.0
1168,altruism,0,85.0
1168,altruism,1,85.0
1168,altruism,2,85.0
1168,altruism,3,85.0
1168,altruism,4,75.0
1168,cooperation,0,85.0
1168,cooperation,1,85.0
1168,cooperation,2,85.0
1168,cooperation,3,85.0
1168,cooperation,4,85.0
1168,modesty,0,45.0
1168,modesty,1,45.0
1168,modesty,2,45.0
1168,modesty,3,45.0
1168,modesty,4,45.0
1168,sympathy,0,85.0
1168,sympathy,1,85.0
1168,sympathy,2,85.0
1168,sympathy,3,85.0
1168,sympathy,4,85.0
1169,trust,0,85.0
1169,trust,1,85.0
1169,trust,2,85.0
1169,trust,3,85.0
1169,trust,4,85.0
1169,altruism,0,65.0
1169,altruism,1,65.0
1169,altruism,2,70.0
1169,altruism,3,65.0
1169,altruism,4,75.0
1169,cooperation,0,75.0
1169,cooperation,1,75.0
1169,cooperation,2,75.0
1169,cooperation,3,65.0
1169,cooperation,4,75.0
1169,modesty,0,45.0
1169,modesty,1,45.0
1169,modesty,2,45.0
1169,modesty,3,45.0
1169,modesty,4,65.0
1169,sympathy,0,45.0
1169,sympathy,1,45.0
1169,sympathy,2,45.0
1169,sympathy,3,45.0
1169,sympathy,4,40.0
1170,trust,0,75.0
1170,trust,1,75.0
1170,trust,2,75.0
1170,trust,3,75.0
1170,trust,4,75.0
1170,altruism,0,45.0
1170,altruism,1,40.0
1170,altruism,2,40.0
1170,altruism,3,40.0
1170,altruism,4,40.0
1170,cooperation,0,85.0
1170,cooperation,1,85.0
1170,cooperation,2,85.0
1170,cooperation,3,85.0
1170,cooperation,4,85.0
1170,modesty,0,65.0
1170,modesty,1,65.0
1170,modesty,2,65.0
1170,modesty,3,65.0
1170,modesty,4,65.0
1170,sympathy,0,45.0
1170,sympathy,1,45.0
1170,sympathy,2,45.0
1170,sympathy,3,45.0
1170,sympathy,4,45.0
1171,trust,0,65.0
1171,trust,1,65.0
1171,trust,2,65.0
1171,trust,3,65.0
1171,trust,4,65.0
1171,altruism,0,80.0
1171,altruism,1,75.0
1171,altruism,2,75.0
1171,altruism,3,80.0
1171,altruism,4,75.0
1171,cooperation,0,85.0
1171,cooperation,1,85.0
1171,cooperation,2,85.0
1171,cooperation,3,85.0
1171,cooperation,4,85.0
1171,modesty,0,65.0
1171,modesty,1,65.0
1171,modesty,2,65.0
1171,modesty,3,65.0
1171,modesty,4,45.0
1171,sympathy,0,65.0
1171,sympathy,1,85.0
1171,sympathy,2,85.0
1171,sympathy,3,85.0
1171,sympathy,4,85.0
1172,trust,0,45.0
1172,trust,1,45.0
1172,trust,2,45.0
1172,trust,3,45.0
1172,trust,4,45.0
1172,altruism,0,25.0
1172,altruism,1,25.0
1172,altruism,2,25.0
1172,altruism,3,25.0
1172,altruism,4,25.0
1172,cooperation,0,45.0
1172,cooperation,1,45.0
1172,cooperation,2,45.0
1172,cooperation,3,45.0
1172,cooperation,4,45.0
1172,modesty,0,35.0
1172,modesty,1,45.0
1172,modesty,2,30.0
1172,modesty,3,30.0
1172,modesty,4,30.0
1172,sympathy,0,25.0
1172,sympathy,1,25.0
1172,sympathy,2,25.0
1172,sympathy,3,25.0
1172,sympathy,4,25.0
1173,trust,0,45.0
1173,trust,1,45.0
1173,trust,2,45.0
1173,trust,3,45.0
1173,trust,4,45.0
1173,altruism,0,45.0
1173,altruism,1,45.0
1173,altruism,2,45.0
1173,altruism,3,45.0
1173,altruism,4,45.0
1173,cooperation,0,45.0
1173,cooperation,1,45.0
1173,cooperation,2,45.0
1173,cooperation,3,45.0
1173,cooperation,4,45.0
1173,modesty,0,45.0
1173,modesty,1,65.0
1173,modesty,2,65.0
1173,modesty,3,45.0
1173,modesty,4,50.0
1173,sympathy,0,45.0
1173,sympathy,1,45.0
1173,sympathy,2,45.0
1173,sympathy,3,45.0
1173,sympathy,4,45.0
1174,trust,0,65.0
1174,trust,1,65.0
1174,trust,2,65.0
1174,trust,3,65.0
1174,trust,4,65.0
1174,altruism,0,65.0
1174,altruism,1,65.0
1174,altruism,2,65.0
1174,altruism,3,65.0
1174,altruism,4,65.0
1174,cooperation,0,65.0
1174,cooperation,1,75.0
1174,cooperation,2,75.0
1174,cooperation,3,75.0
1174,cooperation,4,75.0
1174,modesty,0,65.0
1174,modesty,1,65.0
1174,modesty,2,65.0
1174,modesty,3,65.0
1174,modesty,4,65.0
1174,sympathy,0,65.0
1174,sympathy,1,65.0
1174,sympathy,2,65.0
1174,sympathy,3,65.0
1174,sympathy,4,65.0
1175,trust,0,40.0
1175,trust,1,45.0
1175,trust,2,45.0
1175,trust,3,45.0
1175,trust,4,45.0
1175,altruism,0,65.0
1175,altruism,1,65.0
1175,altruism,2,65.0
1175,altruism,3,65.0
1175,altruism,4,65.0
1175,cooperation,0,25.0
1175,cooperation,1,40.0
1175,cooperation,2,25.0
1175,cooperation,3,25.0
1175,cooperation,4,25.0
1175,modesty,0,45.0
1175,modesty,1,45.0
1175,modesty,2,45.0
1175,modesty,3,45.0
1175,modesty,4,45.0
1175,sympathy,0,25.0
1175,sympathy,1,25.0
1175,sympathy,2,25.0
1175,sympathy,3,25.0
1175,sympathy,4,25.0
1176,trust,0,30.0
1176,trust,1,35.0
1176,trust,2,35.0
1176,trust,3,35.0
1176,trust,4,35.0
1176,altruism,0,25.0
1176,altruism,1,25.0
1176,altruism,2,25.0
1176,altruism,3,35.0
1176,altruism,4,30.0
1176,cooperation,0,65.0
1176,cooperation,1,65.0
1176,cooperation,2,65.0
1176,cooperation,3,65.0
1176,cooperation,4,65.0
1176,modesty,0,45.0
1176,modesty,1,65.0
1176,modesty,2,45.0
1176,modesty,3,65.0
1176,modesty,4,65.0
1176,sympathy,0,45.0
1176,sympathy,1,45.0
1176,sympathy,2,45.0
1176,sympathy,3,45.0
1176,sympathy,4,45.0
1177,trust,0,85.0
1177,trust,1,80.0
1177,trust,2,80.0
1177,trust,3,80.0
1177,trust,4,80.0
1177,altruism,0,90.0
1177,altruism,1,85.0
1177,altruism,2,85.0
1177,altruism,3,85.0
1177,altruism,4,90.0
1177,cooperation,0,85.0
1177,cooperation,1,85.0
1177,cooperation,2,85.0
1177,cooperation,3,85.0
1177,cooperation,4,85.0
1177,modesty,0,45.0
1177,modesty,1,45.0
1177,modesty,2,45.0
1177,modesty,3,45.0
1177,modesty,4,45.0
1177,sympathy,0,85.0
1177,sympathy,1,85.0
1177,sympathy,2,85.0
1177,sympathy,3,85.0
1177,sympathy,4,85.0
1178,trust,0,85.0
1178,trust,1,75.0
1178,trust,2,85.0
1178,trust,3,85.0
1178,trust,4,85.0
1178,altruism,0,75.0
1178,altruism,1,75.0
1178,altruism,2,75.0
1178,altruism,3,75.0
1178,altruism,4,75.0
1178,cooperation,0,85.0
1178,cooperation,1,85.0
1178,cooperation,2,85.0
1178,cooperation,3,85.0
1178,cooperation,4,85.0
1178,modesty,0,65.0
1178,modesty,1,65.0
1178,modesty,2,65.0
1178,modesty,3,65.0
1178,modesty,4,65.0
1178,sympathy,0,85.0
1178,sympathy,1,85.0
1178,sympathy,2,85.0
1178,sympathy,3,75.0
1178,sympathy,4,85.0
1179,trust,0,85.0
1179,trust,1,85.0
1179,trust,2,85.0
1179,trust,3,85.0
1179,trust,4,85.0
1179,altruism,0,45.0
1179,altruism,1,45.0
1179,altruism,2,45.0
1179,altruism,3,65.0
1179,altruism,4,65.0
1179,cooperation,0,85.0
1179,cooperation,1,85.0
1179,cooperation,2,85.0
1179,cooperation,3,85.0
1179,cooperation,4,85.0
1179,modesty,0,65.0
1179,modesty,1,45.0
1179,modesty,2,65.0
1179,modesty,3,65.0
1179,modesty,4,65.0
1179,sympathy,0,65.0
1179,sympathy,1,65.0
1179,sympathy,2,75.0
1179,sympathy,3,85.0
1179,sympathy,4,65.0
1180,trust,0,85.0
1180,trust,1,90.0
1180,trust,2,90.0
1180,trust,3,90.0
1180,trust,4,90.0
1180,altruism,0,90.0
1180,altruism,1,90.0
1180,altruism,2,90.0
1180,altruism,3,90.0
1180,altruism,4,90.0
1180,cooperation,0,90.0
1180,cooperation,1,85.0
1180,cooperation,2,90.0
1180,cooperation,3,90.0
1180,cooperation,4,85.0
1180,modesty,0,85.0
1180,modesty,1,75.0
1180,modesty,2,75.0
1180,modesty,3,75.0
1180,modesty,4,75.0
1180,sympathy,0,90.0
1180,sympathy,1,90.0
1180,sympathy,2,85.0
1180,sympathy,3,90.0
1180,sympathy,4,90.0
1181,trust,0,70.0
1181,trust,1,70.0
1181,trust,2,70.0
1181,trust,3,75.0
1181,trust,4,70.0
1181,altruism,0,85.0
1181,altruism,1,85.0
1181,altruism,2,85.0
1181,altruism,3,85.0
1181,altruism,4,85.0
1181,cooperation,0,85.0
1181,cooperation,1,90.0
1181,cooperation,2,85.0
1181,cooperation,3,85.0
1181,cooperation,4,85.0
1181,modesty,0,65.0
1181,modesty,1,70.0
1181,modesty,2,75.0
1181,modesty,3,75.0
1181,modesty,4,65.0
1181,sympathy,0,85.0
1181,sympathy,1,85.0
1181,sympathy,2,85.0
1181,sympathy,3,85.0
1181,sympathy,4,85.0
1182,trust,0,75.0
1182,trust,1,75.0
1182,trust,2,75.0
1182,trust,3,75.0
1182,trust,4,75.0
1182,altruism,0,90.0
1182,altruism,1,90.0
1182,altruism,2,90.0
1182,altruism,3,85.0
1182,altruism,4,90.0
1182,cooperation,0,85.0
1182,cooperation,1,85.0
1182,cooperation,2,85.0
1182,cooperation,3,85.0
1182,cooperation,4,85.0
1182,modesty,0,65.0
1182,modesty,1,65.0
1182,modesty,2,65.0
1182,modesty,3,65.0
1182,modesty,4,85.0
1182,sympathy,0,85.0
1182,sympathy,1,85.0
1182,sympathy,2,85.0
1182,sympathy,3,85.0
1182,sympathy,4,85.0
1183,trust,0,75.0
1183,trust,1,75.0
1183,trust,2,75.0
1183,trust,3,75.0
1183,trust,4,75.0
1183,altruism,0,85.0
1183,altruism,1,85.0
1183,altruism,2,85.0
1183,altruism,3,85.0
1183,altruism,4,85.0
1183,cooperation,0,30.0
1183,cooperation,1,45.0
1183,cooperation,2,55.0
1183,cooperation,3,45.0
1183,cooperation,4,45.0
1183,modesty,0,45.0
1183,modesty,1,65.0
1183,modesty,2,65.0
1183,modesty,3,65.0
1183,modesty,4,65.0
1183,sympathy,0,45.0
1183,sympathy,1,45.0
1183,sympathy,2,45.0
1183,sympathy,3,45.0
1183,sympathy,4,45.0
1184,trust,0,70.0
1184,trust,1,75.0
1184,trust,2,70.0
1184,trust,3,80.0
1184,trust,4,75.0
1184,altruism,0,45.0
1184,altruism,1,45.0
1184,altruism,2,45.0
1184,altruism,3,45.0
1184,altruism,4,45.0
1184,cooperation,0,75.0
1184,cooperation,1,75.0
1184,cooperation,2,75.0
1184,cooperation,3,75.0
1184,cooperation,4,75.0
1184,modesty,0,45.0
1184,modesty,1,50.0
1184,modesty,2,50.0
1184,modesty,3,50.0
1184,modesty,4,55.0
1184,sympathy,0,45.0
1184,sympathy,1,45.0
1184,sympathy,2,45.0
1184,sympathy,3,45.0
1184,sympathy,4,45.0
1185,trust,0,65.0
1185,trust,1,65.0
1185,trust,2,65.0
1185,trust,3,75.0
1185,trust,4,65.0
1185,altruism,0,90.0
1185,altruism,1,90.0
1185,altruism,2,90.0
1185,altruism,3,90.0
1185,altruism,4,90.0
1185,cooperation,0,85.0
1185,cooperation,1,85.0
1185,cooperation,2,85.0
1185,cooperation,3,85.0
1185,cooperation,4,85.0
1185,modesty,0,65.0
1185,modesty,1,65.0
1185,modesty,2,65.0
1185,modesty,3,65.0
1185,modesty,4,65.0
1185,sympathy,0,75.0
1185,sympathy,1,75.0
1185,sympathy,2,75.0
1185,sympathy,3,75.0
1185,sympathy,4,75.0
1186,trust,0,85.0
1186,trust,1,65.0
1186,trust,2,85.0
1186,trust,3,65.0
1186,trust,4,85.0
1186,altruism,0,65.0
1186,altruism,1,65.0
1186,altruism,2,75.0
1186,altruism,3,65.0
1186,altruism,4,85.0
1186,cooperation,0,65.0
1186,cooperation,1,65.0
1186,cooperation,2,65.0
1186,cooperation,3,85.0
1186,cooperation,4,65.0
1186,modesty,0,60.0
1186,modesty,1,45.0
1186,modesty,2,65.0
1186,modesty,3,45.0
1186,modesty,4,45.0
1186,sympathy,0,75.0
1186,sympathy,1,75.0
1186,sympathy,2,75.0
1186,sympathy,3,85.0
1186,sympathy,4,75.0
1187,trust,0,85.0
1187,trust,1,85.0
1187,trust,2,85.0
1187,trust,3,85.0
1187,trust,4,85.0
1187,altruism,0,90.0
1187,altruism,1,90.0
1187,altruism,2,90.0
1187,altruism,3,90.0
1187,altruism,4,90.0
1187,cooperation,0,90.0
1187,cooperation,1,85.0
1187,cooperation,2,90.0
1187,cooperation,3,90.0
1187,cooperation,4,85.0
1187,modesty,0,75.0
1187,modesty,1,75.0
1187,modesty,2,75.0
1187,modesty,3,75.0
1187,modesty,4,85.0
1187,sympathy,0,95.0
1187,sympathy,1,90.0
1187,sympathy,2,90.0
1187,sympathy,3,90.0
1187,sympathy,4,90.0
1188,trust,0,65.0
1188,trust,1,70.0
1188,trust,2,65.0
1188,trust,3,65.0
1188,trust,4,65.0
1188,altruism,0,65.0
1188,altruism,1,70.0
1188,altruism,2,75.0
1188,altruism,3,70.0
1188,altruism,4,70.0
1188,cooperation,0,65.0
1188,cooperation,1,70.0
1188,cooperation,2,65.0
1188,cooperation,3,65.0
1188,cooperation,4,80.0
1188,modesty,0,65.0
1188,modesty,1,65.0
1188,modesty,2,65.0
1188,modesty,3,65.0
1188,modesty,4,65.0
1188,sympathy,0,65.0
1188,sympathy,1,65.0
1188,sympathy,2,65.0
1188,sympathy,3,65.0
1188,sympathy,4,65.0
1189,trust,0,65.0
1189,trust,1,65.0
1189,trust,2,65.0
1189,trust,3,65.0
1189,trust,4,65.0
1189,altruism,0,25.0
1189,altruism,1,25.0
1189,altruism,2,25.0
1189,altruism,3,25.0
1189,altruism,4,25.0
1189,cooperation,0,85.0
1189,cooperation,1,90.0
1189,cooperation,2,85.0
1189,cooperation,3,85.0
1189,cooperation,4,85.0
1189,modesty,0,85.0
1189,modesty,1,85.0
1189,modesty,2,85.0
1189,modesty,3,85.0
1189,modesty,4,85.0
1189,sympathy,0,45.0
1189,sympathy,1,45.0
1189,sympathy,2,45.0
1189,sympathy,3,45.0
1189,sympathy,4,45.0
1190,trust,0,45.0
1190,trust,1,45.0
1190,trust,2,45.0
1190,trust,3,45.0
1190,trust,4,45.0
1190,altruism,0,35.0
1190,altruism,1,30.0
1190,altruism,2,30.0
1190,altruism,3,35.0
1190,altruism,4,35.0
1190,cooperation,0,45.0
1190,cooperation,1,45.0
1190,cooperation,2,45.0
1190,cooperation,3,45.0
1190,cooperation,4,45.0
1190,modesty,0,45.0
1190,modesty,1,45.0
1190,modesty,2,45.0
1190,modesty,3,45.0
1190,modesty,4,45.0
1190,sympathy,0,30.0
1190,sympathy,1,25.0
1190,sympathy,2,30.0
1190,sympathy,3,35.0
1190,sympathy,4,35.0
1191,trust,0,65.0
1191,trust,1,65.0
1191,trust,2,65.0
1191,trust,3,65.0
1191,trust,4,80.0
1191,altruism,0,75.0
1191,altruism,1,75.0
1191,altruism,2,80.0
1191,altruism,3,85.0
1191,altruism,4,85.0
1191,cooperation,0,90.0
1191,cooperation,1,85.0
1191,cooperation,2,90.0
1191,cooperation,3,90.0
1191,cooperation,4,90.0
1191,modesty,0,70.0
1191,modesty,1,75.0
1191,modesty,2,75.0
1191,modesty,3,75.0
1191,modesty,4,65.0
1191,sympathy,0,65.0
1191,sympathy,1,85.0
1191,sympathy,2,75.0
1191,sympathy,3,75.0
1191,sympathy,4,75.0
1192,trust,0,65.0
1192,trust,1,70.0
1192,trust,2,65.0
1192,trust,3,65.0
1192,trust,4,65.0
1192,altruism,0,25.0
1192,altruism,1,25.0
1192,altruism,2,25.0
1192,altruism,3,25.0
1192,altruism,4,25.0
1192,cooperation,0,45.0
1192,cooperation,1,25.0
1192,cooperation,2,25.0
1192,cooperation,3,45.0
1192,cooperation,4,45.0
1192,modesty,0,45.0
1192,modesty,1,45.0
1192,modesty,2,65.0
1192,modesty,3,55.0
1192,modesty,4,45.0
1192,sympathy,0,45.0
1192,sympathy,1,45.0
1192,sympathy,2,45.0
1192,sympathy,3,45.0
1192,sympathy,4,45.0
1193,trust,0,75.0
1193,trust,1,75.0
1193,trust,2,75.0
1193,trust,3,75.0
1193,trust,4,80.0
1193,altruism,0,75.0
1193,altruism,1,80.0
1193,altruism,2,75.0
1193,altruism,3,75.0
1193,altruism,4,80.0
1193,cooperation,0,85.0
1193,cooperation,1,85.0
1193,cooperation,2,85.0
1193,cooperation,3,85.0
1193,cooperation,4,85.0
1193,modesty,0,65.0
1193,modesty,1,65.0
1193,modesty,2,65.0
1193,modesty,3,65.0
1193,modesty,4,65.0
1193,sympathy,0,65.0
1193,sympathy,1,65.0
1193,sympathy,2,65.0
1193,sympathy,3,65.0
1193,sympathy,4,65.0
1194,trust,0,85.0
1194,trust,1,85.0
1194,trust,2,85.0
1194,trust,3,85.0
1194,trust,4,85.0
1194,altruism,0,90.0
1194,altruism,1,85.0
1194,altruism,2,90.0
1194,altruism,3,90.0
1194,altruism,4,90.0
1194,cooperation,0,85.0
1194,cooperation,1,75.0
1194,cooperation,2,85.0
1194,cooperation,3,85.0
1194,cooperation,4,85.0
1194,modesty,0,45.0
1194,modesty,1,45.0
1194,modesty,2,45.0
1194,modesty,3,45.0
1194,modesty,4,45.0
1194,sympathy,0,45.0
1194,sympathy,1,75.0
1194,sympathy,2,65.0
1194,sympathy,3,65.0
1194,sympathy,4,75.0
1195,trust,0,85.0
1195,trust,1,90.0
1195,trust,2,85.0
1195,trust,3,85.0
1195,trust,4,90.0
1195,altruism,0,85.0
1195,altruism,1,85.0
1195,altruism,2,85.0
1195,altruism,3,80.0
1195,altruism,4,85.0
1195,cooperation,0,85.0
1195,cooperation,1,85.0
1195,cooperation,2,85.0
1195,cooperation,3,85.0
1195,cooperation,4,85.0
1195,modesty,0,65.0
1195,modesty,1,75.0
1195,modesty,2,65.0
1195,modesty,3,75.0
1195,modesty,4,65.0
1195,sympathy,0,85.0
1195,sympathy,1,75.0
1195,sympathy,2,85.0
1195,sympathy,3,85.0
1195,sympathy,4,75.0
1196,trust,0,60.0
1196,trust,1,60.0
1196,trust,2,65.0
1196,trust,3,60.0
1196,trust,4,65.0
1196,altruism,0,25.0
1196,altruism,1,25.0
1196,altruism,2,25.0
1196,altruism,3,25.0
1196,altruism,4,25.0
1196,cooperation,0,85.0
1196,cooperation,1,85.0
1196,cooperation,2,75.0
1196,cooperation,3,85.0
1196,cooperation,4,70.0
1196,modesty,0,65.0
1196,modesty,1,65.0
1196,modesty,2,65.0
1196,modesty,3,65.0
1196,modesty,4,65.0
1196,sympathy,0,25.0
1196,sympathy,1,25.0
1196,sympathy,2,25.0
1196,sympathy,3,25.0
1196,sympathy,4,25.0
1197,trust,0,65.0
1197,trust,1,65.0
1197,trust,2,65.0
1197,trust,3,65.0
1197,trust,4,65.0
1197,altruism,0,65.0
1197,altruism,1,65.0
1197,altruism,2,65.0
1197,altruism,3,65.0
1197,altruism,4,65.0
1197,cooperation,0,85.0
1197,cooperation,1,85.0
1197,cooperation,2,85.0
1197,cooperation,3,85.0
1197,cooperation,4,90.0
1197,modesty,0,75.0
1197,modesty,1,75.0
1197,modesty,2,75.0
1197,modesty,3,75.0
1197,modesty,4,85.0
1197,sympathy,0,65.0
1197,sympathy,1,65.0
1197,sympathy,2,65.0
1197,sympathy,3,65.0
1197,sympathy,4,65.0
1198,trust,0,85.0
1198,trust,1,85.0
1198,trust,2,85.0
1198,trust,3,85.0
1198,trust,4,85.0
1198,altruism,0,85.0
1198,altruism,1,85.0
1198,altruism,2,85.0
1198,altruism,3,85.0
1198,altruism,4,85.0
1198,cooperation,0,85.0
1198,cooperation,1,85.0
1198,cooperation,2,85.0
1198,cooperation,3,85.0
1198,cooperation,4,85.0
1198,modesty,0,65.0
1198,modesty,1,65.0
1198,modesty,2,65.0
1198,modesty,3,65.0
1198,modesty,4,65.0
1198,sympathy,0,85.0
1198,sympathy,1,85.0
1198,sympathy,2,85.0
1198,sympathy,3,85.0
1198,sympathy,4,85.0
1199,trust,0,85.0
1199,trust,1,85.0
1199,trust,2,90.0
1199,trust,3,90.0
1199,trust,4,85.0
1199,altruism,0,75.0
1199,altruism,1,75.0
1199,altruism,2,75.0
1199,altruism,3,75.0
1199,altruism,4,75.0
1199,cooperation,0,75.0
1199,cooperation,1,75.0
1199,cooperation,2,75.0
1199,cooperation,3,75.0
1199,cooperation,4,75.0
1199,modesty,0,65.0
1199,modesty,1,65.0
1199,modesty,2,65.0
1199,modesty,3,65.0
1199,modesty,4,65.0
1199,sympathy,0,65.0
1199,sympathy,1,65.0
1199,sympathy,2,70.0
1199,sympathy,3,70.0
1199,sympathy,4,65.0
1200,trust,0,75.0
1200,trust,1,75.0
1200,trust,2,75.0
1200,trust,3,75.0
1200,trust,4,75.0
1200,altruism,0,45.0
1200,altruism,1,45.0
1200,altruism,2,45.0
1200,altruism,3,25.0
1200,altruism,4,45.0
1200,cooperation,0,65.0
1200,cooperation,1,65.0
1200,cooperation,2,65.0
1200,cooperation,3,65.0
1200,cooperation,4,65.0
1200,modesty,0,70.0
1200,modesty,1,70.0
1200,modesty,2,70.0
1200,modesty,3,75.0
1200,modesty,4,70.0
1200,sympathy,0,65.0
1200,sympathy,1,65.0
1200,sympathy,2,65.0
1200,sympathy,3,65.0
1200,sympathy,4,65.0
1201,trust,0,75.0
1201,trust,1,85.0
1201,trust,2,85.0
1201,trust,3,85.0
1201,trust,4,85.0
1201,altruism,0,75.0
1201,altruism,1,70.0
1201,altruism,2,70.0
1201,altruism,3,75.0
1201,altruism,4,75.0
1201,cooperation,0,85.0
1201,cooperation,1,75.0
1201,cooperation,2,75.0
1201,cooperation,3,75.0
1201,cooperation,4,75.0
1201,modesty,0,45.0
1201,modesty,1,65.0
1201,modesty,2,45.0
1201,modesty,3,45.0
1201,modesty,4,45.0
1201,sympathy,0,85.0
1201,sympathy,1,75.0
1201,sympathy,2,75.0
1201,sympathy,3,75.0
1201,sympathy,4,75.0
1202,trust,0,65.0
1202,trust,1,65.0
1202,trust,2,65.0
1202,trust,3,65.0
1202,trust,4,60.0
1202,altruism,0,25.0
1202,altruism,1,25.0
1202,altruism,2,25.0
1202,altruism,3,25.0
1202,altruism,4,25.0
1202,cooperation,0,45.0
1202,cooperation,1,45.0
1202,cooperation,2,45.0
1202,cooperation,3,40.0
1202,cooperation,4,45.0
1202,modesty,0,45.0
1202,modesty,1,45.0
1202,modesty,2,45.0
1202,modesty,3,50.0
1202,modesty,4,45.0
1202,sympathy,0,25.0
1202,sympathy,1,25.0
1202,sympathy,2,25.0
1202,sympathy,3,25.0
1202,sympathy,4,30.0
1203,trust,0,85.0
1203,trust,1,85.0
1203,trust,2,85.0
1203,trust,3,85.0
1203,trust,4,85.0
1203,altruism,0,25.0
1203,altruism,1,25.0
1203,altruism,2,25.0
1203,altruism,3,25.0
1203,altruism,4,25.0
1203,cooperation,0,90.0
1203,cooperation,1,90.0
1203,cooperation,2,85.0
1203,cooperation,3,90.0
1203,cooperation,4,85.0
1203,modesty,0,45.0
1203,modesty,1,50.0
1203,modesty,2,65.0
1203,modesty,3,55.0
1203,modesty,4,45.0
1203,sympathy,0,25.0
1203,sympathy,1,20.0
1203,sympathy,2,25.0
1203,sympathy,3,25.0
1203,sympathy,4,20.0
1204,trust,0,65.0
1204,trust,1,65.0
1204,trust,2,65.0
1204,trust,3,60.0
1204,trust,4,65.0
1204,altruism,0,35.0
1204,altruism,1,30.0
1204,altruism,2,30.0
1204,altruism,3,25.0
1204,altruism,4,35.0
1204,cooperation,0,65.0
1204,cooperation,1,65.0
1204,cooperation,2,65.0
1204,cooperation,3,65.0
1204,cooperation,4,75.0
1204,modesty,0,75.0
1204,modesty,1,85.0
1204,modesty,2,75.0
1204,modesty,3,75.0
1204,modesty,4,85.0
1204,sympathy,0,45.0
1204,sympathy,1,45.0
1204,sympathy,2,45.0
1204,sympathy,3,45.0
1204,sympathy,4,45.0
1205,trust,0,25.0
1205,trust,1,25.0
1205,trust,2,25.0
1205,trust,3,25.0
1205,trust,4,25.0
1205,altruism,0,25.0
1205,altruism,1,25.0
1205,altruism,2,25.0
1205,altruism,3,25.0
1205,altruism,4,25.0
1205,cooperation,0,25.0
1205,cooperation,1,25.0
1205,cooperation,2,25.0
1205,cooperation,3,25.0
1205,cooperation,4,25.0
1205,modesty,0,40.0
1205,modesty,1,45.0
1205,modesty,2,40.0
1205,modesty,3,40.0
1205,modesty,4,30.0
1205,sympathy,0,25.0
1205,sympathy,1,25.0
1205,sympathy,2,25.0
1205,sympathy,3,25.0
1205,sympathy,4,25.0
1206,trust,0,30.0
1206,trust,1,30.0
1206,trust,2,35.0
1206,trust,3,35.0
1206,trust,4,35.0
1206,altruism,0,25.0
1206,altruism,1,25.0
1206,altruism,2,25.0
1206,altruism,3,25.0
1206,altruism,4,25.0
1206,cooperation,0,40.0
1206,cooperation,1,45.0
1206,cooperation,2,45.0
1206,cooperation,3,45.0
1206,cooperation,4,40.0
1206,modesty,0,40.0
1206,modesty,1,40.0
1206,modesty,2,40.0
1206,modesty,3,40.0
1206,modesty,4,40.0
1206,sympathy,0,45.0
1206,sympathy,1,45.0
1206,sympathy,2,45.0
1206,sympathy,3,45.0
1206,sympathy,4,45.0
1207,trust,0,65.0
1207,trust,1,65.0
1207,trust,2,65.0
1207,trust,3,65.0
1207,trust,4,65.0
1207,altruism,0,85.0
1207,altruism,1,85.0
1207,altruism,2,85.0
1207,altruism,3,85.0
1207,altruism,4,85.0
1207,cooperation,0,85.0
1207,cooperation,1,85.0
1207,cooperation,2,85.0
1207,cooperation,3,85.0
1207,cooperation,4,75.0
1207,modesty,0,85.0
1207,modesty,1,85.0
1207,modesty,2,85.0
1207,modesty,3,85.0
1207,modesty,4,75.0
1207,sympathy,0,75.0
1207,sympathy,1,75.0
1207,sympathy,2,75.0
1207,sympathy,3,75.0
1207,sympathy,4,75.0
1208,trust,0,75.0
1208,trust,1,75.0
1208,trust,2,75.0
1208,trust,3,70.0
1208,trust,4,80.0
1208,altruism,0,75.0
1208,altruism,1,75.0
1208,altruism,2,70.0
1208,altruism,3,75.0
1208,altruism,4,70.0
1208,cooperation,0,65.0
1208,cooperation,1,65.0
1208,cooperation,2,65.0
1208,cooperation,3,65.0
1208,cooperation,4,65.0
1208,modesty,0,65.0
1208,modesty,1,65.0
1208,modesty,2,65.0
1208,modesty,3,65.0
1208,modesty,4,65.0
1208,sympathy,0,75.0
1208,sympathy,1,75.0
1208,sympathy,2,65.0
1208,sympathy,3,75.0
1208,sympathy,4,75.0
1209,trust,0,75.0
1209,trust,1,65.0
1209,trust,2,75.0
1209,trust,3,75.0
1209,trust,4,75.0
1209,altruism,0,85.0
1209,altruism,1,75.0
1209,altruism,2,75.0
1209,altruism,3,75.0
1209,altruism,4,75.0
1209,cooperation,0,85.0
1209,cooperation,1,85.0
1209,cooperation,2,85.0
1209,cooperation,3,85.0
1209,cooperation,4,90.0
1209,modesty,0,65.0
1209,modesty,1,75.0
1209,modesty,2,75.0
1209,modesty,3,75.0
1209,modesty,4,75.0
1209,sympathy,0,85.0
1209,sympathy,1,85.0
1209,sympathy,2,85.0
1209,sympathy,3,75.0
1209,sympathy,4,85.0
1210,trust,0,75.0
1210,trust,1,75.0
1210,trust,2,75.0
1210,trust,3,75.0
1210,trust,4,75.0
1210,altruism,0,85.0
1210,altruism,1,85.0
1210,altruism,2,85.0
1210,altruism,3,85.0
1210,altruism,4,85.0
1210,cooperation,0,90.0
1210,cooperation,1,90.0
1210,cooperation,2,90.0
1210,cooperation,3,90.0
1210,cooperation,4,90.0
1210,modesty,0,85.0
1210,modesty,1,75.0
1210,modesty,2,85.0
1210,modesty,3,85.0
1210,modesty,4,85.0
1210,sympathy,0,85.0
1210,sympathy,1,85.0
1210,sympathy,2,85.0
1210,sympathy,3,85.0
1210,sympathy,4,85.0
1211,trust,0,85.0
1211,trust,1,85.0
1211,trust,2,75.0
1211,trust,3,85.0
1211,trust,4,85.0
1211,altruism,0,90.0
1211,altruism,1,90.0
1211,altruism,2,90.0
1211,altruism,3,90.0
1211,altruism,4,90.0
1211,cooperation,0,75.0
1211,cooperation,1,75.0
1211,cooperation,2,75.0
1211,cooperation,3,65.0
1211,cooperation,4,65.0
1211,modesty,0,45.0
1211,modesty,1,45.0
1211,modesty,2,65.0
1211,modesty,3,65.0
1211,modesty,4,45.0
1211,sympathy,0,85.0
1211,sympathy,1,85.0
1211,sympathy,2,90.0
1211,sympathy,3,85.0
1211,sympathy,4,85.0
1212,trust,0,75.0
1212,trust,1,75.0
1212,trust,2,75.0
1212,trust,3,75.0
1212,trust,4,70.0
1212,altruism,0,80.0
1212,altruism,1,80.0
1212,altruism,2,85.0
1212,altruism,3,85.0
1212,altruism,4,80.0
1212,cooperation,0,65.0
1212,cooperation,1,45.0
1212,cooperation,2,45.0
1212,cooperation,3,45.0
1212,cooperation,4,45.0
1212,modesty,0,45.0
1212,modesty,1,45.0
1212,modesty,2,45.0
1212,modesty,3,45.0
1212,modesty,4,45.0
1212,sympathy,0,75.0
1212,sympathy,1,70.0
1212,sympathy,2,75.0
1212,sympathy,3,70.0
1212,sympathy,4,65.0
1213,trust,0,85.0
1213,trust,1,80.0
1213,trust,2,80.0
1213,trust,3,85.0
1213,trust,4,85.0
1213,altruism,0,80.0
1213,altruism,1,85.0
1213,altruism,2,85.0
1213,altruism,3,80.0
1213,altruism,4,85.0
1213,cooperation,0,45.0
1213,cooperation,1,65.0
1213,cooperation,2,65.0
1213,cooperation,3,65.0
1213,cooperation,4,65.0
1213,modesty,0,45.0
1213,modesty,1,65.0
1213,modesty,2,65.0
1213,modesty,3,45.0
1213,modesty,4,40.0
1213,sympathy,0,45.0
1213,sympathy,1,45.0
1213,sympathy,2,45.0
1213,sympathy,3,45.0
1213,sympathy,4,45.0
1214,trust,0,75.0
1214,trust,1,75.0
1214,trust,2,75.0
1214,trust,3,75.0
1214,trust,4,75.0
1214,altruism,0,45.0
1214,altruism,1,45.0
1214,altruism,2,45.0
1214,altruism,3,45.0
1214,altruism,4,45.0
1214,cooperation,0,65.0
1214,cooperation,1,65.0
1214,cooperation,2,65.0
1214,cooperation,3,65.0
1214,cooperation,4,65.0
1214,modesty,0,65.0
1214,modesty,1,45.0
1214,modesty,2,65.0
1214,modesty,3,65.0
1214,modesty,4,65.0
1214,sympathy,0,65.0
1214,sympathy,1,65.0
1214,sympathy,2,65.0
1214,sympathy,3,65.0
1214,sympathy,4,65.0
1215,trust,0,65.0
1215,trust,1,65.0
1215,trust,2,65.0
1215,trust,3,65.0
1215,trust,4,65.0
1215,altruism,0,65.0
1215,altruism,1,70.0
1215,altruism,2,65.0
1215,altruism,3,65.0
1215,altruism,4,65.0
1215,cooperation,0,45.0
1215,cooperation,1,45.0
1215,cooperation,2,45.0
1215,cooperation,3,45.0
1215,cooperation,4,45.0
1215,modesty,0,55.0
1215,modesty,1,65.0
1215,modesty,2,55.0
1215,modesty,3,55.0
1215,modesty,4,65.0
1215,sympathy,0,30.0
1215,sympathy,1,45.0
1215,sympathy,2,45.0
1215,sympathy,3,45.0
1215,sympathy,4,30.0
1216,trust,0,65.0
1216,trust,1,65.0
1216,trust,2,65.0
1216,trust,3,65.0
1216,trust,4,65.0
1216,altruism,0,65.0
1216,altruism,1,65.0
1216,altruism,2,75.0
1216,altruism,3,75.0
1216,altruism,4,75.0
1216,cooperation,0,75.0
1216,cooperation,1,75.0
1216,cooperation,2,75.0
1216,cooperation,3,75.0
1216,cooperation,4,75.0
1216,modesty,0,85.0
1216,modesty,1,85.0
1216,modesty,2,75.0
1216,modesty,3,75.0
1216,modesty,4,75.0
1216,sympathy,0,75.0
1216,sympathy,1,75.0
1216,sympathy,2,75.0
1216,sympathy,3,70.0
1216,sympathy,4,75.0
1217,trust,0,65.0
1217,trust,1,65.0
1217,trust,2,65.0
1217,trust,3,65.0
1217,trust,4,65.0
1217,altruism,0,85.0
1217,altruism,1,85.0
1217,altruism,2,85.0
1217,altruism,3,75.0
1217,altruism,4,75.0
1217,cooperation,0,85.0
1217,cooperation,1,85.0
1217,cooperation,2,85.0
1217,cooperation,3,85.0
1217,cooperation,4,85.0
1217,modesty,0,85.0
1217,modesty,1,75.0
1217,modesty,2,75.0
1217,modesty,3,75.0
1217,modesty,4,75.0
1217,sympathy,0,85.0
1217,sympathy,1,85.0
1217,sympathy,2,85.0
1217,sympathy,3,85.0
1217,sympathy,4,85.0
1218,trust,0,75.0
1218,trust,1,75.0
1218,trust,2,75.0
1218,trust,3,75.0
1218,trust,4,75.0
1218,altruism,0,75.0
1218,altruism,1,75.0
1218,altruism,2,75.0
1218,altruism,3,80.0
1218,altruism,4,75.0
1218,cooperation,0,65.0
1218,cooperation,1,70.0
1218,cooperation,2,80.0
1218,cooperation,3,70.0
1218,cooperation,4,75.0
1218,modesty,0,65.0
1218,modesty,1,65.0
1218,modesty,2,65.0
1218,modesty,3,65.0
1218,modesty,4,65.0
1218,sympathy,0,65.0
1218,sympathy,1,65.0
1218,sympathy,2,65.0
1218,sympathy,3,65.0
1218,sympathy,4,75.0
1219,trust,0,60.0
1219,trust,1,60.0
1219,trust,2,65.0
1219,trust,3,60.0
1219,trust,4,60.0
1219,altruism,0,25.0
1219,altruism,1,25.0
1219,altruism,2,25.0
1219,altruism,3,25.0
1219,altruism,4,25.0
1219,cooperation,0,85.0
1219,cooperation,1,85.0
1219,cooperation,2,85.0
1219,cooperation,3,85.0
1219,cooperation,4,85.0
1219,modesty,0,65.0
1219,modesty,1,65.0
1219,modesty,2,75.0
1219,modesty,3,85.0
1219,modesty,4,85.0
1219,sympathy,0,25.0
1219,sympathy,1,25.0
1219,sympathy,2,25.0
1219,sympathy,3,25.0
1219,sympathy,4,25.0
1220,trust,0,45.0
1220,trust,1,65.0
1220,trust,2,45.0
1220,trust,3,45.0
1220,trust,4,65.0
1220,altruism,0,85.0
1220,altruism,1,85.0
1220,altruism,2,85.0
1220,altruism,3,85.0
1220,altruism,4,85.0
1220,cooperation,0,25.0
1220,cooperation,1,25.0
1220,cooperation,2,25.0
1220,cooperation,3,25.0
1220,cooperation,4,30.0
1220,modesty,0,35.0
1220,modesty,1,35.0
1220,modesty,2,30.0
1220,modesty,3,30.0
1220,modesty,4,30.0
1220,sympathy,0,45.0
1220,sympathy,1,25.0
1220,sympathy,2,45.0
1220,sympathy,3,45.0
1220,sympathy,4,45.0
1221,trust,0,25.0
1221,trust,1,45.0
1221,trust,2,25.0
1221,trust,3,25.0
1221,trust,4,25.0
1221,altruism,0,25.0
1221,altruism,1,25.0
1221,altruism,2,25.0
1221,altruism,3,25.0
1221,altruism,4,25.0
1221,cooperation,0,25.0
1221,cooperation,1,25.0
1221,cooperation,2,25.0
1221,cooperation,3,25.0
1221,cooperation,4,25.0
1221,modesty,0,30.0
1221,modesty,1,30.0
1221,modesty,2,40.0
1221,modesty,3,40.0
1221,modesty,4,30.0
1221,sympathy,0,25.0
1221,sympathy,1,25.0
1221,sympathy,2,25.0
1221,sympathy,3,25.0
1221,sympathy,4,25.0
1222,trust,0,65.0
1222,trust,1,65.0
1222,trust,2,65.0
1222,trust,3,65.0
1222,trust,4,65.0
1222,altruism,0,25.0
1222,altruism,1,25.0
1222,altruism,2,35.0
1222,altruism,3,25.0
1222,altruism,4,25.0
1222,cooperation,0,45.0
1222,cooperation,1,40.0
1222,cooperation,2,45.0
1222,cooperation,3,45.0
1222,cooperation,4,45.0
1222,modesty,0,65.0
1222,modesty,1,65.0
1222,modesty,2,65.0
1222,modesty,3,65.0
1222,modesty,4,65.0
1222,sympathy,0,65.0
1222,sympathy,1,65.0
1222,sympathy,2,65.0
1222,sympathy,3,65.0
1222,sympathy,4,65.0
1223,trust,0,70.0
1223,trust,1,75.0
1223,trust,2,65.0
1223,trust,3,75.0
1223,trust,4,75.0
1223,altruism,0,85.0
1223,altruism,1,75.0
1223,altruism,2,85.0
1223,altruism,3,85.0
1223,altruism,4,75.0
1223,cooperation,0,85.0
1223,cooperation,1,85.0
1223,cooperation,2,85.0
1223,cooperation,3,85.0
1223,cooperation,4,85.0
1223,modesty,0,85.0
1223,modesty,1,85.0
1223,modesty,2,85.0
1223,modesty,3,85.0
1223,modesty,4,85.0
1223,sympathy,0,65.0
1223,sympathy,1,65.0
1223,sympathy,2,65.0
1223,sympathy,3,65.0
1223,sympathy,4,65.0
1224,trust,0,90.0
1224,trust,1,90.0
1224,trust,2,90.0
1224,trust,3,90.0
1224,trust,4,90.0
1224,altruism,0,85.0
1224,altruism,1,90.0
1224,altruism,2,90.0
1224,altruism,3,90.0
1224,altruism,4,90.0
1224,cooperation,0,45.0
1224,cooperation,1,45.0
1224,cooperation,2,45.0
1224,cooperation,3,45.0
1224,cooperation,4,45.0
1224,modesty,0,45.0
1224,modesty,1,45.0
1224,modesty,2,65.0
1224,modesty,3,45.0
1224,modesty,4,55.0
1224,sympathy,0,65.0
1224,sympathy,1,85.0
1224,sympathy,2,75.0
1224,sympathy,3,75.0
1224,sympathy,4,75.0
1225,trust,0,75.0
1225,trust,1,70.0
1225,trust,2,75.0
1225,trust,3,75.0
1225,trust,4,70.0
1225,altruism,0,80.0
1225,altruism,1,75.0
1225,altruism,2,80.0
1225,altruism,3,85.0
1225,altruism,4,75.0
1225,cooperation,0,75.0
1225,cooperation,1,75.0
1225,cooperation,2,75.0
1225,cooperation,3,85.0
1225,cooperation,4,75.0
1225,modesty,0,65.0
1225,modesty,1,65.0
1225,modesty,2,65.0
1225,modesty,3,85.0
1225,modesty,4,65.0
1225,sympathy,0,65.0
1225,sympathy,1,70.0
1225,sympathy,2,65.0
1225,sympathy,3,65.0
1225,sympathy,4,65.0
1226,trust,0,85.0
1226,trust,1,85.0
1226,trust,2,85.0
1226,trust,3,85.0
1226,trust,4,85.0
1226,altruism,0,75.0
1226,altruism,1,75.0
1226,altruism,2,85.0
1226,altruism,3,85.0
1226,altruism,4,75.0
1226,cooperation,0,65.0
1226,cooperation,1,45.0
1226,cooperation,2,65.0
1226,cooperation,3,45.0
1226,cooperation,4,45.0
1226,modesty,0,45.0
1226,modesty,1,45.0
1226,modesty,2,45.0
1226,modesty,3,45.0
1226,modesty,4,65.0
1226,sympathy,0,65.0
1226,sympathy,1,65.0
1226,sympathy,2,65.0
1226,sympathy,3,65.0
1226,sympathy,4,65.0
1227,trust,0,75.0
1227,trust,1,80.0
1227,trust,2,85.0
1227,trust,3,75.0
1227,trust,4,75.0
1227,altruism,0,90.0
1227,altruism,1,90.0
1227,altruism,2,90.0
1227,altruism,3,90.0
1227,altruism,4,90.0
1227,cooperation,0,85.0
1227,cooperation,1,85.0
1227,cooperation,2,85.0
1227,cooperation,3,85.0
1227,cooperation,4,85.0
1227,modesty,0,65.0
1227,modesty,1,65.0
1227,modesty,2,65.0
1227,modesty,3,65.0
1227,modesty,4,65.0
1227,sympathy,0,90.0
1227,sympathy,1,90.0
1227,sympathy,2,90.0
1227,sympathy,3,90.0
1227,sympathy,4,90.0
1228,trust,0,90.0
1228,trust,1,90.0
1228,trust,2,90.0
1228,trust,3,90.0
1228,trust,4,90.0
1228,altruism,0,90.0
1228,altruism,1,90.0
1228,altruism,2,95.0
1228,altruism,3,95.0
1228,altruism,4,95.0
1228,cooperation,0,95.0
1228,cooperation,1,95.0
1228,cooperation,2,90.0
1228,cooperation,3,95.0
1228,cooperation,4,95.0
1228,modesty,0,65.0
1228,modesty,1,70.0
1228,modesty,2,75.0
1228,modesty,3,65.0
1228,modesty,4,65.0
1228,sympathy,0,90.0
1228,sympathy,1,90.0
1228,sympathy,2,90.0
1228,sympathy,3,90.0
1228,sympathy,4,90.0
1229,trust,0,85.0
1229,trust,1,80.0
1229,trust,2,80.0
1229,trust,3,75.0
1229,trust,4,85.0
1229,altruism,0,45.0
1229,altruism,1,45.0
1229,altruism,2,45.0
1229,altruism,3,45.0
1229,altruism,4,55.0
1229,cooperation,0,75.0
1229,cooperation,1,75.0
1229,cooperation,2,85.0
1229,cooperation,3,75.0
1229,cooperation,4,75.0
1229,modesty,0,65.0
1229,modesty,1,65.0
1229,modesty,2,45.0
1229,modesty,3,65.0
1229,modesty,4,65.0
1229,sympathy,0,45.0
1229,sympathy,1,45.0
1229,sympathy,2,45.0
1229,sympathy,3,45.0
1229,sympathy,4,45.0
1230,trust,0,85.0
1230,trust,1,85.0
1230,trust,2,85.0
1230,trust,3,85.0
1230,trust,4,85.0
1230,altruism,0,65.0
1230,altruism,1,65.0
1230,altruism,2,65.0
1230,altruism,3,65.0
1230,altruism,4,65.0
1230,cooperation,0,85.0
1230,cooperation,1,85.0
1230,cooperation,2,85.0
1230,cooperation,3,85.0
1230,cooperation,4,85.0
1230,modesty,0,85.0
1230,modesty,1,85.0
1230,modesty,2,85.0
1230,modesty,3,85.0
1230,modesty,4,85.0
1230,sympathy,0,65.0
1230,sympathy,1,65.0
1230,sympathy,2,65.0
1230,sympathy,3,65.0
1230,sympathy,4,65.0
1231,trust,0,85.0
1231,trust,1,85.0
1231,trust,2,85.0
1231,trust,3,85.0
1231,trust,4,75.0
1231,altruism,0,85.0
1231,altruism,1,85.0
1231,altruism,2,85.0
1231,altruism,3,85.0
1231,altruism,4,75.0
1231,cooperation,0,85.0
1231,cooperation,1,85.0
1231,cooperation,2,85.0
1231,cooperation,3,85.0
1231,cooperation,4,85.0
1231,modesty,0,85.0
1231,modesty,1,85.0
1231,modesty,2,85.0
1231,modesty,3,85.0
1231,modesty,4,85.0
1231,sympathy,0,85.0
1231,sympathy,1,85.0
1231,sympathy,2,85.0
1231,sympathy,3,85.0
1231,sympathy,4,85.0
1232,trust,0,60.0
1232,trust,1,65.0
1232,trust,2,60.0
1232,trust,3,60.0
1232,trust,4,65.0
1232,altruism,0,45.0
1232,altruism,1,45.0
1232,altruism,2,45.0
1232,altruism,3,45.0
1232,altruism,4,45.0
1232,cooperation,0,85.0
1232,cooperation,1,85.0
1232,cooperation,2,75.0
1232,cooperation,3,85.0
1232,cooperation,4,85.0
1232,modesty,0,85.0
1232,modesty,1,85.0
1232,modesty,2,85.0
1232,modesty,3,85.0
1232,modesty,4,85.0
1232,sympathy,0,65.0
1232,sympathy,1,65.0
1232,sympathy,2,65.0
1232,sympathy,3,65.0
1232,sympathy,4,65.0
1233,trust,0,65.0
1233,trust,1,65.0
1233,trust,2,65.0
1233,trust,3,65.0
1233,trust,4,65.0
1233,altruism,0,45.0
1233,altruism,1,45.0
1233,altruism,2,45.0
1233,altruism,3,45.0
1233,altruism,4,45.0
1233,cooperation,0,75.0
1233,cooperation,1,75.0
1233,cooperation,2,85.0
1233,cooperation,3,85.0
1233,cooperation,4,85.0
1233,modesty,0,75.0
1233,modesty,1,75.0
1233,modesty,2,85.0
1233,modesty,3,85.0
1233,modesty,4,75.0
1233,sympathy,0,45.0
1233,sympathy,1,45.0
1233,sympathy,2,45.0
1233,sympathy,3,45.0
1233,sympathy,4,45.0
1234,trust,0,75.0
1234,trust,1,75.0
1234,trust,2,75.0
1234,trust,3,75.0
1234,trust,4,75.0
1234,altruism,0,65.0
1234,altruism,1,65.0
1234,altruism,2,65.0
1234,altruism,3,65.0
1234,altruism,4,65.0
1234,cooperation,0,90.0
1234,cooperation,1,90.0
1234,cooperation,2,90.0
1234,cooperation,3,90.0
1234,cooperation,4,85.0
1234,modesty,0,85.0
1234,modesty,1,85.0
1234,modesty,2,85.0
1234,modesty,3,85.0
1234,modesty,4,85.0
1234,sympathy,0,85.0
1234,sympathy,1,85.0
1234,sympathy,2,85.0
1234,sympathy,3,85.0
1234,sympathy,4,85.0
1235,trust,0,70.0
1235,trust,1,75.0
1235,trust,2,70.0
1235,trust,3,70.0
1235,trust,4,75.0
1235,altruism,0,75.0
1235,altruism,1,65.0
1235,altruism,2,70.0
1235,altruism,3,75.0
1235,altruism,4,75.0
1235,cooperation,0,85.0
1235,cooperation,1,85.0
1235,cooperation,2,85.0
1235,cooperation,3,85.0
1235,cooperation,4,85.0
1235,modesty,0,85.0
1235,modesty,1,85.0
1235,modesty,2,85.0
1235,modesty,3,85.0
1235,modesty,4,85.0
1235,sympathy,0,45.0
1235,sympathy,1,45.0
1235,sympathy,2,45.0
1235,sympathy,3,45.0
1235,sympathy,4,45.0
1236,trust,0,45.0
1236,trust,1,45.0
1236,trust,2,45.0
1236,trust,3,45.0
1236,trust,4,45.0
1236,altruism,0,65.0
1236,altruism,1,65.0
1236,altruism,2,45.0
1236,altruism,3,65.0
1236,altruism,4,45.0
1236,cooperation,0,75.0
1236,cooperation,1,75.0
1236,cooperation,2,75.0
1236,cooperation,3,85.0
1236,cooperation,4,85.0
1236,modesty,0,75.0
1236,modesty,1,85.0
1236,modesty,2,85.0
1236,modesty,3,85.0
1236,modesty,4,75.0
1236,sympathy,0,65.0
1236,sympathy,1,65.0
1236,sympathy,2,65.0
1236,sympathy,3,65.0
1236,sympathy,4,65.0
1237,trust,0,85.0
1237,trust,1,90.0
1237,trust,2,85.0
1237,trust,3,85.0
1237,trust,4,85.0
1237,altruism,0,90.0
1237,altruism,1,90.0
1237,altruism,2,90.0
1237,altruism,3,90.0
1237,altruism,4,90.0
1237,cooperation,0,85.0
1237,cooperation,1,85.0
1237,cooperation,2,90.0
1237,cooperation,3,85.0
1237,cooperation,4,90.0
1237,modesty,0,75.0
1237,modesty,1,75.0
1237,modesty,2,75.0
1237,modesty,3,75.0
1237,modesty,4,75.0
1237,sympathy,0,90.0
1237,sympathy,1,85.0
1237,sympathy,2,85.0
1237,sympathy,3,85.0
1237,sympathy,4,75.0
1238,trust,0,75.0
1238,trust,1,75.0
1238,trust,2,75.0
1238,trust,3,75.0
1238,trust,4,75.0
1238,altruism,0,85.0
1238,altruism,1,75.0
1238,altruism,2,75.0
1238,altruism,3,75.0
1238,altruism,4,65.0
1238,cooperation,0,85.0
1238,cooperation,1,85.0
1238,cooperation,2,85.0
1238,cooperation,3,85.0
1238,cooperation,4,85.0
1238,modesty,0,75.0
1238,modesty,1,85.0
1238,modesty,2,85.0
1238,modesty,3,85.0
1238,modesty,4,85.0
1238,sympathy,0,90.0
1238,sympathy,1,90.0
1238,sympathy,2,90.0
1238,sympathy,3,90.0
1238,sympathy,4,90.0
1239,trust,0,75.0
1239,trust,1,75.0
1239,trust,2,75.0
1239,trust,3,75.0
1239,trust,4,75.0
1239,altruism,0,75.0
1239,altruism,1,75.0
1239,altruism,2,85.0
1239,altruism,3,75.0
1239,altruism,4,75.0
1239,cooperation,0,90.0
1239,cooperation,1,90.0
1239,cooperation,2,90.0
1239,cooperation,3,90.0
1239,cooperation,4,90.0
1239,modesty,0,85.0
1239,modesty,1,85.0
1239,modesty,2,85.0
1239,modesty,3,85.0
1239,modesty,4,85.0
1239,sympathy,0,75.0
1239,sympathy,1,75.0
1239,sympathy,2,75.0
1239,sympathy,3,75.0
1239,sympathy,4,75.0
1240,trust,0,85.0
1240,trust,1,85.0
1240,trust,2,85.0
1240,trust,3,85.0
1240,trust,4,85.0
1240,altruism,0,90.0
1240,altruism,1,90.0
1240,altruism,2,90.0
1240,altruism,3,90.0
1240,altruism,4,90.0
1240,cooperation,0,85.0
1240,cooperation,1,85.0
1240,cooperation,2,85.0
1240,cooperation,3,85.0
1240,cooperation,4,85.0
1240,modesty,0,75.0
1240,modesty,1,75.0
1240,modesty,2,75.0
1240,modesty,3,75.0
1240,modesty,4,75.0
1240,sympathy,0,85.0
1240,sympathy,1,85.0
1240,sympathy,2,85.0
1240,sympathy,3,85.0
1240,sympathy,4,85.0
1241,trust,0,75.0
1241,trust,1,75.0
1241,trust,2,75.0
1241,trust,3,75.0
1241,trust,4,75.0
1241,altruism,0,85.0
1241,altruism,1,85.0
1241,altruism,2,85.0
1241,altruism,3,85.0
1241,altruism,4,85.0
1241,cooperation,0,85.0
1241,cooperation,1,85.0
1241,cooperation,2,85.0
1241,cooperation,3,85.0
1241,cooperation,4,85.0
1241,modesty,0,75.0
1241,modesty,1,75.0
1241,modesty,2,75.0
1241,modesty,3,75.0
1241,modesty,4,75.0
1241,sympathy,0,85.0
1241,sympathy,1,85.0
1241,sympathy,2,85.0
1241,sympathy,3,85.0
1241,sympathy,4,85.0
1242,trust,0,75.0
1242,trust,1,75.0
1242,trust,2,75.0
1242,trust,3,75.0
1242,trust,4,75.0
1242,altruism,0,90.0
1242,altruism,1,85.0
1242,altruism,2,85.0
1242,altruism,3,85.0
1242,altruism,4,85.0
1242,cooperation,0,85.0
1242,cooperation,1,85.0
1242,cooperation,2,85.0
1242,cooperation,3,85.0
1242,cooperation,4,85.0
1242,modesty,0,85.0
1242,modesty,1,85.0
1242,modesty,2,85.0
1242,modesty,3,85.0
1242,modesty,4,85.0
1242,sympathy,0,65.0
1242,sympathy,1,65.0
1242,sympathy,2,65.0
1242,sympathy,3,75.0
1242,sympathy,4,65.0
1243,trust,0,90.0
1243,trust,1,85.0
1243,trust,2,85.0
1243,trust,3,90.0
1243,trust,4,90.0
1243,altruism,0,90.0
1243,altruism,1,90.0
1243,altruism,2,85.0
1243,altruism,3,90.0
1243,altruism,4,90.0
1243,cooperation,0,85.0
1243,cooperation,1,85.0
1243,cooperation,2,85.0
1243,cooperation,3,85.0
1243,cooperation,4,85.0
1243,modesty,0,85.0
1243,modesty,1,85.0
1243,modesty,2,75.0
1243,modesty,3,85.0
1243,modesty,4,85.0
1243,sympathy,0,65.0
1243,sympathy,1,65.0
1243,sympathy,2,65.0
1243,sympathy,3,65.0
1243,sympathy,4,65.0
1244,trust,0,75.0
1244,trust,1,75.0
1244,trust,2,75.0
1244,trust,3,75.0
1244,trust,4,75.0
1244,altruism,0,45.0
1244,altruism,1,45.0
1244,altruism,2,45.0
1244,altruism,3,45.0
1244,altruism,4,45.0
1244,cooperation,0,85.0
1244,cooperation,1,85.0
1244,cooperation,2,85.0
1244,cooperation,3,85.0
1244,cooperation,4,85.0
1244,modesty,0,85.0
1244,modesty,1,75.0
1244,modesty,2,85.0
1244,modesty,3,75.0
1244,modesty,4,75.0
1244,sympathy,0,75.0
1244,sympathy,1,75.0
1244,sympathy,2,75.0
1244,sympathy,3,75.0
1244,sympathy,4,75.0
1245,trust,0,85.0
1245,trust,1,85.0
1245,trust,2,85.0
1245,trust,3,85.0
1245,trust,4,75.0
1245,altruism,0,90.0
1245,altruism,1,85.0
1245,altruism,2,90.0
1245,altruism,3,85.0
1245,altruism,4,85.0
1245,cooperation,0,85.0
1245,cooperation,1,85.0
1245,cooperation,2,85.0
1245,cooperation,3,85.0
1245,cooperation,4,85.0
1245,modesty,0,85.0
1245,modesty,1,85.0
1245,modesty,2,85.0
1245,modesty,3,85.0
1245,modesty,4,85.0
1245,sympathy,0,85.0
1245,sympathy,1,85.0
1245,sympathy,2,85.0
1245,sympathy,3,85.0
1245,sympathy,4,85.0
1246,trust,0,75.0
1246,trust,1,70.0
1246,trust,2,75.0
1246,trust,3,65.0
1246,trust,4,65.0
1246,altruism,0,75.0
1246,altruism,1,75.0
1246,altruism,2,75.0
1246,altruism,3,75.0
1246,altruism,4,75.0
1246,cooperation,0,85.0
1246,cooperation,1,85.0
1246,cooperation,2,85.0
1246,cooperation,3,85.0
1246,cooperation,4,85.0
1246,modesty,0,85.0
1246,modesty,1,85.0
1246,modesty,2,85.0
1246,modesty,3,85.0
1246,modesty,4,85.0
1246,sympathy,0,85.0
1246,sympathy,1,85.0
1246,sympathy,2,85.0
1246,sympathy,3,85.0
1246,sympathy,4,85.0
1247,trust,0,70.0
1247,trust,1,70.0
1247,trust,2,75.0
1247,trust,3,70.0
1247,trust,4,70.0
1247,altruism,0,75.0
1247,altruism,1,75.0
1247,altruism,2,75.0
1247,altruism,3,75.0
1247,altruism,4,75.0
1247,cooperation,0,75.0
1247,cooperation,1,75.0
1247,cooperation,2,85.0
1247,cooperation,3,75.0
1247,cooperation,4,75.0
1247,modesty,0,75.0
1247,modesty,1,85.0
1247,modesty,2,85.0
1247,modesty,3,85.0
1247,modesty,4,75.0
1247,sympathy,0,75.0
1247,sympathy,1,75.0
1247,sympathy,2,75.0
1247,sympathy,3,75.0
1247,sympathy,4,75.0
1248,trust,0,85.0
1248,trust,1,75.0
1248,trust,2,75.0
1248,trust,3,85.0
1248,trust,4,75.0
1248,altruism,0,85.0
1248,altruism,1,85.0
1248,altruism,2,85.0
1248,altruism,3,85.0
1248,altruism,4,85.0
1248,cooperation,0,90.0
1248,cooperation,1,90.0
1248,cooperation,2,90.0
1248,cooperation,3,90.0
1248,cooperation,4,90.0
1248,modesty,0,90.0
1248,modesty,1,90.0
1248,modesty,2,90.0
1248,modesty,3,90.0
1248,modesty,4,90.0
1248,sympathy,0,85.0
1248,sympathy,1,85.0
1248,sympathy,2,85.0
1248,sympathy,3,85.0
1248,sympathy,4,85.0
1249,trust,0,75.0
1249,trust,1,85.0
1249,trust,2,75.0
1249,trust,3,75.0
1249,trust,4,75.0
1249,altruism,0,65.0
1249,altruism,1,65.0
1249,altruism,2,65.0
1249,altruism,3,65.0
1249,altruism,4,65.0
1249,cooperation,0,85.0
1249,cooperation,1,85.0
1249,cooperation,2,85.0
1249,cooperation,3,85.0
1249,cooperation,4,85.0
1249,modesty,0,65.0
1249,modesty,1,65.0
1249,modesty,2,65.0
1249,modesty,3,65.0
1249,modesty,4,75.0
1249,sympathy,0,65.0
1249,sympathy,1,65.0
1249,sympathy,2,65.0
1249,sympathy,3,65.0
1249,sympathy,4,65.0
1250,trust,0,85.0
1250,trust,1,85.0
1250,trust,2,85.0
1250,trust,3,85.0
1250,trust,4,85.0
1250,altruism,0,75.0
1250,altruism,1,75.0
1250,altruism,2,75.0
1250,altruism,3,85.0
1250,altruism,4,75.0
1250,cooperation,0,85.0
1250,cooperation,1,85.0
1250,cooperation,2,85.0
1250,cooperation,3,85.0
1250,cooperation,4,85.0
1250,modesty,0,85.0
1250,modesty,1,85.0
1250,modesty,2,85.0
1250,modesty,3,85.0
1250,modesty,4,85.0
1250,sympathy,0,85.0
1250,sympathy,1,75.0
1250,sympathy,2,85.0
1250,sympathy,3,75.0
1250,sympathy,4,75.0
1251,trust,0,45.0
1251,trust,1,65.0
1251,trust,2,45.0
1251,trust,3,45.0
1251,trust,4,45.0
1251,altruism,0,45.0
1251,altruism,1,45.0
1251,altruism,2,45.0
1251,altruism,3,45.0
1251,altruism,4,45.0
1251,cooperation,0,65.0
1251,cooperation,1,65.0
1251,cooperation,2,65.0
1251,cooperation,3,75.0
1251,cooperation,4,65.0
1251,modesty,0,85.0
1251,modesty,1,75.0
1251,modesty,2,75.0
1251,modesty,3,75.0
1251,modesty,4,75.0
1251,sympathy,0,65.0
1251,sympathy,1,45.0
1251,sympathy,2,45.0
1251,sympathy,3,65.0
1251,sympathy,4,45.0
1252,trust,0,75.0
1252,trust,1,65.0
1252,trust,2,65.0
1252,trust,3,65.0
1252,trust,4,65.0
1252,altruism,0,45.0
1252,altruism,1,45.0
1252,altruism,2,65.0
1252,altruism,3,65.0
1252,altruism,4,65.0
1252,cooperation,0,85.0
1252,cooperation,1,85.0
1252,cooperation,2,85.0
1252,cooperation,3,85.0
1252,cooperation,4,85.0
1252,modesty,0,85.0
1252,modesty,1,85.0
1252,modesty,2,85.0
1252,modesty,3,85.0
1252,modesty,4,85.0
1252,sympathy,0,75.0
1252,sympathy,1,75.0
1252,sympathy,2,75.0
1252,sympathy,3,75.0
1252,sympathy,4,75.0
1253,trust,0,75.0
1253,trust,1,70.0
1253,trust,2,75.0
1253,trust,3,75.0
1253,trust,4,75.0
1253,altruism,0,85.0
1253,altruism,1,85.0
1253,altruism,2,85.0
1253,altruism,3,85.0
1253,altruism,4,85.0
1253,cooperation,0,85.0
1253,cooperation,1,85.0
1253,cooperation,2,85.0
1253,cooperation,3,85.0
1253,cooperation,4,85.0
1253,modesty,0,85.0
1253,modesty,1,85.0
1253,modesty,2,85.0
1253,modesty,3,85.0
1253,modesty,4,85.0
1253,sympathy,0,75.0
1253,sympathy,1,75.0
1253,sympathy,2,75.0
1253,sympathy,3,75.0
1253,sympathy,4,75.0
1254,trust,0,85.0
1254,trust,1,75.0
1254,trust,2,75.0
1254,trust,3,75.0
1254,trust,4,75.0
1254,altruism,0,75.0
1254,altruism,1,70.0
1254,altruism,2,70.0
1254,altruism,3,75.0
1254,altruism,4,75.0
1254,cooperation,0,90.0
1254,cooperation,1,90.0
1254,cooperation,2,90.0
1254,cooperation,3,90.0
1254,cooperation,4,90.0
1254,modesty,0,85.0
1254,modesty,1,85.0
1254,modesty,2,85.0
1254,modesty,3,85.0
1254,modesty,4,85.0
1254,sympathy,0,65.0
1254,sympathy,1,65.0
1254,sympathy,2,75.0
1254,sympathy,3,65.0
1254,sympathy,4,75.0
1255,trust,0,75.0
1255,trust,1,75.0
1255,trust,2,75.0
1255,trust,3,75.0
1255,trust,4,75.0
1255,altruism,0,85.0
1255,altruism,1,75.0
1255,altruism,2,85.0
1255,altruism,3,75.0
1255,altruism,4,75.0
1255,cooperation,0,85.0
1255,cooperation,1,85.0
1255,cooperation,2,85.0
1255,cooperation,3,85.0
1255,cooperation,4,85.0
1255,modesty,0,75.0
1255,modesty,1,85.0
1255,modesty,2,75.0
1255,modesty,3,75.0
1255,modesty,4,75.0
1255,sympathy,0,65.0
1255,sympathy,1,65.0
1255,sympathy,2,65.0
1255,sympathy,3,65.0
1255,sympathy,4,65.0
1256,trust,0,85.0
1256,trust,1,85.0
1256,trust,2,85.0
1256,trust,3,85.0
1256,trust,4,85.0
1256,altruism,0,85.0
1256,altruism,1,85.0
1256,altruism,2,85.0
1256,altruism,3,85.0
1256,altruism,4,85.0
1256,cooperation,0,85.0
1256,cooperation,1,85.0
1256,cooperation,2,85.0
1256,cooperation,3,85.0
1256,cooperation,4,85.0
1256,modesty,0,85.0
1256,modesty,1,85.0
1256,modesty,2,85.0
1256,modesty,3,85.0
1256,modesty,4,85.0
1256,sympathy,0,85.0
1256,sympathy,1,85.0
1256,sympathy,2,85.0
1256,sympathy,3,85.0
1256,sympathy,4,85.0
1257,trust,0,85.0
1257,trust,1,85.0
1257,trust,2,85.0
1257,trust,3,85.0
1257,trust,4,85.0
1257,altruism,0,85.0
1257,altruism,1,85.0
1257,altruism,2,85.0
1257,altruism,3,85.0
1257,altruism,4,85.0
1257,cooperation,0,90.0
1257,cooperation,1,90.0
1257,cooperation,2,90.0
1257,cooperation,3,90.0
1257,cooperation,4,90.0
1257,modesty,0,85.0
1257,modesty,1,85.0
1257,modesty,2,85.0
1257,modesty,3,75.0
1257,modesty,4,85.0
1257,sympathy,0,85.0
1257,sympathy,1,85.0
1257,sympathy,2,85.0
1257,sympathy,3,85.0
1257,sympathy,4,85.0
1258,trust,0,85.0
1258,trust,1,85.0
1258,trust,2,90.0
1258,trust,3,85.0
1258,trust,4,90.0
1258,altruism,0,85.0
1258,altruism,1,85.0
1258,altruism,2,90.0
1258,altruism,3,85.0
1258,altruism,4,90.0
1258,cooperation,0,90.0
1258,cooperation,1,90.0
1258,cooperation,2,90.0
1258,cooperation,3,90.0
1258,cooperation,4,90.0
1258,modesty,0,70.0
1258,modesty,1,65.0
1258,modesty,2,70.0
1258,modesty,3,65.0
1258,modesty,4,85.0
1258,sympathy,0,90.0
1258,sympathy,1,90.0
1258,sympathy,2,90.0
1258,sympathy,3,90.0
1258,sympathy,4,90.0
1259,trust,0,85.0
1259,trust,1,85.0
1259,trust,2,75.0
1259,trust,3,85.0
1259,trust,4,85.0
1259,altruism,0,70.0
1259,altruism,1,65.0
1259,altruism,2,75.0
1259,altruism,3,65.0
1259,altruism,4,65.0
1259,cooperation,0,85.0
1259,cooperation,1,85.0
1259,cooperation,2,85.0
1259,cooperation,3,85.0
1259,cooperation,4,85.0
1259,modesty,0,75.0
1259,modesty,1,75.0
1259,modesty,2,75.0
1259,modesty,3,70.0
1259,modesty,4,75.0
1259,sympathy,0,65.0
1259,sympathy,1,45.0
1259,sympathy,2,45.0
1259,sympathy,3,45.0
1259,sympathy,4,45.0
1260,trust,0,20.0
1260,trust,1,25.0
1260,trust,2,25.0
1260,trust,3,25.0
1260,trust,4,25.0
1260,altruism,0,65.0
1260,altruism,1,20.0
1260,altruism,2,65.0
1260,altruism,3,65.0
1260,altruism,4,65.0
1260,cooperation,0,25.0
1260,cooperation,1,25.0
1260,cooperation,2,25.0
1260,cooperation,3,20.0
1260,cooperation,4,25.0
1260,modesty,0,20.0
1260,modesty,1,25.0
1260,modesty,2,25.0
1260,modesty,3,20.0
1260,modesty,4,30.0
1260,sympathy,0,25.0
1260,sympathy,1,25.0
1260,sympathy,2,25.0
1260,sympathy,3,25.0
1260,sympathy,4,25.0
1261,trust,0,0.0
1261,trust,1,0.0
1261,trust,2,0.0
1261,trust,3,0.0
1261,trust,4,0.0
1261,altruism,0,0.0
1261,altruism,1,0.0
1261,altruism,2,0.0
1261,altruism,3,0.0
1261,altruism,4,0.0
1261,cooperation,0,0.0
1261,cooperation,1,0.0
1261,cooperation,2,0.0
1261,cooperation,3,0.0
1261,cooperation,4,0.0
1261,modesty,0,0.0
1261,modesty,1,0.0
1261,modesty,2,0.0
1261,modesty,3,0.0
1261,modesty,4,0.0
1261,sympathy,0,0.0
1261,sympathy,1,0.0
1261,sympathy,2,0.0
1261,sympathy,3,0.0
1261,sympathy,4,0.0
1262,trust,0,0.0
1262,trust,1,0.0
1262,trust,2,0.0
1262,trust,3,0.0
1262,trust,4,0.0
1262,altruism,0,0.0
1262,altruism,1,0.0
1262,altruism,2,25.0
1262,altruism,3,25.0
1262,altruism,4,25.0
1262,cooperation,0,20.0
1262,cooperation,1,20.0
1262,cooperation,2,20.0
1262,cooperation,3,20.0
1262,cooperation,4,20.0
1262,modesty,0,20.0
1262,modesty,1,20.0
1262,modesty,2,20.0
1262,modesty,3,25.0
1262,modesty,4,20.0
1262,sympathy,0,0.0
1262,sympathy,1,0.0
1262,sympathy,2,0.0
1262,sympathy,3,0.0
1262,sympathy,4,0.0
1263,trust,0,25.0
1263,trust,1,25.0
1263,trust,2,25.0
1263,trust,3,25.0
1263,trust,4,25.0
1263,altruism,0,25.0
1263,altruism,1,25.0
1263,altruism,2,25.0
1263,altruism,3,25.0
1263,altruism,4,25.0
1263,cooperation,0,25.0
1263,cooperation,1,25.0
1263,cooperation,2,20.0
1263,cooperation,3,25.0
1263,cooperation,4,20.0
1263,modesty,0,20.0
1263,modesty,1,40.0
1263,modesty,2,20.0
1263,modesty,3,20.0
1263,modesty,4,20.0
1263,sympathy,0,25.0
1263,sympathy,1,0.0
1263,sympathy,2,0.0
1263,sympathy,3,0.0
1263,sympathy,4,0.0
1264,trust,0,25.0
1264,trust,1,25.0
1264,trust,2,25.0
1264,trust,3,25.0
1264,trust,4,25.0
1264,altruism,0,25.0
1264,altruism,1,25.0
1264,altruism,2,25.0
1264,altruism,3,25.0
1264,altruism,4,25.0
1264,cooperation,0,20.0
1264,cooperation,1,20.0
1264,cooperation,2,25.0
1264,cooperation,3,25.0
1264,cooperation,4,20.0
1264,modesty,0,25.0
1264,modesty,1,25.0
1264,modesty,2,25.0
1264,modesty,3,20.0
1264,modesty,4,20.0
1264,sympathy,0,0.0
1264,sympathy,1,25.0
1264,sympathy,2,10.0
1264,sympathy,3,20.0
1264,sympathy,4,20.0
1265,trust,0,45.0
1265,trust,1,45.0
1265,trust,2,45.0
1265,trust,3,45.0
1265,trust,4,45.0
1265,altruism,0,25.0
1265,altruism,1,25.0
1265,altruism,2,25.0
1265,altruism,3,45.0
1265,altruism,4,20.0
1265,cooperation,0,25.0
1265,cooperation,1,25.0
1265,cooperation,2,45.0
1265,cooperation,3,25.0
1265,cooperation,4,25.0
1265,modesty,0,25.0
1265,modesty,1,40.0
1265,modesty,2,25.0
1265,modesty,3,45.0
1265,modesty,4,40.0
1265,sympathy,0,15.0
1265,sympathy,1,15.0
1265,sympathy,2,10.0
1265,sympathy,3,10.0
1265,sympathy,4,15.0
1266,trust,0,25.0
1266,trust,1,25.0
1266,trust,2,25.0
1266,trust,3,25.0
1266,trust,4,25.0
1266,altruism,0,25.0
1266,altruism,1,25.0
1266,altruism,2,25.0
1266,altruism,3,25.0
1266,altruism,4,25.0
1266,cooperation,0,25.0
1266,cooperation,1,25.0
1266,cooperation,2,25.0
1266,cooperation,3,25.0
1266,cooperation,4,25.0
1266,modesty,0,30.0
1266,modesty,1,30.0
1266,modesty,2,20.0
1266,modesty,3,40.0
1266,modesty,4,30.0
1266,sympathy,0,25.0
1266,sympathy,1,25.0
1266,sympathy,2,25.0
1266,sympathy,3,25.0
1266,sympathy,4,25.0
1267,trust,0,25.0
1267,trust,1,25.0
1267,trust,2,25.0
1267,trust,3,25.0
1267,trust,4,25.0
1267,altruism,0,25.0
1267,altruism,1,25.0
1267,altruism,2,25.0
1267,altruism,3,40.0
1267,altruism,4,25.0
1267,cooperation,0,45.0
1267,cooperation,1,25.0
1267,cooperation,2,25.0
1267,cooperation,3,25.0
1267,cooperation,4,45.0
1267,modesty,0,45.0
1267,modesty,1,40.0
1267,modesty,2,65.0
1267,modesty,3,50.0
1267,modesty,4,45.0
1267,sympathy,0,25.0
1267,sympathy,1,25.0
1267,sympathy,2,25.0
1267,sympathy,3,25.0
1267,sympathy,4,25.0
1268,trust,0,45.0
1268,trust,1,45.0
1268,trust,2,45.0
1268,trust,3,40.0
1268,trust,4,45.0
1268,altruism,0,75.0
1268,altruism,1,65.0
1268,altruism,2,65.0
1268,altruism,3,45.0
1268,altruism,4,45.0
1268,cooperation,0,45.0
1268,cooperation,1,45.0
1268,cooperation,2,40.0
1268,cooperation,3,45.0
1268,cooperation,4,45.0
1268,modesty,0,40.0
1268,modesty,1,40.0
1268,modesty,2,40.0
1268,modesty,3,40.0
1268,modesty,4,40.0
1268,sympathy,0,45.0
1268,sympathy,1,45.0
1268,sympathy,2,45.0
1268,sympathy,3,45.0
1268,sympathy,4,45.0
1269,trust,0,25.0
1269,trust,1,25.0
1269,trust,2,25.0
1269,trust,3,45.0
1269,trust,4,45.0
1269,altruism,0,25.0
1269,altruism,1,25.0
1269,altruism,2,25.0
1269,altruism,3,25.0
1269,altruism,4,25.0
1269,cooperation,0,20.0
1269,cooperation,1,20.0
1269,cooperation,2,25.0
1269,cooperation,3,20.0
1269,cooperation,4,20.0
1269,modesty,0,30.0
1269,modesty,1,30.0
1269,modesty,2,30.0
1269,modesty,3,25.0
1269,modesty,4,25.0
1269,sympathy,0,25.0
1269,sympathy,1,25.0
1269,sympathy,2,25.0
1269,sympathy,3,25.0
1269,sympathy,4,25.0
1270,trust,0,45.0
1270,trust,1,45.0
1270,trust,2,45.0
1270,trust,3,45.0
1270,trust,4,45.0
1270,altruism,0,45.0
1270,altruism,1,45.0
1270,altruism,2,45.0
1270,altruism,3,45.0
1270,altruism,4,45.0
1270,cooperation,0,65.0
1270,cooperation,1,65.0
1270,cooperation,2,65.0
1270,cooperation,3,65.0
1270,cooperation,4,65.0
1270,modesty,0,85.0
1270,modesty,1,85.0
1270,modesty,2,85.0
1270,modesty,3,85.0
1270,modesty,4,85.0
1270,sympathy,0,25.0
1270,sympathy,1,25.0
1270,sympathy,2,25.0
1270,sympathy,3,25.0
1270,sympathy,4,25.0
1271,trust,0,0.0
1271,trust,1,0.0
1271,trust,2,0.0
1271,trust,3,0.0
1271,trust,4,0.0
1271,altruism,0,0.0
1271,altruism,1,0.0
1271,altruism,2,0.0
1271,altruism,3,0.0
1271,altruism,4,0.0
1271,cooperation,0,0.0
1271,cooperation,1,0.0
1271,cooperation,2,0.0
1271,cooperation,3,0.0
1271,cooperation,4,0.0
1271,modesty,0,0.0
1271,modesty,1,0.0
1271,modesty,2,0.0
1271,modesty,3,0.0
1271,modesty,4,0.0
1271,sympathy,0,0.0
1271,sympathy,1,0.0
1271,sympathy,2,0.0
1271,sympathy,3,0.0
1271,sympathy,4,0.0
1272,trust,0,40.0
1272,trust,1,25.0
1272,trust,2,25.0
1272,trust,3,25.0
1272,trust,4,25.0
1272,altruism,0,75.0
1272,altruism,1,75.0
1272,altruism,2,75.0
1272,altruism,3,75.0
1272,altruism,4,75.0
1272,cooperation,0,65.0
1272,cooperation,1,65.0
1272,cooperation,2,45.0
1272,cooperation,3,45.0
1272,cooperation,4,45.0
1272,modesty,0,65.0
1272,modesty,1,45.0
1272,modesty,2,45.0
1272,modesty,3,45.0
1272,modesty,4,55.0
1272,sympathy,0,45.0
1272,sympathy,1,45.0
1272,sympathy,2,45.0
1272,sympathy,3,45.0
1272,sympathy,4,45.0
1273,trust,0,25.0
1273,trust,1,20.0
1273,trust,2,0.0
1273,trust,3,20.0
1273,trust,4,0.0
1273,altruism,0,25.0
1273,altruism,1,25.0
1273,altruism,2,25.0
1273,altruism,3,25.0
1273,altruism,4,25.0
1273,cooperation,0,25.0
1273,cooperation,1,25.0
1273,cooperation,2,20.0
1273,cooperation,3,20.0
1273,cooperation,4,25.0
1273,modesty,0,30.0
1273,modesty,1,30.0
1273,modesty,2,25.0
1273,modesty,3,25.0
1273,modesty,4,25.0
1273,sympathy,0,20.0
1273,sympathy,1,0.0
1273,sympathy,2,10.0
1273,sympathy,3,10.0
1273,sympathy,4,0.0
1274,trust,0,0.0
1274,trust,1,0.0
1274,trust,2,0.0
1274,trust,3,0.0
1274,trust,4,0.0
1274,altruism,0,0.0
1274,altruism,1,0.0
1274,altruism,2,0.0
1274,altruism,3,0.0
1274,altruism,4,0.0
1274,cooperation,0,0.0
1274,cooperation,1,0.0
1274,cooperation,2,0.0
1274,cooperation,3,0.0
1274,cooperation,4,0.0
1274,modesty,0,20.0
1274,modesty,1,20.0
1274,modesty,2,20.0
1274,modesty,3,20.0
1274,modesty,4,20.0
1274,sympathy,0,0.0
1274,sympathy,1,0.0
1274,sympathy,2,0.0
1274,sympathy,3,0.0
1274,sympathy,4,0.0
1275,trust,0,0.0
1275,trust,1,0.0
1275,trust,2,0.0
1275,trust,3,0.0
1275,trust,4,0.0
1275,altruism,0,20.0
1275,altruism,1,20.0
1275,altruism,2,20.0
1275,altruism,3,20.0
1275,altruism,4,20.0
1275,cooperation,0,0.0
1275,cooperation,1,0.0
1275,cooperation,2,0.0
1275,cooperation,3,0.0
1275,cooperation,4,0.0
1275,modesty,0,0.0
1275,modesty,1,0.0
1275,modesty,2,0.0
1275,modesty,3,0.0
1275,modesty,4,10.0
1275,sympathy,0,0.0
1275,sympathy,1,0.0
1275,sympathy,2,0.0
1275,sympathy,3,0.0
1275,sympathy,4,0.0
1276,trust,0,25.0
1276,trust,1,25.0
1276,trust,2,25.0
1276,trust,3,25.0
1276,trust,4,25.0
1276,altruism,0,25.0
1276,altruism,1,25.0
1276,altruism,2,25.0
1276,altruism,3,25.0
1276,altruism,4,25.0
1276,cooperation,0,20.0
1276,cooperation,1,20.0
1276,cooperation,2,20.0
1276,cooperation,3,25.0
1276,cooperation,4,20.0
1276,modesty,0,20.0
1276,modesty,1,20.0
1276,modesty,2,25.0
1276,modesty,3,20.0
1276,modesty,4,20.0
1276,sympathy,0,20.0
1276,sympathy,1,20.0
1276,sympathy,2,20.0
1276,sympathy,3,20.0
1276,sympathy,4,0.0
1277,trust,0,20.0
1277,trust,1,20.0
1277,trust,2,20.0
1277,trust,3,20.0
1277,trust,4,20.0
1277,altruism,0,0.0
1277,altruism,1,0.0
1277,altruism,2,0.0
1277,altruism,3,0.0
1277,altruism,4,0.0
1277,cooperation,0,20.0
1277,cooperation,1,20.0
1277,cooperation,2,20.0
1277,cooperation,3,20.0
1277,cooperation,4,20.0
1277,modesty,0,20.0
1277,modesty,1,10.0
1277,modesty,2,20.0
1277,modesty,3,20.0
1277,modesty,4,25.0
1277,sympathy,0,0.0
1277,sympathy,1,0.0
1277,sympathy,2,0.0
1277,sympathy,3,0.0
1277,sympathy,4,0.0
1278,trust,0,0.0
1278,trust,1,0.0
1278,trust,2,20.0
1278,trust,3,0.0
1278,trust,4,0.0
1278,altruism,0,40.0
1278,altruism,1,25.0
1278,altruism,2,40.0
1278,altruism,3,25.0
1278,altruism,4,25.0
1278,cooperation,0,25.0
1278,cooperation,1,20.0
1278,cooperation,2,20.0
1278,cooperation,3,20.0
1278,cooperation,4,20.0
1278,modesty,0,20.0
1278,modesty,1,20.0
1278,modesty,2,20.0
1278,modesty,3,20.0
1278,modesty,4,20.0
1278,sympathy,0,20.0
1278,sympathy,1,0.0
1278,sympathy,2,0.0
1278,sympathy,3,0.0
1278,sympathy,4,0.0
1279,trust,0,25.0
1279,trust,1,25.0
1279,trust,2,25.0
1279,trust,3,25.0
1279,trust,4,25.0
1279,altruism,0,45.0
1279,altruism,1,40.0
1279,altruism,2,40.0
1279,altruism,3,45.0
1279,altruism,4,40.0
1279,cooperation,0,45.0
1279,cooperation,1,45.0
1279,cooperation,2,45.0
1279,cooperation,3,40.0
1279,cooperation,4,45.0
1279,modesty,0,40.0
1279,modesty,1,25.0
1279,modesty,2,45.0
1279,modesty,3,45.0
1279,modesty,4,45.0
1279,sympathy,0,25.0
1279,sympathy,1,25.0
1279,sympathy,2,30.0
1279,sympathy,3,25.0
1279,sympathy,4,25.0
1280,trust,0,10.0
1280,trust,1,0.0
1280,trust,2,0.0
1280,trust,3,0.0
1280,trust,4,10.0
1280,altruism,0,25.0
1280,altruism,1,25.0
1280,altruism,2,25.0
1280,altruism,3,25.0
1280,altruism,4,25.0
1280,cooperation,0,0.0
1280,cooperation,1,20.0
1280,cooperation,2,20.0
1280,cooperation,3,20.0
1280,cooperation,4,20.0
1280,modesty,0,25.0
1280,modesty,1,25.0
1280,modesty,2,25.0
1280,modesty,3,25.0
1280,modesty,4,25.0
1280,sympathy,0,0.0
1280,sympathy,1,0.0
1280,sympathy,2,0.0
1280,sympathy,3,0.0
1280,sympathy,4,0.0
1281,trust,0,0.0
1281,trust,1,25.0
1281,trust,2,25.0
1281,trust,3,0.0
1281,trust,4,0.0
1281,altruism,0,25.0
1281,altruism,1,20.0
1281,altruism,2,25.0
1281,altruism,3,25.0
1281,altruism,4,20.0
1281,cooperation,0,20.0
1281,cooperation,1,20.0
1281,cooperation,2,20.0
1281,cooperation,3,20.0
1281,cooperation,4,20.0
1281,modesty,0,20.0
1281,modesty,1,20.0
1281,modesty,2,20.0
1281,modesty,3,20.0
1281,modesty,4,20.0
1281,sympathy,0,25.0
1281,sympathy,1,25.0
1281,sympathy,2,25.0
1281,sympathy,3,25.0
1281,sympathy,4,25.0
1282,trust,0,20.0
1282,trust,1,15.0
1282,trust,2,10.0
1282,trust,3,10.0
1282,trust,4,15.0
1282,altruism,0,25.0
1282,altruism,1,25.0
1282,altruism,2,25.0
1282,altruism,3,25.0
1282,altruism,4,25.0
1282,cooperation,0,25.0
1282,cooperation,1,25.0
1282,cooperation,2,25.0
1282,cooperation,3,25.0
1282,cooperation,4,25.0
1282,modesty,0,25.0
1282,modesty,1,30.0
1282,modesty,2,30.0
1282,modesty,3,25.0
1282,modesty,4,30.0
1282,sympathy,0,0.0
1282,sympathy,1,0.0
1282,sympathy,2,0.0
1282,sympathy,3,0.0
1282,sympathy,4,0.0
1283,trust,0,45.0
1283,trust,1,45.0
1283,trust,2,45.0
1283,trust,3,45.0
1283,trust,4,45.0
1283,altruism,0,45.0
1283,altruism,1,45.0
1283,altruism,2,45.0
1283,altruism,3,45.0
1283,altruism,4,45.0
1283,cooperation,0,45.0
1283,cooperation,1,45.0
1283,cooperation,2,45.0
1283,cooperation,3,45.0
1283,cooperation,4,45.0
1283,modesty,0,45.0
1283,modesty,1,45.0
1283,modesty,2,45.0
1283,modesty,3,45.0
1283,modesty,4,45.0
1283,sympathy,0,25.0
1283,sympathy,1,25.0
1283,sympathy,2,25.0
1283,sympathy,3,25.0
1283,sympathy,4,25.0
1284,trust,0,20.0
1284,trust,1,20.0
1284,trust,2,20.0
1284,trust,3,15.0
1284,trust,4,25.0
1284,altruism,0,0.0
1284,altruism,1,0.0
1284,altruism,2,0.0
1284,altruism,3,0.0
1284,altruism,4,0.0
1284,cooperation,0,20.0
1284,cooperation,1,20.0
1284,cooperation,2,25.0
1284,cooperation,3,20.0
1284,cooperation,4,20.0
1284,modesty,0,25.0
1284,modesty,1,25.0
1284,modesty,2,20.0
1284,modesty,3,20.0
1284,modesty,4,20.0
1284,sympathy,0,0.0
1284,sympathy,1,0.0
1284,sympathy,2,0.0
1284,sympathy,3,10.0
1284,sympathy,4,0.0
1285,trust,0,45.0
1285,trust,1,45.0
1285,trust,2,45.0
1285,trust,3,45.0
1285,trust,4,45.0
1285,altruism,0,45.0
1285,altruism,1,45.0
1285,altruism,2,45.0
1285,altruism,3,45.0
1285,altruism,4,45.0
1285,cooperation,0,45.0
1285,cooperation,1,45.0
1285,cooperation,2,45.0
1285,cooperation,3,45.0
1285,cooperation,4,45.0
1285,modesty,0,45.0
1285,modesty,1,45.0
1285,modesty,2,45.0
1285,modesty,3,45.0
1285,modesty,4,45.0
1285,sympathy,0,25.0
1285,sympathy,1,45.0
1285,sympathy,2,45.0
1285,sympathy,3,45.0
1285,sympathy,4,45.0
1286,trust,0,25.0
1286,trust,1,20.0
1286,trust,2,20.0
1286,trust,3,20.0
1286,trust,4,20.0
1286,altruism,0,25.0
1286,altruism,1,25.0
1286,altruism,2,25.0
1286,altruism,3,25.0
1286,altruism,4,25.0
1286,cooperation,0,25.0
1286,cooperation,1,25.0
1286,cooperation,2,25.0
1286,cooperation,3,25.0
1286,cooperation,4,25.0
1286,modesty,0,25.0
1286,modesty,1,25.0
1286,modesty,2,25.0
1286,modesty,3,25.0
1286,modesty,4,25.0
1286,sympathy,0,25.0
1286,sympathy,1,20.0
1286,sympathy,2,25.0
1286,sympathy,3,25.0
1286,sympathy,4,25.0
1287,trust,0,25.0
1287,trust,1,0.0
1287,trust,2,0.0
1287,trust,3,0.0
1287,trust,4,0.0
1287,altruism,0,25.0
1287,altruism,1,25.0
1287,altruism,2,25.0
1287,altruism,3,25.0
1287,altruism,4,25.0
1287,cooperation,0,20.0
1287,cooperation,1,20.0
1287,cooperation,2,20.0
1287,cooperation,3,20.0
1287,cooperation,4,20.0
1287,modesty,0,25.0
1287,modesty,1,25.0
1287,modesty,2,25.0
1287,modesty,3,25.0
1287,modesty,4,25.0
1287,sympathy,0,0.0
1287,sympathy,1,0.0
1287,sympathy,2,20.0
1287,sympathy,3,0.0
1287,sympathy,4,0.0
1288,trust,0,20.0
1288,trust,1,15.0
1288,trust,2,15.0
1288,trust,3,20.0
1288,trust,4,20.0
1288,altruism,0,25.0
1288,altruism,1,20.0
1288,altruism,2,25.0
1288,altruism,3,25.0
1288,altruism,4,25.0
1288,cooperation,0,0.0
1288,cooperation,1,0.0
1288,cooperation,2,20.0
1288,cooperation,3,0.0
1288,cooperation,4,0.0
1288,modesty,0,0.0
1288,modesty,1,0.0
1288,modesty,2,0.0
1288,modesty,3,0.0
1288,modesty,4,0.0
1288,sympathy,0,0.0
1288,sympathy,1,0.0
1288,sympathy,2,0.0
1288,sympathy,3,0.0
1288,sympathy,4,0.0
1289,trust,0,20.0
1289,trust,1,15.0
1289,trust,2,0.0
1289,trust,3,15.0
1289,trust,4,20.0
1289,altruism,0,25.0
1289,altruism,1,25.0
1289,altruism,2,25.0
1289,altruism,3,25.0
1289,altruism,4,25.0
1289,cooperation,0,0.0
1289,cooperation,1,0.0
1289,cooperation,2,0.0
1289,cooperation,3,0.0
1289,cooperation,4,0.0
1289,modesty,0,25.0
1289,modesty,1,25.0
1289,modesty,2,20.0
1289,modesty,3,25.0
1289,modesty,4,20.0
1289,sympathy,0,0.0
1289,sympathy,1,10.0
1289,sympathy,2,0.0
1289,sympathy,3,10.0
1289,sympathy,4,0.0
1290,trust,0,85.0
1290,trust,1,85.0
1290,trust,2,85.0
1290,trust,3,85.0
1290,trust,4,85.0
1290,altruism,0,65.0
1290,altruism,1,75.0
1290,altruism,2,65.0
1290,altruism,3,75.0
1290,altruism,4,75.0
1290,cooperation,0,85.0
1290,cooperation,1,85.0
1290,cooperation,2,85.0
1290,cooperation,3,85.0
1290,cooperation,4,85.0
1290,modesty,0,45.0
1290,modesty,1,30.0
1290,modesty,2,25.0
1290,modesty,3,45.0
1290,modesty,4,45.0
1290,sympathy,0,85.0
1290,sympathy,1,85.0
1290,sympathy,2,85.0
1290,sympathy,3,85.0
1290,sympathy,4,90.0
1291,trust,0,85.0
1291,trust,1,90.0
1291,trust,2,90.0
1291,trust,3,85.0
1291,trust,4,90.0
1291,altruism,0,85.0
1291,altruism,1,85.0
1291,altruism,2,85.0
1291,altruism,3,90.0
1291,altruism,4,85.0
1291,cooperation,0,90.0
1291,cooperation,1,95.0
1291,cooperation,2,90.0
1291,cooperation,3,95.0
1291,cooperation,4,90.0
1291,modesty,0,90.0
1291,modesty,1,85.0
1291,modesty,2,85.0
1291,modesty,3,85.0
1291,modesty,4,85.0
1291,sympathy,0,85.0
1291,sympathy,1,85.0
1291,sympathy,2,85.0
1291,sympathy,3,85.0
1291,sympathy,4,85.0
1292,trust,0,85.0
1292,trust,1,85.0
1292,trust,2,85.0
1292,trust,3,85.0
1292,trust,4,85.0
1292,altruism,0,45.0
1292,altruism,1,45.0
1292,altruism,2,45.0
1292,altruism,3,45.0
1292,altruism,4,45.0
1292,cooperation,0,65.0
1292,cooperation,1,65.0
1292,cooperation,2,65.0
1292,cooperation,3,65.0
1292,cooperation,4,65.0
1292,modesty,0,25.0
1292,modesty,1,25.0
1292,modesty,2,25.0
1292,modesty,3,25.0
1292,modesty,4,25.0
1292,sympathy,0,45.0
1292,sympathy,1,45.0
1292,sympathy,2,45.0
1292,sympathy,3,45.0
1292,sympathy,4,45.0
1293,trust,0,85.0
1293,trust,1,75.0
1293,trust,2,75.0
1293,trust,3,75.0
1293,trust,4,75.0
1293,altruism,0,65.0
1293,altruism,1,65.0
1293,altruism,2,65.0
1293,altruism,3,65.0
1293,altruism,4,65.0
1293,cooperation,0,85.0
1293,cooperation,1,90.0
1293,cooperation,2,85.0
1293,cooperation,3,90.0
1293,cooperation,4,85.0
1293,modesty,0,65.0
1293,modesty,1,60.0
1293,modesty,2,65.0
1293,modesty,3,65.0
1293,modesty,4,45.0
1293,sympathy,0,75.0
1293,sympathy,1,75.0
1293,sympathy,2,75.0
1293,sympathy,3,75.0
1293,sympathy,4,65.0
1294,trust,0,85.0
1294,trust,1,85.0
1294,trust,2,85.0
1294,trust,3,85.0
1294,trust,4,85.0
1294,altruism,0,65.0
1294,altruism,1,65.0
1294,altruism,2,65.0
1294,altruism,3,65.0
1294,altruism,4,65.0
1294,cooperation,0,85.0
1294,cooperation,1,85.0
1294,cooperation,2,85.0
1294,cooperation,3,85.0
1294,cooperation,4,85.0
1294,modesty,0,75.0
1294,modesty,1,85.0
1294,modesty,2,65.0
1294,modesty,3,65.0
1294,modesty,4,75.0
1294,sympathy,0,85.0
1294,sympathy,1,85.0
1294,sympathy,2,85.0
1294,sympathy,3,85.0
1294,sympathy,4,85.0
1295,trust,0,85.0
1295,trust,1,85.0
1295,trust,2,85.0
1295,trust,3,85.0
1295,trust,4,85.0
1295,altruism,0,85.0
1295,altruism,1,75.0
1295,altruism,2,85.0
1295,altruism,3,85.0
1295,altruism,4,75.0
1295,cooperation,0,85.0
1295,cooperation,1,75.0
1295,cooperation,2,85.0
1295,cooperation,3,75.0
1295,cooperation,4,85.0
1295,modesty,0,65.0
1295,modesty,1,65.0
1295,modesty,2,75.0
1295,modesty,3,85.0
1295,modesty,4,65.0
1295,sympathy,0,65.0
1295,sympathy,1,75.0
1295,sympathy,2,65.0
1295,sympathy,3,75.0
1295,sympathy,4,75.0
1296,trust,0,35.0
1296,trust,1,35.0
1296,trust,2,35.0
1296,trust,3,25.0
1296,trust,4,35.0
1296,altruism,0,45.0
1296,altruism,1,45.0
1296,altruism,2,45.0
1296,altruism,3,35.0
1296,altruism,4,45.0
1296,cooperation,0,85.0
1296,cooperation,1,85.0
1296,cooperation,2,85.0
1296,cooperation,3,85.0
1296,cooperation,4,85.0
1296,modesty,0,45.0
1296,modesty,1,55.0
1296,modesty,2,65.0
1296,modesty,3,45.0
1296,modesty,4,40.0
1296,sympathy,0,85.0
1296,sympathy,1,85.0
1296,sympathy,2,85.0
1296,sympathy,3,85.0
1296,sympathy,4,85.0
1297,trust,0,95.0
1297,trust,1,90.0
1297,trust,2,90.0
1297,trust,3,90.0
1297,trust,4,90.0
1297,altruism,0,85.0
1297,altruism,1,85.0
1297,altruism,2,85.0
1297,altruism,3,85.0
1297,altruism,4,90.0
1297,cooperation,0,90.0
1297,cooperation,1,90.0
1297,cooperation,2,90.0
1297,cooperation,3,90.0
1297,cooperation,4,90.0
1297,modesty,0,90.0
1297,modesty,1,85.0
1297,modesty,2,85.0
1297,modesty,3,90.0
1297,modesty,4,85.0
1297,sympathy,0,90.0
1297,sympathy,1,90.0
1297,sympathy,2,90.0
1297,sympathy,3,90.0
1297,sympathy,4,90.0
1298,trust,0,85.0
1298,trust,1,85.0
1298,trust,2,85.0
1298,trust,3,85.0
1298,trust,4,85.0
1298,altruism,0,85.0
1298,altruism,1,85.0
1298,altruism,2,85.0
1298,altruism,3,85.0
1298,altruism,4,85.0
1298,cooperation,0,75.0
1298,cooperation,1,70.0
1298,cooperation,2,75.0
1298,cooperation,3,75.0
1298,cooperation,4,75.0
1298,modesty,0,45.0
1298,modesty,1,40.0
1298,modesty,2,40.0
1298,modesty,3,40.0
1298,modesty,4,40.0
1298,sympathy,0,90.0
1298,sympathy,1,85.0
1298,sympathy,2,85.0
1298,sympathy,3,85.0
1298,sympathy,4,85.0
1299,trust,0,95.0
1299,trust,1,95.0
1299,trust,2,95.0
1299,trust,3,90.0
1299,trust,4,95.0
1299,altruism,0,95.0
1299,altruism,1,95.0
1299,altruism,2,95.0
1299,altruism,3,95.0
1299,altruism,4,95.0
1299,cooperation,0,95.0
1299,cooperation,1,95.0
1299,cooperation,2,95.0
1299,cooperation,3,95.0
1299,cooperation,4,95.0
1299,modesty,0,95.0
1299,modesty,1,95.0
1299,modesty,2,90.0
1299,modesty,3,95.0
1299,modesty,4,90.0
1299,sympathy,0,95.0
1299,sympathy,1,95.0
1299,sympathy,2,95.0
1299,sympathy,3,95.0
1299,sympathy,4,95.0
1300,trust,0,95.0
1300,trust,1,95.0
1300,trust,2,95.0
1300,trust,3,95.0
1300,trust,4,85.0
1300,altruism,0,95.0
1300,altruism,1,95.0
1300,altruism,2,95.0
1300,altruism,3,95.0
1300,altruism,4,95.0
1300,cooperation,0,65.0
1300,cooperation,1,90.0
1300,cooperation,2,85.0
1300,cooperation,3,90.0
1300,cooperation,4,85.0
1300,modesty,0,20.0
1300,modesty,1,0.0
1300,modesty,2,20.0
1300,modesty,3,20.0
1300,modesty,4,40.0
1300,sympathy,0,95.0
1300,sympathy,1,95.0
1300,sympathy,2,95.0
1300,sympathy,3,95.0
1300,sympathy,4,95.0
1301,trust,0,85.0
1301,trust,1,90.0
1301,trust,2,85.0
1301,trust,3,85.0
1301,trust,4,90.0
1301,altruism,0,90.0
1301,altruism,1,90.0
1301,altruism,2,90.0
1301,altruism,3,90.0
1301,altruism,4,90.0
1301,cooperation,0,85.0
1301,cooperation,1,85.0
1301,cooperation,2,85.0
1301,cooperation,3,90.0
1301,cooperation,4,85.0
1301,modesty,0,65.0
1301,modesty,1,65.0
1301,modesty,2,65.0
1301,modesty,3,65.0
1301,modesty,4,65.0
1301,sympathy,0,95.0
1301,sympathy,1,90.0
1301,sympathy,2,95.0
1301,sympathy,3,90.0
1301,sympathy,4,90.0
1302,trust,0,85.0
1302,trust,1,85.0
1302,trust,2,85.0
1302,trust,3,85.0
1302,trust,4,85.0
1302,altruism,0,90.0
1302,altruism,1,90.0
1302,altruism,2,90.0
1302,altruism,3,90.0
1302,altruism,4,90.0
1302,cooperation,0,95.0
1302,cooperation,1,95.0
1302,cooperation,2,95.0
1302,cooperation,3,90.0
1302,cooperation,4,90.0
1302,modesty,0,85.0
1302,modesty,1,85.0
1302,modesty,2,85.0
1302,modesty,3,85.0
1302,modesty,4,85.0
1302,sympathy,0,95.0
1302,sympathy,1,95.0
1302,sympathy,2,90.0
1302,sympathy,3,95.0
1302,sympathy,4,95.0
1303,trust,0,85.0
1303,trust,1,85.0
1303,trust,2,85.0
1303,trust,3,85.0
1303,trust,4,85.0
1303,altruism,0,90.0
1303,altruism,1,90.0
1303,altruism,2,90.0
1303,altruism,3,90.0
1303,altruism,4,90.0
1303,cooperation,0,95.0
1303,cooperation,1,90.0
1303,cooperation,2,90.0
1303,cooperation,3,90.0
1303,cooperation,4,90.0
1303,modesty,0,85.0
1303,modesty,1,85.0
1303,modesty,2,85.0
1303,modesty,3,85.0
1303,modesty,4,85.0
1303,sympathy,0,90.0
1303,sympathy,1,85.0
1303,sympathy,2,90.0
1303,sympathy,3,85.0
1303,sympathy,4,85.0
1304,trust,0,45.0
1304,trust,1,65.0
1304,trust,2,65.0
1304,trust,3,45.0
1304,trust,4,45.0
1304,altruism,0,65.0
1304,altruism,1,65.0
1304,altruism,2,65.0
1304,altruism,3,65.0
1304,altruism,4,75.0
1304,cooperation,0,85.0
1304,cooperation,1,85.0
1304,cooperation,2,85.0
1304,cooperation,3,85.0
1304,cooperation,4,85.0
1304,modesty,0,65.0
1304,modesty,1,70.0
1304,modesty,2,65.0
1304,modesty,3,65.0
1304,modesty,4,65.0
1304,sympathy,0,75.0
1304,sympathy,1,75.0
1304,sympathy,2,85.0
1304,sympathy,3,85.0
1304,sympathy,4,75.0
1305,trust,0,90.0
1305,trust,1,90.0
1305,trust,2,85.0
1305,trust,3,85.0
1305,trust,4,90.0
1305,altruism,0,90.0
1305,altruism,1,90.0
1305,altruism,2,90.0
1305,altruism,3,90.0
1305,altruism,4,90.0
1305,cooperation,0,90.0
1305,cooperation,1,85.0
1305,cooperation,2,90.0
1305,cooperation,3,90.0
1305,cooperation,4,90.0
1305,modesty,0,65.0
1305,modesty,1,65.0
1305,modesty,2,85.0
1305,modesty,3,65.0
1305,modesty,4,65.0
1305,sympathy,0,90.0
1305,sympathy,1,90.0
1305,sympathy,2,90.0
1305,sympathy,3,90.0
1305,sympathy,4,90.0
1306,trust,0,90.0
1306,trust,1,85.0
1306,trust,2,85.0
1306,trust,3,85.0
1306,trust,4,90.0
1306,altruism,0,85.0
1306,altruism,1,85.0
1306,altruism,2,85.0
1306,altruism,3,85.0
1306,altruism,4,85.0
1306,cooperation,0,85.0
1306,cooperation,1,85.0
1306,cooperation,2,90.0
1306,cooperation,3,85.0
1306,cooperation,4,85.0
1306,modesty,0,85.0
1306,modesty,1,65.0
1306,modesty,2,85.0
1306,modesty,3,70.0
1306,modesty,4,85.0
1306,sympathy,0,90.0
1306,sympathy,1,85.0
1306,sympathy,2,85.0
1306,sympathy,3,85.0
1306,sympathy,4,85.0
1307,trust,0,85.0
1307,trust,1,90.0
1307,trust,2,85.0
1307,trust,3,85.0
1307,trust,4,85.0
1307,altruism,0,95.0
1307,altruism,1,95.0
1307,altruism,2,95.0
1307,altruism,3,95.0
1307,altruism,4,95.0
1307,cooperation,0,85.0
1307,cooperation,1,90.0
1307,cooperation,2,85.0
1307,cooperation,3,85.0
1307,cooperation,4,90.0
1307,modesty,0,85.0
1307,modesty,1,85.0
1307,modesty,2,85.0
1307,modesty,3,85.0
1307,modesty,4,85.0
1307,sympathy,0,95.0
1307,sympathy,1,95.0
1307,sympathy,2,95.0
1307,sympathy,3,95.0
1307,sympathy,4,95.0
1308,trust,0,85.0
1308,trust,1,85.0
1308,trust,2,85.0
1308,trust,3,85.0
1308,trust,4,90.0
1308,altruism,0,90.0
1308,altruism,1,95.0
1308,altruism,2,90.0
1308,altruism,3,95.0
1308,altruism,4,95.0
1308,cooperation,0,85.0
1308,cooperation,1,85.0
1308,cooperation,2,85.0
1308,cooperation,3,85.0
1308,cooperation,4,90.0
1308,modesty,0,65.0
1308,modesty,1,65.0
1308,modesty,2,85.0
1308,modesty,3,85.0
1308,modesty,4,85.0
1308,sympathy,0,90.0
1308,sympathy,1,95.0
1308,sympathy,2,90.0
1308,sympathy,3,90.0
1308,sympathy,4,90.0
1309,trust,0,85.0
1309,trust,1,85.0
1309,trust,2,85.0
1309,trust,3,85.0
1309,trust,4,85.0
1309,altruism,0,75.0
1309,altruism,1,85.0
1309,altruism,2,75.0
1309,altruism,3,75.0
1309,altruism,4,85.0
1309,cooperation,0,85.0
1309,cooperation,1,85.0
1309,cooperation,2,85.0
1309,cooperation,3,85.0
1309,cooperation,4,85.0
1309,modesty,0,85.0
1309,modesty,1,85.0
1309,modesty,2,85.0
1309,modesty,3,85.0
1309,modesty,4,85.0
1309,sympathy,0,85.0
1309,sympathy,1,85.0
1309,sympathy,2,85.0
1309,sympathy,3,85.0
1309,sympathy,4,85.0
1310,trust,0,85.0
1310,trust,1,85.0
1310,trust,2,85.0
1310,trust,3,85.0
1310,trust,4,85.0
1310,altruism,0,65.0
1310,altruism,1,45.0
1310,altruism,2,65.0
1310,altruism,3,65.0
1310,altruism,4,45.0
1310,cooperation,0,90.0
1310,cooperation,1,85.0
1310,cooperation,2,85.0
1310,cooperation,3,85.0
1310,cooperation,4,85.0
1310,modesty,0,65.0
1310,modesty,1,65.0
1310,modesty,2,85.0
1310,modesty,3,85.0
1310,modesty,4,85.0
1310,sympathy,0,85.0
1310,sympathy,1,85.0
1310,sympathy,2,90.0
1310,sympathy,3,90.0
1310,sympathy,4,85.0
1311,trust,0,85.0
1311,trust,1,85.0
1311,trust,2,85.0
1311,trust,3,85.0
1311,trust,4,85.0
1311,altruism,0,65.0
1311,altruism,1,65.0
1311,altruism,2,65.0
1311,altruism,3,65.0
1311,altruism,4,65.0
1311,cooperation,0,65.0
1311,cooperation,1,65.0
1311,cooperation,2,65.0
1311,cooperation,3,65.0
1311,cooperation,4,85.0
1311,modesty,0,45.0
1311,modesty,1,45.0
1311,modesty,2,85.0
1311,modesty,3,85.0
1311,modesty,4,85.0
1311,sympathy,0,75.0
1311,sympathy,1,75.0
1311,sympathy,2,75.0
1311,sympathy,3,75.0
1311,sympathy,4,65.0
1312,trust,0,25.0
1312,trust,1,45.0
1312,trust,2,45.0
1312,trust,3,45.0
1312,trust,4,25.0
1312,altruism,0,40.0
1312,altruism,1,45.0
1312,altruism,2,45.0
1312,altruism,3,25.0
1312,altruism,4,45.0
1312,cooperation,0,45.0
1312,cooperation,1,45.0
1312,cooperation,2,45.0
1312,cooperation,3,65.0
1312,cooperation,4,45.0
1312,modesty,0,45.0
1312,modesty,1,45.0
1312,modesty,2,45.0
1312,modesty,3,45.0
1312,modesty,4,45.0
1312,sympathy,0,75.0
1312,sympathy,1,75.0
1312,sympathy,2,75.0
1312,sympathy,3,85.0
1312,sympathy,4,85.0
1313,trust,0,85.0
1313,trust,1,90.0
1313,trust,2,85.0
1313,trust,3,90.0
1313,trust,4,90.0
1313,altruism,0,90.0
1313,altruism,1,90.0
1313,altruism,2,90.0
1313,altruism,3,95.0
1313,altruism,4,90.0
1313,cooperation,0,90.0
1313,cooperation,1,95.0
1313,cooperation,2,90.0
1313,cooperation,3,90.0
1313,cooperation,4,90.0
1313,modesty,0,85.0
1313,modesty,1,75.0
1313,modesty,2,75.0
1313,modesty,3,85.0
1313,modesty,4,85.0
1313,sympathy,0,90.0
1313,sympathy,1,90.0
1313,sympathy,2,90.0
1313,sympathy,3,90.0
1313,sympathy,4,90.0
1314,trust,0,85.0
1314,trust,1,85.0
1314,trust,2,85.0
1314,trust,3,85.0
1314,trust,4,85.0
1314,altruism,0,75.0
1314,altruism,1,75.0
1314,altruism,2,75.0
1314,altruism,3,75.0
1314,altruism,4,75.0
1314,cooperation,0,90.0
1314,cooperation,1,90.0
1314,cooperation,2,90.0
1314,cooperation,3,90.0
1314,cooperation,4,90.0
1314,modesty,0,85.0
1314,modesty,1,85.0
1314,modesty,2,90.0
1314,modesty,3,85.0
1314,modesty,4,85.0
1314,sympathy,0,85.0
1314,sympathy,1,85.0
1314,sympathy,2,85.0
1314,sympathy,3,85.0
1314,sympathy,4,85.0
1315,trust,0,85.0
1315,trust,1,85.0
1315,trust,2,85.0
1315,trust,3,85.0
1315,trust,4,85.0
1315,altruism,0,65.0
1315,altruism,1,65.0
1315,altruism,2,65.0
1315,altruism,3,65.0
1315,altruism,4,65.0
1315,cooperation,0,90.0
1315,cooperation,1,90.0
1315,cooperation,2,90.0
1315,cooperation,3,90.0
1315,cooperation,4,85.0
1315,modesty,0,90.0
1315,modesty,1,85.0
1315,modesty,2,85.0
1315,modesty,3,85.0
1315,modesty,4,85.0
1315,sympathy,0,85.0
1315,sympathy,1,85.0
1315,sympathy,2,85.0
1315,sympathy,3,85.0
1315,sympathy,4,85.0
1316,trust,0,95.0
1316,trust,1,90.0
1316,trust,2,95.0
1316,trust,3,90.0
1316,trust,4,90.0
1316,altruism,0,95.0
1316,altruism,1,95.0
1316,altruism,2,95.0
1316,altruism,3,95.0
1316,altruism,4,95.0
1316,cooperation,0,95.0
1316,cooperation,1,95.0
1316,cooperation,2,85.0
1316,cooperation,3,95.0
1316,cooperation,4,95.0
1316,modesty,0,20.0
1316,modesty,1,20.0
1316,modesty,2,25.0
1316,modesty,3,25.0
1316,modesty,4,20.0
1316,sympathy,0,95.0
1316,sympathy,1,95.0
1316,sympathy,2,95.0
1316,sympathy,3,95.0
1316,sympathy,4,95.0
1317,trust,0,85.0
1317,trust,1,90.0
1317,trust,2,90.0
1317,trust,3,90.0
1317,trust,4,90.0
1317,altruism,0,95.0
1317,altruism,1,95.0
1317,altruism,2,95.0
1317,altruism,3,95.0
1317,altruism,4,95.0
1317,cooperation,0,90.0
1317,cooperation,1,90.0
1317,cooperation,2,85.0
1317,cooperation,3,85.0
1317,cooperation,4,85.0
1317,modesty,0,45.0
1317,modesty,1,45.0
1317,modesty,2,45.0
1317,modesty,3,45.0
1317,modesty,4,45.0
1317,sympathy,0,95.0
1317,sympathy,1,95.0
1317,sympathy,2,95.0
1317,sympathy,3,95.0
1317,sympathy,4,95.0
1318,trust,0,95.0
1318,trust,1,90.0
1318,trust,2,90.0
1318,trust,3,90.0
1318,trust,4,90.0
1318,altruism,0,95.0
1318,altruism,1,95.0
1318,altruism,2,95.0
1318,altruism,3,95.0
1318,altruism,4,95.0
1318,cooperation,0,95.0
1318,cooperation,1,95.0
1318,cooperation,2,95.0
1318,cooperation,3,95.0
1318,cooperation,4,95.0
1318,modesty,0,85.0
1318,modesty,1,85.0
1318,modesty,2,85.0
1318,modesty,3,85.0
1318,modesty,4,75.0
1318,sympathy,0,95.0
1318,sympathy,1,95.0
1318,sympathy,2,95.0
1318,sympathy,3,95.0
1318,sympathy,4,95.0
1319,trust,0,85.0
1319,trust,1,85.0
1319,trust,2,85.0
1319,trust,3,85.0
1319,trust,4,85.0
1319,altruism,0,85.0
1319,altruism,1,85.0
1319,altruism,2,85.0
1319,altruism,3,85.0
1319,altruism,4,85.0
1319,cooperation,0,85.0
1319,cooperation,1,85.0
1319,cooperation,2,85.0
1319,cooperation,3,85.0
1319,cooperation,4,85.0
1319,modesty,0,85.0
1319,modesty,1,85.0
1319,modesty,2,65.0
1319,modesty,3,85.0
1319,modesty,4,85.0
1319,sympathy,0,85.0
1319,sympathy,1,85.0
1319,sympathy,2,85.0
1319,sympathy,3,85.0
1319,sympathy,4,85.0
